<a categoryid="769" class="hit-ss-logger" href="http://www.snapdeal.com/product/drreckeweggermany-r59/232149544?pos=0;62" ispartialsearch="false" pogid="232149544" pos="0;62" v="p">
<div atl="Dr.Reckeweg-Germany R59 - Weight Loss Drops" class="product-image">
<img border="0" class="lazy-effect" src="http://n4.sdlcdn.com/imgs/a/f/v/166x194/SDL577537075_1383286001_image1-aa76d.jpg" style=""/>
</div>
<div class="product_grid_cont_heading">
				Dr.Reckeweg-Germany R59 - Weight Loss Drops</div>
<div class="ratingStarsSmall ratingStarsBelowTitle" pos="2.5" style="background-position: 0px -90px; "><span>(4)</span></div>
<script type="text/javascript">
						var ratingState = true;
					</script>
<div class="product_grid_cont_price_outer">
<div class="product_price ">
<span class="originalprice ">Rs
									200</span> Rs 189
							</div>
<div class="product_discount_outer ">
<div class="product_discount">
									6%
								</div>
</div>
</div>
<div class="cod-ico"><label class="lang">Cash on Delivery Available</label></div>
</a>
<a categoryid="769" class="hit-ss-logger" href="http://www.snapdeal.com/product/drreckeweggermany-r89/1910536138?pos=1;62" ispartialsearch="false" pogid="1910536138" pos="1;62" v="p">
<div atl="Dr.Reckeweg-Germany R89 - Hair Care Drops" class="product-image">
<img border="0" class="lazy-effect" src="http://n3.sdlcdn.com/imgs/a/f/v/166x194/SDL577815824_1383286052_image1-d9f64.jpg" style=""/>
</div>
<div class="product_grid_cont_heading">
				Dr.Reckeweg-Germany R89 - Hair Care Drops</div>
<div class="ratingStarsSmall ratingStarsBelowTitle" pos="5.0" style="background-position: 0px -180px; "><span>(4)</span></div>
<script type="text/javascript">
						var ratingState = true;
					</script>
<div class="product_grid_cont_price_outer">
<div class="product_price ">
<span class="originalprice ">Rs
									230</span> Rs 221
							</div>
<div class="product_discount_outer ">
<div class="product_discount">
									4%
								</div>
</div>
</div>
<div class="cod-ico"><label class="lang">Cash on Delivery Available</label></div>
</a>
<a categoryid="769" class="hit-ss-logger" href="http://www.snapdeal.com/product/drreckeweggermany-r53/364543992?pos=2;62" ispartialsearch="false" pogid="364543992" pos="2;62" v="p">
<div atl="Dr.Reckeweg-Germany R53 - Acne Vulgaris and Pimples" class="product-image">
<img border="0" class="lazy-effect" src="http://n1.sdlcdn.com/imgs/a/f/v/166x194/SDL569415820_1383286046_image1-65846.jpg" style=""/>
</div>
<div class="product_grid_cont_heading">
				Dr.Reckeweg-Germany R53 - Acne Vulgaris and Pimples</div>
<div class="ratingStarsSmall ratingStarsBelowTitle" pos="4.7" style="background-position: 0px -162px; "><span>(3)</span></div>
<script type="text/javascript">
						var ratingState = true;
					</script>
<div class="product_grid_cont_price_outer">
<div class="product_price ">
<span class="originalprice ">Rs
									200</span> Rs 189
							</div>
<div class="product_discount_outer ">
<div class="product_discount">
									6%
								</div>
</div>
</div>
<div class="cod-ico"><label class="lang">Cash on Delivery Available</label></div>
</a>
<a categoryid="769" class="hit-ss-logger" href="http://www.snapdeal.com/product/drreckeweggermany-r16/568708381?pos=3;62" ispartialsearch="false" pogid="568708381" pos="3;62" v="p">
<div atl="Dr.Reckeweg-Germany R16 - Migraine and Headache Drops" class="product-image">
<img border="0" class="lazy-effect" src="http://n3.sdlcdn.com/imgs/a/f/v/166x194/SDL567586753_1383286025_image1-62c1b.jpg" style=""/>
</div>
<div class="product_grid_cont_heading">
				Dr.Reckeweg-Germany R16 - Migraine and Headache Drops</div>
<div class="ratingStarsSmall ratingStarsBelowTitle" pos="5.0" style="background-position: 0px -180px; "><span>(1)</span></div>
<script type="text/javascript">
						var ratingState = true;
					</script>
<div class="product_grid_cont_price_outer">
<div class="product_price ">
<span class="originalprice ">Rs
									200</span> Rs 189
							</div>
<div class="product_discount_outer ">
<div class="product_discount">
									6%
								</div>
</div>
</div>
<div class="cod-ico"><label class="lang">Cash on Delivery Available</label></div>
</a>
<a categoryid="769" class="hit-ss-logger" href="http://www.snapdeal.com/product/drreckeweggermany-r45/852599572?pos=4;62" ispartialsearch="false" pogid="852599572" pos="4;62" v="p">
<div atl="Dr.Reckeweg-Germany R45 - Voice Hoarseness-illness of the larynx" class="product-image">
<img border="0" class="lazy-effect" src="http://n3.sdlcdn.com/imgs/a/f/v/166x194/SDL582839608_1383286026_image1-7b519.jpg" style=""/>
</div>
<div class="product_grid_cont_heading">
				Dr.Reckeweg-Germany R45 - Voice Hoarseness-illness of the larynx</div>
<div class="product_grid_cont_price_outer">
<div class="product_price ">
<span class="originalprice ">Rs
									200</span> Rs 189
							</div>
<div class="product_discount_outer ">
<div class="product_discount">
									6%
								</div>
</div>
</div>
<div class="cod-ico"><label class="lang">Cash on Delivery Available</label></div>
</a>
<a categoryid="769" class="hit-ss-logger" href="http://www.snapdeal.com/product/drreckeweggermany-calcarea-phos-6x/1266930246?pos=5;62" ispartialsearch="false" pogid="1266930246" pos="5;62" v="p">
<div atl="Dr.Reckeweg-Germany Calcarea Phos 6X - Teething Troubles in Infants" class="product-image">
<img border="0" class="lazy-effect" src="http://n4.sdlcdn.com/imgs/a/f/v/166x194/SDL564946653_1383286055_image1-57d39.jpg" style=""/>
</div>
<div class="product_grid_cont_heading">
				Dr.Reckeweg-Germany Calcarea Phos 6X - Teething Troubles in Infants</div>
<div class="product_grid_cont_price_outer">
<div class="product_price ">
<span class="originalprice ">Rs
									135</span> Rs 125
							</div>
<div class="product_discount_outer ">
<div class="product_discount">
									7%
								</div>
</div>
</div>
<div class="cod-ico"><label class="lang">Cash on Delivery Available</label></div>
</a>
<a categoryid="769" class="hit-ss-logger" href="http://www.snapdeal.com/product/drreckeweggermany-r13/313058514?pos=6;62" ispartialsearch="false" pogid="313058514" pos="6;62" v="p">
<div atl="Dr.Reckeweg-Germany R13 - Piles Drops" class="product-image">
<img border="0" class="lazy-effect" src="http://n4.sdlcdn.com/imgs/a/f/v/166x194/SDL571626011_1383285991_image1-07073.jpg" style=""/>
</div>
<div class="product_grid_cont_heading">
				Dr.Reckeweg-Germany R13 - Piles Drops</div>
<div class="ratingStarsSmall ratingStarsBelowTitle" pos="4.7" style="background-position: 0px -162px; "><span>(3)</span></div>
<script type="text/javascript">
						var ratingState = true;
					</script>
<div class="product_grid_cont_price_outer">
<div class="product_price ">
<span class="originalprice ">Rs
									200</span> Rs 189
							</div>
<div class="product_discount_outer ">
<div class="product_discount">
									6%
								</div>
</div>
</div>
<div class="cod-ico"><label class="lang">Cash on Delivery Available</label></div>
</a>
<a categoryid="769" class="hit-ss-logger" href="http://www.snapdeal.com/product/drreckeweggermany-r40/414593505?pos=7;62" ispartialsearch="false" pogid="414593505" pos="7;62" v="p">
<div atl="Dr.Reckeweg-Germany R40 - Diabetes Drops" class="product-image">
<img border="0" class="lazy-effect" src="http://n2.sdlcdn.com/imgs/a/f/v/166x194/SDL567951960_1383286037_image1-64480.jpg" style=""/>
</div>
<div class="product_grid_cont_heading">
				Dr.Reckeweg-Germany R40 - Diabetes Drops</div>
<div class="ratingStarsSmall ratingStarsBelowTitle" pos="5.0" style="background-position: 0px -180px; "><span>(3)</span></div>
<script type="text/javascript">
						var ratingState = true;
					</script>
<div class="product_grid_cont_price_outer">
<div class="product_price ">
<span class="originalprice ">Rs
									200</span> Rs 189
							</div>
<div class="product_discount_outer ">
<div class="product_discount">
									6%
								</div>
</div>
</div>
<div class="cod-ico"><label class="lang">Cash on Delivery Available</label></div>
</a>
<a categoryid="769" class="hit-ss-logger" href="http://www.snapdeal.com/product/drreckeweggermany-r41/83795823?pos=8;62" ispartialsearch="false" pogid="83795823" pos="8;62" v="p">
<div atl="Dr.Reckeweg-Germany R41 - Sexual weakness Drops" class="product-image">
<img border="0" class="lazy-effect" src="http://n1.sdlcdn.com/imgs/a/f/v/166x194/SDL576531723_1383286047_image1-a0dfb.jpg" style=""/>
</div>
<div class="product_grid_cont_heading">
				Dr.Reckeweg-Germany R41 - Sexual weakness Drops</div>
<div class="ratingStarsSmall ratingStarsBelowTitle" pos="4.5" style="background-position: 0px -162px; "><span>(6)</span></div>
<script type="text/javascript">
						var ratingState = true;
					</script>
<div class="product_grid_cont_price_outer">
<div class="product_price ">
<span class="originalprice ">Rs
									200</span> Rs 189
							</div>
<div class="product_discount_outer ">
<div class="product_discount">
									6%
								</div>
</div>
</div>
<div class="cod-ico"><label class="lang">Cash on Delivery Available</label></div>
</a>
<a categoryid="769" class="hit-ss-logger" href="http://www.snapdeal.com/product/drreckeweggermany-r11/183414926?pos=9;62" ispartialsearch="false" pogid="183414926" pos="9;62" v="p">
<div atl="Dr.Reckeweg-Germany R11 - Back pain Drops" class="product-image">
<img border="0" class="lazy-effect" src="http://n1.sdlcdn.com/imgs/a/f/v/166x194/SDL577857807_1383286061_image1-0ae3c.jpg" style=""/>
</div>
<div class="product_grid_cont_heading">
				Dr.Reckeweg-Germany R11 - Back pain Drops</div>
<div class="ratingStarsSmall ratingStarsBelowTitle" pos="1.0" style="background-position: 0px -36px; "><span>(1)</span></div>
<script type="text/javascript">
						var ratingState = true;
					</script>
<div class="product_grid_cont_price_outer">
<div class="product_price ">
<span class="originalprice ">Rs
									200</span> Rs 189
							</div>
<div class="product_discount_outer ">
<div class="product_discount">
									6%
								</div>
</div>
</div>
<div class="cod-ico"><label class="lang">Cash on Delivery Available</label></div>
</a>
<a categoryid="769" class="hit-ss-logger" href="http://www.snapdeal.com/product/drreckeweggermany-r1/1409071308?pos=10;62" ispartialsearch="false" pogid="1409071308" pos="10;62" v="p">
<div atl="Dr.Reckeweg-Germany R1 - Inflammation Drops" class="product-image">
<img border="0" class="lazy-effect" src="http://n2.sdlcdn.com/imgs/a/f/v/166x194/SDL573114370_1383286068_image1-7edaf.jpg" style=""/>
</div>
<div class="product_grid_cont_heading">
				Dr.Reckeweg-Germany R1 - Inflammation Drops</div>
<div class="product_grid_cont_price_outer">
<div class="product_price ">
<span class="originalprice ">Rs
									200</span> Rs 189
							</div>
<div class="product_discount_outer ">
<div class="product_discount">
									6%
								</div>
</div>
</div>
<div class="cod-ico"><label class="lang">Cash on Delivery Available</label></div>
</a>
<a categoryid="769" class="hit-ss-logger" href="http://www.snapdeal.com/product/drreckeweggermany-cineraria-eyedrops/349956734?pos=11;62" ispartialsearch="false" pogid="349956734" pos="11;62" v="p">
<div atl="Dr.Reckeweg-Germany Cineraria Eyedrops - Eyedrops (Alcohol Free-Irritation Free)" class="product-image">
<img border="0" class="lazy-effect" src="http://n1.sdlcdn.com/imgs/a/f/v/166x194/SDL568347514_1383286032_image1-bbd23.jpg" style=""/>
</div>
<div class="product_grid_cont_heading">
				Dr.Reckeweg-Germany Cineraria Eyedrops - Eyedrops (Alcohol Free-Irritation Free)</div>
<div class="product_grid_cont_price_outer">
<div class="product_price ">
<span class="originalprice ">Rs
									145</span> Rs 134
							</div>
<div class="product_discount_outer ">
<div class="product_discount">
									8%
								</div>
</div>
</div>
<div class="cod-ico"><label class="lang">Cash on Delivery Available</label></div>
</a>
<a categoryid="769" class="hit-ss-logger" href="http://www.snapdeal.com/product/drreckeweggermany-r65/2129447269?pos=12;62" ispartialsearch="false" pogid="2129447269" pos="12;62" v="p">
<div atl="Dr.Reckeweg-Germany R65 - Psoriasis Drops" class="product-image">
<img border="0" class="lazy-effect" src="http://n2.sdlcdn.com/imgs/a/f/v/166x194/SDL569708340_1383286071_image1-46222.jpg" style=""/>
</div>
<div class="product_grid_cont_heading">
				Dr.Reckeweg-Germany R65 - Psoriasis Drops</div>
<div class="ratingStarsSmall ratingStarsBelowTitle" pos="5.0" style="background-position: 0px -180px; "><span>(1)</span></div>
<script type="text/javascript">
						var ratingState = true;
					</script>
<div class="product_grid_cont_price_outer">
<div class="product_price ">
<span class="originalprice ">Rs
									200</span> Rs 189
							</div>
<div class="product_discount_outer ">
<div class="product_discount">
									6%
								</div>
</div>
</div>
<div class="cod-ico"><label class="lang">Cash on Delivery Available</label></div>
</a>
<a categoryid="769" class="hit-ss-logger" href="http://www.snapdeal.com/product/drreckeweggermany-r14/650346393?pos=13;62" ispartialsearch="false" pogid="650346393" pos="13;62" v="p">
<div atl="Dr.Reckeweg-Germany R14 - Sleep and Nerve Drops" class="product-image">
<img border="0" class="lazy-effect" src="http://n4.sdlcdn.com/imgs/a/f/v/166x194/SDL566910403_1383286081_image1-39687.jpg" style=""/>
</div>
<div class="product_grid_cont_heading">
				Dr.Reckeweg-Germany R14 - Sleep and Nerve Drops</div>
<div class="ratingStarsSmall ratingStarsBelowTitle" pos="5.0" style="background-position: 0px -180px; "><span>(1)</span></div>
<script type="text/javascript">
						var ratingState = true;
					</script>
<div class="product_grid_cont_price_outer">
<div class="product_price ">
<span class="originalprice ">Rs
									200</span> Rs 189
							</div>
<div class="product_discount_outer ">
<div class="product_discount">
									6%
								</div>
</div>
</div>
<div class="cod-ico"><label class="lang">Cash on Delivery Available</label></div>
</a>
<a categoryid="769" class="hit-ss-logger" href="http://www.snapdeal.com/product/drreckeweggermany-r54/2127183626?pos=14;62" ispartialsearch="false" pogid="2127183626" pos="14;62" v="p">
<div atl="Dr.Reckeweg-Germany R54 - Memory Drops" class="product-image">
<img border="0" class="lazy-effect" src="http://n2.sdlcdn.com/imgs/a/f/v/166x194/SDL581616777_1383286040_image1-29db1.jpg" style=""/>
</div>
<div class="product_grid_cont_heading">
				Dr.Reckeweg-Germany R54 - Memory Drops</div>
<div class="product_grid_cont_price_outer">
<div class="product_price ">
<span class="originalprice ">Rs
									200</span> Rs 189
							</div>
<div class="product_discount_outer ">
<div class="product_discount">
									6%
								</div>
</div>
</div>
<div class="cod-ico"><label class="lang">Cash on Delivery Available</label></div>
</a>
<a categoryid="769" class="hit-ss-logger" href="http://www.snapdeal.com/product/drreckeweggermany-r84/852982715?pos=15;62" ispartialsearch="false" pogid="852982715" pos="15;62" v="p">
<div atl="Dr.Reckeweg-Germany R84 - Inhalent Allergy Drops" class="product-image">
<img border="0" class="lazy-effect" src="http://n4.sdlcdn.com/imgs/a/f/v/166x194/SDL575540708_1383286050_image1-11b57.jpg" style=""/>
</div>
<div class="product_grid_cont_heading">
				Dr.Reckeweg-Germany R84 - Inhalent Allergy Drops</div>
<div class="product_grid_cont_price_outer">
<div class="product_price ">
<span class="originalprice ">Rs
									230</span> Rs 221
							</div>
<div class="product_discount_outer ">
<div class="product_discount">
									4%
								</div>
</div>
</div>
<div class="cod-ico"><label class="lang">Cash on Delivery Available</label></div>
</a>
<a categoryid="769" class="hit-ss-logger" href="http://www.snapdeal.com/product/drreckeweggermany-r73/1907203362?pos=16;62" ispartialsearch="false" pogid="1907203362" pos="16;62" v="p">
<div atl="Dr.Reckeweg-Germany R73 - Joint-Pain Drops" class="product-image">
<img border="0" class="lazy-effect" src="http://n2.sdlcdn.com/imgs/a/f/v/166x194/SDL579909834_1383286008_image1-7234f.jpg" style=""/>
</div>
<div class="product_grid_cont_heading">
				Dr.Reckeweg-Germany R73 - Joint-Pain Drops</div>
<div class="product_grid_cont_price_outer">
<div class="product_price ">
<span class="originalprice ">Rs
									200</span> Rs 189
							</div>
<div class="product_discount_outer ">
<div class="product_discount">
									6%
								</div>
</div>
</div>
<div class="cod-ico"><label class="lang">Cash on Delivery Available</label></div>
</a>
<a categoryid="769" class="hit-ss-logger" href="http://www.snapdeal.com/product/drreckeweggermany-r8/2046026299?pos=17;62" ispartialsearch="false" pogid="2046026299" pos="17;62" v="p">
<div atl="Dr.Reckeweg-Germany R8 - Cough Syrup" class="product-image">
<img border="0" class="lazy-effect" src="http://n1.sdlcdn.com/imgs/a/g/d/166x194/R8_M_1_2x_1_-60ac2.jpg" style=""/>
</div>
<div class="product_grid_cont_heading">
				Dr.Reckeweg-Germany R8 - Cough Syrup</div>
<div class="product_grid_cont_price_outer">
<div class="product_price no-float">
<span class="originalprice no-display">Rs
									370</span> Rs 370
							</div>
<div class="product_discount_outer no-display">
<div class="product_discount">
									0%
								</div>
</div>
</div>
<div class="cod-ico"><label class="lang">Cash on Delivery Available</label></div>
</a>
<a categoryid="769" class="hit-ss-logger" href="http://www.snapdeal.com/product/drreckeweggermany-r3/1187160529?pos=18;62" ispartialsearch="false" pogid="1187160529" pos="18;62" v="p">
<div atl="Dr.Reckeweg-Germany R3 - Heart Drops Blockage and Valvular" class="product-image">
<img border="0" class="lazy-effect" src="http://n3.sdlcdn.com/imgs/a/f/v/166x194/SDL570085235_1383286065_image1-0ba1e.jpg" style=""/>
</div>
<div class="product_grid_cont_heading">
				Dr.Reckeweg-Germany R3 - Heart Drops Blockage and Valvular</div>
<div class="product_grid_cont_price_outer">
<div class="product_price ">
<span class="originalprice ">Rs
									200</span> Rs 189
							</div>
<div class="product_discount_outer ">
<div class="product_discount">
									6%
								</div>
</div>
</div>
<div class="cod-ico"><label class="lang">Cash on Delivery Available</label></div>
</a>
<a categoryid="769" class="hit-ss-logger" href="http://www.snapdeal.com/product/drreckeweggermany-r43/1807678618?pos=19;62" ispartialsearch="false" pogid="1807678618" pos="19;62" v="p">
<div atl="Dr.Reckeweg-Germany R43 - Asthma Drops" class="product-image">
<img border="0" class="lazy-effect" src="http://n3.sdlcdn.com/imgs/a/f/v/166x194/SDL573794403_1383286078_image1-bec51.jpg" style=""/>
</div>
<div class="product_grid_cont_heading">
				Dr.Reckeweg-Germany R43 - Asthma Drops</div>
<div class="product_grid_cont_price_outer">
<div class="product_price ">
<span class="originalprice ">Rs
									200</span> Rs 189
							</div>
<div class="product_discount_outer ">
<div class="product_discount">
									6%
								</div>
</div>
</div>
<div class="cod-ico"><label class="lang">Cash on Delivery Available</label></div>
</a>
