<a categoryid="171" class="hit-ss-logger" href="http://www.snapdeal.com/product/cosco-ceb609-a-ellipitcal-bike/1397104?pos=0;60" ispartialsearch="false" pogid="1397104" pos="0;60" v="p">
<div atl="Cosco  CEB-609 A Ellipitcal Bike With Movable Handle Bar &amp; Meter Displays" class="product-image">
<img border="0" class="lazy-effect" src="http://n2.sdlcdn.com/imgs/a/b/o/166x194/SDL128587841_1369215513_image1-66adc.jpg" style="display:none;"/>
</div>
<div class="product_grid_cont_heading">
				Cosco  CEB-609 A Ellipitcal Bike With Movable Handle Bar &amp; Meter Displays</div>
<div class="ratingStarsSmall ratingStarsBelowTitle" pos="4.3" style="background-position: 0px 0px;"><span>(6)</span></div>
<script type="text/javascript">
						var ratingState = true;
					</script>
<div class="product_grid_cont_price_outer">
<div class="product_price ">
<span class="originalprice ">Rs
									11100</span> Rs 9435
							</div>
<div class="product_discount_outer ">
<div class="product_discount">
									15%
								</div>
</div>
</div>
<div class="cashBack"><span>Insta Cashback :</span><span class="cashBackPrice"> Rs 1110</span></div>
</a>
<a categoryid="171" class="hit-ss-logger" href="http://www.snapdeal.com/product/cosco-cebtrim-300-u-upright/1397643?pos=1;60" ispartialsearch="false" pogid="1397643" pos="1;60" v="p">
<div atl="Cosco  CEB-Trim 300 U Upright Bike With 6 Kgs. Flywheel" class="product-image">
<img border="0" class="lazy-effect" src="http://n2.sdlcdn.com/imgs/a/b/o/166x194/SDL017881285_1369221289_image1-20e66.jpg" style="display:none;"/>
</div>
<div class="product_grid_cont_heading">
				Cosco  CEB-Trim 300 U Upright Bike With 6 Kgs. Flywheel</div>
<div class="product_grid_cont_price_outer">
<div class="product_price ">
<span class="originalprice ">Rs
									15900</span> Rs 13515
							</div>
<div class="product_discount_outer ">
<div class="product_discount">
									15%
								</div>
</div>
</div>
<div class="cashBack"><span>Insta Cashback :</span><span class="cashBackPrice"> Rs 1590</span></div>
</a>
<a categoryid="171" class="hit-ss-logger" href="http://www.snapdeal.com/product/cosco-ctm510-multifunctional-treadmill-manual/1397140?pos=2;60" ispartialsearch="false" pogid="1397140" pos="2;60" v="p">
<div atl="Cosco CTM-510 Multi-Functional Treadmill (Manual 4 In 1 )" class="product-image">
<img border="0" class="lazy-effect" src="http://n2.sdlcdn.com/imgs/a/b/o/166x194/SDL126048636_1369215524_image1-031df.jpg" style="display:none;"/>
</div>
<div class="product_grid_cont_heading">
				Cosco CTM-510 Multi-Functional Treadmill (Manual 4 In 1 )</div>
<div class="ratingStarsSmall ratingStarsBelowTitle" pos="3.8" style="background-position: 0px 0px;"><span>(4)</span></div>
<script type="text/javascript">
						var ratingState = true;
					</script>
<div class="product_grid_cont_price_outer">
<div class="product_price ">
<span class="originalprice ">Rs
									16000</span> Rs 13600
							</div>
<div class="product_discount_outer ">
<div class="product_discount">
									15%
								</div>
</div>
</div>
<div class="cashBack"><span>Insta Cashback :</span><span class="cashBackPrice"> Rs 1600</span></div>
</a>
<a categoryid="171" class="hit-ss-logger" href="http://www.snapdeal.com/product/cosco-jkversa-med-x12-commercial/1397168?pos=3;60" ispartialsearch="false" pogid="1397168" pos="3;60" v="p">
<div atl="Cosco Jk-Versa Med X1.2 Commercial Motorised Treadmill With Sts Technology (Patented)" class="product-image">
<img border="0" class="lazy-effect" src="http://n1.sdlcdn.com/imgs/a/b/o/166x194/SDL152455434_1369215528_image1-cfc0b.jpg" style="display:none;"/>
</div>
<div class="product_grid_cont_heading">
				Cosco Jk-Versa Med X1.2 Commercial Motorised Treadmill With Sts Technology (Patented)</div>
<div class="product_grid_cont_price_outer">
<div class="product_price ">
<span class="originalprice ">Rs
									88000</span> Rs 74800
							</div>
<div class="product_discount_outer ">
<div class="product_discount">
									15%
								</div>
</div>
</div>
<div class="cashBack"><span>Insta Cashback :</span><span class="cashBackPrice"> Rs 8800</span></div>
</a>
<a categoryid="171" class="hit-ss-logger" href="http://www.snapdeal.com/product/cosco-crw903-power-rower-360/1397160?pos=4;60" ispartialsearch="false" pogid="1397160" pos="4;60" v="p">
<div atl="Cosco CRW-903 Power Rower (360 Rotation) With Meter" class="product-image">
<img border="0" class="lazy-effect" src="http://n3.sdlcdn.com/imgs/a/b/o/166x194/SDL127040829_1369215501_image1-1e38b.jpg" style="display:none;"/>
</div>
<div class="product_grid_cont_heading">
				Cosco CRW-903 Power Rower (360 Rotation) With Meter</div>
<div class="product_grid_cont_price_outer">
<div class="product_price ">
<span class="originalprice ">Rs
									15950</span> Rs 13558
							</div>
<div class="product_discount_outer ">
<div class="product_discount">
									15%
								</div>
</div>
</div>
<div class="cashBack"><span>Insta Cashback :</span><span class="cashBackPrice"> Rs 1595</span></div>
</a>
<a categoryid="171" class="hit-ss-logger" href="http://www.snapdeal.com/product/cosco-cmtmsx4444-motorised-treadmill-with/1397164?pos=5;60" ispartialsearch="false" pogid="1397164" pos="5;60" v="p">
<div atl="Cosco CMTM-Sx-4444 Motorised Treadmill With 3.0 Hp Dc Motor" class="product-image">
<img border="0" class="lazy-effect" src="http://n3.sdlcdn.com/imgs/a/b/o/166x194/SDL145844010_1369215525_image1-2d96b.jpg" style="display:none;"/>
</div>
<div class="product_grid_cont_heading">
				Cosco CMTM-Sx-4444 Motorised Treadmill With 3.0 Hp Dc Motor</div>
<div class="product_grid_cont_price_outer">
<div class="product_price ">
<span class="originalprice ">Rs
									75000</span> Rs 63750
							</div>
<div class="product_discount_outer ">
<div class="product_discount">
									15%
								</div>
</div>
</div>
<div class="cashBack"><span>Insta Cashback :</span><span class="cashBackPrice"> Rs 7500</span></div>
</a>
<a categoryid="171" class="hit-ss-logger" href="http://www.snapdeal.com/product/cosco-cmtmsx2222-4-in-1/1397158?pos=6;60" ispartialsearch="false" pogid="1397158" pos="6;60" v="p">
<div atl="Cosco CMTM-Sx-2222 4 - In - 1 Motorised Treadmill" class="product-image">
<img border="0" class="lazy-effect" src="http://n4.sdlcdn.com/imgs/a/c/1/166x194/SDL140949782_1373528521_image1-82dec.jpg" style="display:none;"/>
</div>
<div class="product_grid_cont_heading">
				Cosco CMTM-Sx-2222 4 - In - 1 Motorised Treadmill</div>
<div class="ratingStarsSmall ratingStarsBelowTitle" pos="2.0" style="background-position: 0px 0px;"><span>(2)</span></div>
<script type="text/javascript">
						var ratingState = true;
					</script>
<div class="product_grid_cont_price_outer">
<div class="product_price ">
<span class="originalprice ">Rs
									48000</span> Rs 40800
							</div>
<div class="product_discount_outer ">
<div class="product_discount">
									15%
								</div>
</div>
</div>
<div class="cashBack"><span>Insta Cashback :</span><span class="cashBackPrice"> Rs 4800</span></div>
</a>
<a categoryid="171" class="hit-ss-logger" href="http://www.snapdeal.com/product/cosco-chg150-r-fitness-home/1397147?pos=7;60" ispartialsearch="false" pogid="1397147" pos="7;60" v="p">
<div atl="Cosco CHG-150 R Fitness Home Gym For Multi-Exercises With Adjustable Seat (150 Lbs.)" class="product-image">
<img border="0" class="lazy-effect" src="http://n3.sdlcdn.com/imgs/a/b/o/166x194/SDL135779756_1369215485_image1-2be42.jpg" style="display:none;"/>
</div>
<div class="product_grid_cont_heading">
				Cosco CHG-150 R Fitness Home Gym For Multi-Exercises With Adjustable Seat (150 Lbs.)</div>
<div class="ratingStarsSmall ratingStarsBelowTitle" pos="5.0" style="background-position: 0px 0px;"><span>(1)</span></div>
<script type="text/javascript">
						var ratingState = true;
					</script>
<div class="product_grid_cont_price_outer">
<div class="product_price ">
<span class="originalprice ">Rs
									23000</span> Rs 19550
							</div>
<div class="product_discount_outer ">
<div class="product_discount">
									15%
								</div>
</div>
</div>
<div class="cashBack"><span>Insta Cashback :</span><span class="cashBackPrice"> Rs 2300</span></div>
</a>
<a categoryid="171" class="hit-ss-logger" href="http://www.snapdeal.com/product/cosco-cmtm4100-e-motorised-treadmill/1397151?pos=8;60" ispartialsearch="false" pogid="1397151" pos="8;60" v="p">
<div atl="Cosco CMTM-4100 E Motorised Treadmill Powered With 1.5 Hp Dc Motor" class="product-image">
<img border="0" class="lazy-effect" src="http://n3.sdlcdn.com/imgs/a/b/o/166x194/SDL146657948_1369215486_image1-e488e.jpg" style="display:none;"/>
</div>
<div class="product_grid_cont_heading">
				Cosco CMTM-4100 E Motorised Treadmill Powered With 1.5 Hp Dc Motor</div>
<div class="product_grid_cont_price_outer">
<div class="product_price ">
<span class="originalprice ">Rs
									34000</span> Rs 28900
							</div>
<div class="product_discount_outer ">
<div class="product_discount">
									15%
								</div>
</div>
</div>
<div class="cashBack"><span>Insta Cashback :</span><span class="cashBackPrice"> Rs 3400</span></div>
</a>
<a categoryid="171" class="hit-ss-logger" href="http://www.snapdeal.com/product/cosco-ceb610-fan-bike-with/1397136?pos=9;60" ispartialsearch="false" pogid="1397136" pos="9;60" v="p">
<div atl="Cosco CEB-610 Fan Bike With Movable Handle Bar &amp; Meter" class="product-image">
<img border="0" class="lazy-effect" src="http://n4.sdlcdn.com/imgs/a/b/o/166x194/SDL127174091_1369215510_image1-e70be.jpg" style="display:none;"/>
</div>
<div class="product_grid_cont_heading">
				Cosco CEB-610 Fan Bike With Movable Handle Bar &amp; Meter</div>
<div class="ratingStarsSmall ratingStarsBelowTitle" pos="4.2" style="background-position: 0px 0px;"><span>(20)</span></div>
<script type="text/javascript">
						var ratingState = true;
					</script>
<div class="product_grid_cont_price_outer">
<div class="product_price ">
<span class="originalprice ">Rs
									9900</span> Rs 8415
							</div>
<div class="product_discount_outer ">
<div class="product_discount">
									15%
								</div>
</div>
</div>
<div class="cashBack"><span>Insta Cashback :</span><span class="cashBackPrice"> Rs 990</span></div>
</a>
<a categoryid="171" class="hit-ss-logger" href="http://www.snapdeal.com/product/cosco-cebtrim-220-d-deluxe/1397128?pos=10;60" ispartialsearch="false" pogid="1397128" pos="10;60" v="p">
<div atl="Cosco  CEB-Trim 220 D Deluxe Magnetic Bike With 8 Level Tension" class="product-image">
<img border="0" class="lazy-effect" src="http://n3.sdlcdn.com/imgs/a/b/o/166x194/SDL129842811_1369215480_image1-29abb.jpg" style="display:none;"/>
</div>
<div class="product_grid_cont_heading">
				Cosco  CEB-Trim 220 D Deluxe Magnetic Bike With 8 Level Tension</div>
<div class="ratingStarsSmall ratingStarsBelowTitle" pos="4.5" style="background-position: 0px 0px;"><span>(2)</span></div>
<script type="text/javascript">
						var ratingState = true;
					</script>
<div class="product_grid_cont_price_outer">
<div class="product_price ">
<span class="originalprice ">Rs
									14300</span> Rs 12155
							</div>
<div class="product_discount_outer ">
<div class="product_discount">
									15%
								</div>
</div>
</div>
<div class="cashBack"><span>Insta Cashback :</span><span class="cashBackPrice"> Rs 1430</span></div>
</a>
<a categoryid="171" class="hit-ss-logger" href="http://www.snapdeal.com/product/cosco-cmtm4000-c-motorised-treadmill/1397129?pos=11;60" ispartialsearch="false" pogid="1397129" pos="11;60" v="p">
<div atl="Cosco CMTM-4000 C Motorised Treadmill Powered With 1.75 Hp Dc Motor" class="product-image">
<img border="0" class="lazy-effect" src="http://n1.sdlcdn.com/imgs/a/b/o/166x194/SDL147374920_1369215496_image1-9b694.jpg" style="display:none;"/>
</div>
<div class="product_grid_cont_heading">
				Cosco CMTM-4000 C Motorised Treadmill Powered With 1.75 Hp Dc Motor</div>
<div class="product_grid_cont_price_outer">
<div class="product_price ">
<span class="originalprice ">Rs
									48000</span> Rs 40800
							</div>
<div class="product_discount_outer ">
<div class="product_discount">
									15%
								</div>
</div>
</div>
<div class="cashBack"><span>Insta Cashback :</span><span class="cashBackPrice"> Rs 4800</span></div>
</a>
<a categoryid="171" class="hit-ss-logger" href="http://www.snapdeal.com/product/cosco-ceb604-a-air-bike/1397133?pos=12;60" ispartialsearch="false" pogid="1397133" pos="12;60" v="p">
<div atl="Cosco  CEB-604 A Air Bike With Movable Handle Bar &amp; Meter Displays" class="product-image">
<img border="0" class="lazy-effect" src="http://n3.sdlcdn.com/imgs/a/b/o/166x194/SDL128925654_1369215482_image1-02d37.jpg" style="display:none;"/>
</div>
<div class="product_grid_cont_heading">
				Cosco  CEB-604 A Air Bike With Movable Handle Bar &amp; Meter Displays</div>
<div class="product_grid_cont_price_outer">
<div class="product_price ">
<span class="originalprice ">Rs
									12500</span> Rs 10625
							</div>
<div class="product_discount_outer ">
<div class="product_discount">
									15%
								</div>
</div>
</div>
<div class="cashBack"><span>Insta Cashback :</span><span class="cashBackPrice"> Rs 1250</span></div>
</a>
<a categoryid="171" class="hit-ss-logger" href="http://www.snapdeal.com/product/cosco-cmtmjk7720a-motorised-treadmill-with/1397135?pos=13;60" ispartialsearch="false" pogid="1397135" pos="13;60" v="p">
<div atl="Cosco CMTM-Jk-7720A Motorised Treadmill With 2.5 Hp Dc Motor" class="product-image">
<img border="0" class="lazy-effect" src="http://n3.sdlcdn.com/imgs/a/b/o/166x194/SDL150597195_1369215527_image1-46d5c.jpg" style="display:none;"/>
</div>
<div class="product_grid_cont_heading">
				Cosco CMTM-Jk-7720A Motorised Treadmill With 2.5 Hp Dc Motor</div>
<div class="product_grid_cont_price_outer">
<div class="product_price ">
<span class="originalprice ">Rs
									62000</span> Rs 52700
							</div>
<div class="product_discount_outer ">
<div class="product_discount">
									15%
								</div>
</div>
</div>
<div class="cashBack"><span>Insta Cashback :</span><span class="cashBackPrice"> Rs 6200</span></div>
</a>
<a categoryid="171" class="hit-ss-logger" href="http://www.snapdeal.com/product/cosco-cettrim-280-magnetic-elliptical/1397125?pos=14;60" ispartialsearch="false" pogid="1397125" pos="14;60" v="p">
<div atl="Cosco CET-Trim 280 Magnetic Elliptical Trainer With 8 Level Tension Control" class="product-image">
<img border="0" class="lazy-effect" src="http://n2.sdlcdn.com/imgs/a/b/o/166x194/SDL137086702_1369215508_image1-ca7fa.jpg" style="display:none;"/>
</div>
<div class="product_grid_cont_heading">
				Cosco CET-Trim 280 Magnetic Elliptical Trainer With 8 Level Tension Control</div>
<div class="ratingStarsSmall ratingStarsBelowTitle" pos="1.7" style="background-position: 0px 0px;"><span>(3)</span></div>
<script type="text/javascript">
						var ratingState = true;
					</script>
<div class="product_grid_cont_price_outer">
<div class="product_price ">
<span class="originalprice ">Rs
									18500</span> Rs 15725
							</div>
<div class="product_discount_outer ">
<div class="product_discount">
									15%
								</div>
</div>
</div>
<div class="cashBack"><span>Insta Cashback :</span><span class="cashBackPrice"> Rs 1850</span></div>
</a>
