<a categoryid="171" class="hit-ss-logger" href="http://www.snapdeal.com/product/aquafit-aq1005-4-in-1/270856?pos=0;22" ispartialsearch="false" pogid="270856" pos="0;22" v="p">
<div atl="AquaFit AQ1005 4 in 1 Imported Manual Treadmill" class="product-image">
<img border="0" class="lazy-effect" src="http://i2.sdlcdn.com/img/product/main/230x258/AQ1005_BHASEEN_AquaFit_M_1_2x.jpg" style="opacity: 1; "/>
</div>
<div class="product_grid_cont_heading">
				AquaFit AQ1005 4 in 1 Imported Manual Treadmill</div>
<div class="ratingStarsSmall ratingStarsBelowTitle" pos="3.0" style="background-position: 0px -108px; "><span>(69)</span></div>
<script type="text/javascript">
						var ratingState = true;
					</script>
<div class="product_grid_cont_price_outer">
<div class="product_price ">
<span class="originalprice ">Rs
									14000</span> Rs 7714
							</div>
<div class="product_discount_outer ">
<div class="product_discount">
									45%
								</div>
</div>
</div>
<div class="cod-ico"><label class="lang">Cash on Delivery Available</label></div>
</a>
<a categoryid="171" class="hit-ss-logger" href="http://www.snapdeal.com/product/lifeline-manual-treadmill-exercise-cycle/1135210592?pos=1;22" ispartialsearch="false" pogid="1135210592" pos="1;22" v="p">
<div atl="Lifeline Manual Treadmill +  Exercise Cycle Combo Offer" class="product-image">
<img border="0" class="lazy-effect" src="http://n2.sdlcdn.com/imgs/a/d/n/230x258/SDL873493585_1378897370_image1-7c075.jpg" style="opacity: 1; "/>
</div>
<div class="product_grid_cont_heading">
				Lifeline Manual Treadmill +  Exercise Cycle Combo Offer</div>
<div class="ratingStarsSmall ratingStarsBelowTitle" pos="4.2" style="background-position: 0px -162px; "><span>(9)</span></div>
<script type="text/javascript">
						var ratingState = true;
					</script>
<div class="product_grid_cont_price_outer">
<div class="product_price ">
<span class="originalprice ">Rs
									13792</span> Rs 9510
							</div>
<div class="product_discount_outer ">
<div class="product_discount">
									31%
								</div>
</div>
</div>
</a>
<a categoryid="171" class="hit-ss-logger" href="http://www.snapdeal.com/product/kamachi-branded-4-in-1/435212?pos=2;22" ispartialsearch="false" pogid="435212" pos="2;22" v="p">
<div atl="Kamachi Branded 4 In 1 Manual Treadmill Jogger" class="product-image">
<img border="0" class="lazy-effect" src="http://i3.sdlcdn.com/img/product/main/230x258/104757_Sportshubb_KAMACHI_M_1_2x.jpg" style="opacity: 1; "/>
<div class="shippingImage tooltip">
<span class="box">
<span class="arw"></span>
<label class="dispatched-one-day-lang">Dispatched in 1 business day</label>
</span>
</div>
</div>
<div class="product_grid_cont_heading">
				Kamachi Branded 4 In 1 Manual Treadmill Jogger</div>
<div class="ratingStarsSmall ratingStarsBelowTitle" pos="3.4" style="background-position: 0px -126px; "><span>(40)</span></div>
<script type="text/javascript">
						var ratingState = true;
					</script>
<div class="product_grid_cont_price_outer">
<div class="product_price ">
<span class="originalprice ">Rs
									16600</span> Rs 9254
							</div>
<div class="product_discount_outer ">
<div class="product_discount">
									44%
								</div>
</div>
</div>
<div class="cod-ico"><label class="lang">Cash on Delivery Available</label></div>
</a>
<a categoryid="171" class="hit-ss-logger" href="http://www.snapdeal.com/product/kamachi-6-in-1-manual/1382117?pos=3;22" ispartialsearch="false" pogid="1382117" pos="3;22" v="p">
<div atl="Kamachi 6 in 1 Manual Treadmill" class="product-image">
<img border="0" class="lazy-effect" src="http://n4.sdlcdn.com/imgs/a/b/n/230x258/SDL748904360_1368530062_image1-dd80d.jpg" style="opacity: 1; "/>
</div>
<div class="product_grid_cont_heading">
				Kamachi 6 in 1 Manual Treadmill</div>
<div class="ratingStarsSmall ratingStarsBelowTitle" pos="2.7" style="background-position: 0px -90px; "><span>(11)</span></div>
<script type="text/javascript">
						var ratingState = true;
					</script>
<div class="product_grid_cont_price_outer">
<div class="product_price ">
<span class="originalprice ">Rs
									24000</span> Rs 13233
							</div>
<div class="product_discount_outer ">
<div class="product_discount">
									45%
								</div>
</div>
</div>
<div class="cod-ico"><label class="lang">Cash on Delivery Available</label></div>
</a>
<a categoryid="171" class="hit-ss-logger" href="http://www.snapdeal.com/product/lifeline-imported-lifeline-2-in/881792944?pos=4;22" ispartialsearch="false" pogid="881792944" pos="4;22" v="p">
<div atl="Lifeline 2 in 1 Manual Treadmill for home use" class="product-image">
<img border="0" class="lazy-effect" src="http://n4.sdlcdn.com/imgs/a/c/5/230x258/SDL278084773_1374833967_image1-c52ee.jpg" style="opacity: 1; "/>
</div>
<div class="product_grid_cont_heading">
				Lifeline 2 in 1 Manual Treadmill for home use</div>
<div class="ratingStarsSmall ratingStarsBelowTitle" pos="3.5" style="background-position: 0px -126px; "><span>(2)</span></div>
<script type="text/javascript">
						var ratingState = true;
					</script>
<div class="product_grid_cont_price_outer">
<div class="product_price ">
<span class="originalprice ">Rs
									9333</span> Rs 5919
							</div>
<div class="product_discount_outer ">
<div class="product_discount">
									37%
								</div>
</div>
</div>
</a>
<a categoryid="171" class="hit-ss-logger" href="http://www.snapdeal.com/product/cosco-ctm510-multifunctional-treadmill-manual/1397140?pos=5;22" ispartialsearch="false" pogid="1397140" pos="5;22" v="p">
<div atl="Cosco CTM-510 Multi-Functional Treadmill (Manual 4 In 1 )" class="product-image">
<img border="0" class="lazy-effect" src="http://n2.sdlcdn.com/imgs/a/b/o/230x258/SDL126048636_1369215524_image1-031df.jpg" style="opacity: 1; "/>
</div>
<div class="product_grid_cont_heading">
				Cosco CTM-510 Multi-Functional Treadmill (Manual 4 In 1 )</div>
<div class="ratingStarsSmall ratingStarsBelowTitle" pos="3.8" style="background-position: 0px -144px; "><span>(4)</span></div>
<script type="text/javascript">
						var ratingState = true;
					</script>
<div class="product_grid_cont_price_outer">
<div class="product_price ">
<span class="originalprice ">Rs
									16000</span> Rs 13600
							</div>
<div class="product_discount_outer ">
<div class="product_discount">
									15%
								</div>
</div>
</div>
<div class="cashBack"><span>Insta Cashback :</span><span class="cashBackPrice"> Rs 1600</span></div>
</a>
<a categoryid="171" class="hit-ss-logger" href="http://www.snapdeal.com/product/kamachi-2-in-1-manual/1382110?pos=6;22" ispartialsearch="false" pogid="1382110" pos="6;22" v="p">
<div atl="Kamachi 2 in 1 Manual Treadmill" class="product-image">
<img border="0" class="lazy-effect" src="http://n3.sdlcdn.com/imgs/a/d/x/230x258/SDL747358226_1368607048_image1-04b14.jpg" style="opacity: 1; "/>
<div class="shippingImage tooltip">
<span class="box">
<span class="arw"></span>
<label class="dispatched-one-day-lang">Dispatched in 1 business day</label>
</span>
</div>
</div>
<div class="product_grid_cont_heading">
				Kamachi 2 in 1 Manual Treadmill</div>
<div class="ratingStarsSmall ratingStarsBelowTitle" pos="4.0" style="background-position: 0px -144px; "><span>(11)</span></div>
<script type="text/javascript">
						var ratingState = true;
					</script>
<div class="product_grid_cont_price_outer">
<div class="product_price ">
<span class="originalprice ">Rs
									13600</span> Rs 8263
							</div>
<div class="product_discount_outer ">
<div class="product_discount">
									39%
								</div>
</div>
</div>
<div class="cod-ico"><label class="lang">Cash on Delivery Available</label></div>
</a>
<a categoryid="171" class="hit-ss-logger" href="http://www.snapdeal.com/product/lifeline-imported-lifeline-4-in/1372546395?pos=7;22" ispartialsearch="false" pogid="1372546395" pos="7;22" v="p">
<div atl="Lifeline 4 in 1 Manual Multifunctional Treadmill Delux" class="product-image">
<img border="0" class="lazy-effect" src="http://n4.sdlcdn.com/imgs/a/e/f/230x258/SDL277414292_1374833958_image1-e1225.jpg" style="opacity: 1; "/>
</div>
<div class="product_grid_cont_heading">
				Lifeline 4 in 1 Manual Multifunctional Treadmill Delux</div>
<div class="product_grid_cont_price_outer">
<div class="product_price ">
<span class="originalprice ">Rs
									13000</span> Rs 8337
							</div>
<div class="product_discount_outer ">
<div class="product_discount">
									36%
								</div>
</div>
</div>
</a>
<a categoryid="171" class="hit-ss-logger" href="http://www.snapdeal.com/product/propel-fitness-manual-treadmill-for/1375420074?pos=8;22" ispartialsearch="false" pogid="1375420074" pos="8;22" v="p">
<div atl="Propel Fitness Manual Treadmill For Exercise" class="product-image">
<img border="0" class="lazy-effect" src="http://n3.sdlcdn.com/imgs/a/g/y/230x258/SDL402356104_1390295373_image1-c4da9.jpg" style="opacity: 1; "/>
<div class="shippingImage tooltip">
<span class="box">
<span class="arw"></span>
<label class="dispatched-one-day-lang">Dispatched in 1 business day</label>
</span>
</div>
</div>
<div class="product_grid_cont_heading">
				Propel Fitness Manual Treadmill For Exercise</div>
<div class="product_grid_cont_price_outer">
<div class="product_price ">
<span class="originalprice ">Rs
									89900</span> Rs 71920
							</div>
<div class="product_discount_outer ">
<div class="product_discount">
									20%
								</div>
</div>
</div>
</a>
<a categoryid="171" class="hit-ss-logger" href="http://www.snapdeal.com/product/profit-j888-manual-treadmill/1674274694?pos=9;22" ispartialsearch="false" pogid="1674274694" pos="9;22" v="p">
<div atl="Profit J888 Manual Treadmill" class="product-image">
<img border="0" class="lazy-effect" src="http://n4.sdlcdn.com/imgs/a/g/0/230x258/SDL598369934_1390558574_image1-666cf.jpg" style="opacity: 1; "/>
</div>
<div class="product_grid_cont_heading">
				Profit J888 Manual Treadmill</div>
<div class="product_grid_cont_price_outer">
<div class="product_price ">
<span class="originalprice ">Rs
									15999</span> Rs 11330
							</div>
<div class="product_discount_outer ">
<div class="product_discount">
									29%
								</div>
</div>
</div>
<div class="cod-ico"><label class="lang">Cash on Delivery Available</label></div>
</a>
<a categoryid="171" class="hit-ss-logger" href="http://www.snapdeal.com/product/toppro-4-in-1-manual/1257323?pos=10;22" ispartialsearch="false" pogid="1257323" pos="10;22" v="p">
<div atl="Toppro 4 In 1 Manual Treadmill Jogger" class="product-image">
<img border="0" class="lazy-effect" src="http://n3.sdlcdn.com/imgs/a/e/3/230x258/SDL043047916_1366198202_image1-fd688.jpg" style="opacity: 1; "/>
<div class="shippingImage tooltip">
<span class="box">
<span class="arw"></span>
<label class="dispatched-one-day-lang">Dispatched in 1 business day</label>
</span>
</div>
</div>
<div class="product_grid_cont_heading">
				Toppro 4 In 1 Manual Treadmill Jogger</div>
<div class="ratingStarsSmall ratingStarsBelowTitle" pos="3.2" style="background-position: 0px -126px; "><span>(6)</span></div>
<script type="text/javascript">
						var ratingState = true;
					</script>
<div class="product_grid_cont_price_outer">
<div class="product_price ">
<span class="originalprice ">Rs
									14500</span> Rs 11125
							</div>
<div class="product_discount_outer ">
<div class="product_discount">
									23%
								</div>
</div>
</div>
</a>
<a categoryid="171" class="hit-ss-logger" href="http://www.snapdeal.com/product/zeal-imported-4-in-1/1397342?pos=11;22" ispartialsearch="false" pogid="1397342" pos="11;22" v="p">
<div atl="Zeal Imported 4 in 1 Manual Treadmill ZE-1100 with Touch Screen LCD Panel" class="product-image">
<img border="0" class="lazy-effect" src="http://n1.sdlcdn.com/imgs/a/b/o/230x258/SDL377511371_1369216737_image1-1371e.jpg" style="opacity: 1; "/>
</div>
<div class="product_grid_cont_heading">
				Zeal Imported 4 in 1 Manual Treadmill ZE-1100 with Touch Screen LCD Panel</div>
<div class="product_grid_cont_price_outer">
<div class="product_price ">
<span class="originalprice ">Rs
									15400</span> Rs 10191
							</div>
<div class="product_discount_outer ">
<div class="product_discount">
									34%
								</div>
</div>
</div>
</a>
<a categoryid="171" class="hit-ss-logger" href="http://www.snapdeal.com/product/lifeline-manual-treadmill-walk-or/435228?pos=12;22" ispartialsearch="false" pogid="435228" pos="12;22" v="p">
<div atl="Lifeline Manual Treadmill Walk Or Run Foldable Jogger Fitness Loose Weight" class="product-image">
<img border="0" class="lazy-effect" src="http://n3.sdlcdn.com/imgs/a/a/k/230x258/104759_Sportshubb_LIFELINE_M_1_2x-dd046.jpg" style="opacity: 1; "/>
</div>
<div class="product_grid_cont_heading">
				Lifeline Manual Treadmill Walk Or Run Foldable Jogger Fitness Loose Weight</div>
<div class="ratingStarsSmall ratingStarsBelowTitle" pos="3.2" style="background-position: 0px -126px; "><span>(44)</span></div>
<script type="text/javascript">
						var ratingState = true;
					</script>
<div class="product_grid_cont_price_outer">
<div class="product_price no-float">
<span class="originalprice no-display">Rs
									7500</span> Rs 7500
							</div>
<div class="product_discount_outer no-display">
<div class="product_discount">
									0%
								</div>
</div>
</div>
</a>
<a categoryid="171" class="hit-ss-logger" href="http://www.snapdeal.com/product/lifeline-4-in-1-manual/435230?pos=13;22" ispartialsearch="false" pogid="435230" pos="13;22" v="p">
<div atl="Lifeline 4 In 1 Manual Treadmill , Jogger Twister Stepper P. Bars" class="product-image">
<img border="0" class="lazy-effect" src="http://n4.sdlcdn.com/imgs/a/a/k/230x258/104748_Sportshubb_LIFELINE_M_1_2x-15d9f.jpg" style="opacity: 1; "/>
</div>
<div class="product_grid_cont_heading">
				Lifeline 4 In 1 Manual Treadmill , Jogger Twister Stepper P. Bars</div>
<div class="ratingStarsSmall ratingStarsBelowTitle" pos="2.0" style="background-position: 0px -72px; "><span>(3)</span></div>
<script type="text/javascript">
						var ratingState = true;
					</script>
<div class="product_grid_cont_price_outer">
<div class="product_price ">
<span class="originalprice ">Rs
									14000</span> Rs 9731
							</div>
<div class="product_discount_outer ">
<div class="product_discount">
									30%
								</div>
</div>
</div>
</a>
<a categoryid="171" class="hit-ss-logger" href="http://www.snapdeal.com/product/aquafit-aq999-magnetic-heavy-belt/270855?pos=14;22" ispartialsearch="false" pogid="270855" pos="14;22" v="p">
<div atl="AquaFit AQ999 Magnetic Heavy Belt Manual Treadmill(40 cm x 250 cm)" class="product-image">
<img border="0" class="lazy-effect" src="http://i3.sdlcdn.com/img/product/main/230x258/AQ999_BHASEEN_AquaFit_M_1_2x.jpg" style="opacity: 1; "/>
</div>
<div class="product_grid_cont_heading">
				AquaFit AQ999 Magnetic Heavy Belt Manual Treadmill(40 cm x 250 cm)</div>
<div class="product_grid_cont_price_outer">
<div class="product_price ">
<span class="originalprice ">Rs
									22000</span> Rs 11601
							</div>
<div class="product_discount_outer ">
<div class="product_discount">
									47%
								</div>
</div>
</div>
</a>
<a categoryid="159" class="hit-ss-logger" href="http://www.snapdeal.com/product/baspo-f108-roller-treadmill/270858?pos=15;22" ispartialsearch="false" pogid="270858" pos="15;22" v="p"><div alt="Baspo F108 Roller Treadmill" atl="Baspo F108 Roller Treadmill" class="product-image"><img border="0" class="" lazysrc="http://i3.sdlcdn.com/img/product/main/230x258/F108_BHASEEN_Baspo_M_1_2x.jpg" src="http://i3.sdlcdn.com/img/product/main/230x258/F108_BHASEEN_Baspo_M_1_2x.jpg" style="opacity: 1; "/></div><div class="product_grid_cont_heading">Baspo F108 Roller Treadmill</div><div class="product_grid_cont_price_outer"><div class="product_price "><span class="originalprice ">Rs 22000</span>  Rs 15218</div><div class="product_discount_outer"><div class="product_discount">31%</div></div></div></a>
<a categoryid="159" class="hit-ss-logger" href="http://www.snapdeal.com/product/aquafit-aq909-imported-five-window/270860?pos=16;22" ispartialsearch="false" pogid="270860" pos="16;22" v="p"><div alt="AquaFit AQ909 Imported Five Window Computer Manual Treadmill" atl="AquaFit AQ909 Imported Five Window Computer Manual Treadmill" class="product-image"><img border="0" src="http://n3.sdlcdn.com/imgs/a/a/z/230x258/AQ909_BHASEEN_AquaFit_M_1_2xnew_n-15229.jpg" style="opacity: 1; "/><div class="shippingImage tooltip"><span class="box"><span class="arw"></span><label class="lang dispatched-one-day-lang">Dispatched in 1 business day</label></span></div></div><div class="product_grid_cont_heading">AquaFit AQ909 Imported Five Window Computer Manual Treadmill</div><div class="ratingStarsSmall ratingStarsBelowTitle" style="background-position: 0px -162px;"><span> (3) </span></div><div class="product_grid_cont_price_outer"><div class="product_price "><span class="originalprice ">Rs 12000</span>  Rs 8501</div><div class="product_discount_outer"><div class="product_discount">29%</div></div></div><div class="cod-ico"><label class="lang">Cash on Delivery Available</label></div></a>
<a categoryid="159" class="hit-ss-logger" href="http://www.snapdeal.com/product/fit-next-taiwan-grey-manual/248075674?pos=17;22" ispartialsearch="false" pogid="248075674" pos="17;22" v="p"><div alt="Fit Next Taiwan Grey Manual Treadmill With Multi Function" atl="Fit Next Taiwan Grey Manual Treadmill With Multi Function" class="product-image"><img border="0" class="" lazysrc="http://n4.sdlcdn.com/imgs/a/c/3/230x258/SDL454874938_1374149933_image1-d1ccd.JPG" src="http://n4.sdlcdn.com/imgs/a/c/3/230x258/SDL454874938_1374149933_image1-d1ccd.JPG" style="opacity: 1; "/></div><div class="product_grid_cont_heading">Fit Next Taiwan Grey Manual Treadmill With Multi Function</div><div class="ratingStarsSmall ratingStarsBelowTitle" style="background-position: 0px -72px;"><span> (5) </span></div><div class="product_grid_cont_price_outer"><div class="product_price "><span class="originalprice ">Rs 17100</span>  Rs 10666</div><div class="product_discount_outer"><div class="product_discount">38%</div></div></div><div class="cod-ico"><label class="lang">Cash on Delivery Available</label></div></a>
<a categoryid="159" class="hit-ss-logger" href="http://www.snapdeal.com/product/pro-bodyline-4-in-1/719660625?pos=18;22" ispartialsearch="false" pogid="719660625" pos="18;22" v="p"><div alt="Pro Bodyline 4 in 1 Manual Treadmill-904" atl="Pro Bodyline 4 in 1 Manual Treadmill-904" class="product-image"><img border="0" class="" lazysrc="http://n3.sdlcdn.com/imgs/a/d/g/230x258/SDL852118082_1378473305_image1-24584.jpg" src="http://n3.sdlcdn.com/imgs/a/d/g/230x258/SDL852118082_1378473305_image1-24584.jpg" style="opacity: 1; "/></div><div class="product_grid_cont_heading">Pro Bodyline 4 in 1 Manual Treadmill-904</div><div class="product_grid_cont_price_outer"><div class="product_price "><span class="originalprice ">Rs 16990</span>  Rs 14350</div><div class="product_discount_outer"><div class="product_discount">16%</div></div></div></a>
<a categoryid="159" class="hit-ss-logger" href="http://www.snapdeal.com/product/novafit-1001-manual-treadmill/593245?pos=19;22" ispartialsearch="false" pogid="593245" pos="19;22" v="p"><div alt="Novafit 1001 Manual Treadmill" atl="Novafit 1001 Manual Treadmill" class="product-image"><img border="0" class="" lazysrc="http://i2.sdlcdn.com/img/product/main/230x258/NF1001_ONESTOP_Novafit_M_1_2x.jpg" src="http://i2.sdlcdn.com/img/product/main/230x258/NF1001_ONESTOP_Novafit_M_1_2x.jpg" style="opacity: 1; "/></div><div class="product_grid_cont_heading">Novafit 1001 Manual Treadmill</div><div class="ratingStarsSmall ratingStarsBelowTitle" style="background-position: 0px -36px;"><span> (1) </span></div><div class="product_grid_cont_price_outer"><div class="product_price "><span class="originalprice ">Rs 13700</span>  Rs 7973</div><div class="product_discount_outer"><div class="product_discount">42%</div></div></div></a>
<a categoryid="159" class="hit-ss-logger" href="http://www.snapdeal.com/product/novafit-1004-multi-functional-4/593250?pos=20;22" ispartialsearch="false" pogid="593250" pos="20;22" v="p"><div alt="Novafit 1004 Multi Functional 4 IN 1 Manual Treadmill" atl="Novafit 1004 Multi Functional 4 IN 1 Manual Treadmill" class="product-image"><img border="0" class="" lazysrc="http://i3.sdlcdn.com/img/product/main/230x258/NF1004_ONESTOP_Novafit_M_1_2x.jpg" src="http://i3.sdlcdn.com/img/product/main/230x258/NF1004_ONESTOP_Novafit_M_1_2x.jpg" style="opacity: 1; "/></div><div class="product_grid_cont_heading">Novafit 1004 Multi Functional 4 IN 1 Manual Treadmill</div><div class="ratingStarsSmall ratingStarsBelowTitle" style="background-position: 0px -108px;"><span> (20) </span></div><div class="product_grid_cont_price_outer"><div class="product_price "><span class="originalprice ">Rs 16500</span>  Rs 10276</div><div class="product_discount_outer"><div class="product_discount">38%</div></div></div></a>
<a categoryid="159" class="hit-ss-logger" href="http://www.snapdeal.com/product/lifeline-manual-treadmill-ab-care/1753686905?pos=21;22" ispartialsearch="false" pogid="1753686905" pos="21;22" v="p"><div alt="Lifeline Manual Treadmill + Ab  Care King Pro Combo Offer" atl="Lifeline Manual Treadmill + Ab  Care King Pro Combo Offer" class="product-image"><img border="0" class="" lazysrc="http://n4.sdlcdn.com/imgs/a/e/f/230x258/SDL873384979_1378897277_image1-e82aa.jpg" src="http://n4.sdlcdn.com/imgs/a/e/f/230x258/SDL873384979_1378897277_image1-e82aa.jpg" style="opacity: 1; "/></div><div class="product_grid_cont_heading">Lifeline Manual Treadmill + Ab  Care King Pro Combo Offer</div><div class="ratingStarsSmall ratingStarsBelowTitle" style="background-position: 0px -144px;"><span> (12) </span></div><div class="product_grid_cont_price_outer"><div class="product_price "><span class="originalprice ">Rs 12158</span>  Rs 8136</div><div class="product_discount_outer"><div class="product_discount">33%</div></div></div></a>
