http://www.snapdeal.com/product/omron-nebulizer-ne-c802/1180357?pos=0;75
http://www.snapdeal.com/product/scube-multipurpose-vaporizer/1609130926?pos=1;75
http://www.snapdeal.com/product/dr-morepen-steamervaporizer-vp-02/633147?pos=2;75
http://www.snapdeal.com/product/elda-steamer-3in1-inhaler-facial/384457946?pos=3;75
http://www.snapdeal.com/product/omron-nebulizer-nec25/146768?pos=4;75
http://www.snapdeal.com/product/vaporizer-v108/680045?pos=5;75
http://www.snapdeal.com/product/scube-heating-pad-vaporizer-combo/1472512849?pos=6;75
http://www.snapdeal.com/product/equinox-steam-vaporizer/581562?pos=7;75
http://www.snapdeal.com/product/rossmax-nebulizer-na100/600204?pos=8;75
http://www.snapdeal.com/product/romsons-respirometer-spirometer-mediciser/609650?pos=9;75
http://www.snapdeal.com/product/omron-nebulizer-nec28/146775?pos=10;75
http://www.snapdeal.com/product/dr-morepen-vaporiser-vp-01/595098?pos=11;75
http://www.snapdeal.com/product/rossmax-grey-rossmax-nebulizer-piston/680041?pos=12;75
http://www.snapdeal.com/product/scube-combo-of-hot-water/917746806?pos=13;75
http://www.snapdeal.com/product/ozomax-compact-vaporizer/749052382?pos=14;75
http://www.snapdeal.com/product/san-surgicals-nebulizer-handy-neb/1005991296?pos=15;75
http://www.snapdeal.com/product/equinox-steam-vaporizer-hot-water/631508?pos=16;75
http://www.snapdeal.com/product/dr-morepen-cn-01-nebuliser/595097?pos=17;75
http://www.snapdeal.com/product/san-surgicals-nebulizer-kit-adult/448890466?pos=18;75
http://www.snapdeal.com/product/presens-medical-vaporizer-steam-inhaler/1354893?pos=19;75
