<a categoryid="160" class="hit-ss-logger" href="http://www.snapdeal.com/product/cliff-climbers-sleeping-bag-cocoon/1172688430?pos=0;72" ispartialsearch="false" pogid="1172688430" pos="0;72" v="p">
<div atl="Cliff Climbers Sleeping Bag Cocoon Sleeping Bag" class="product-image">
<img border="0" class="lazy-effect" src="http://n3.sdlcdn.com/imgs/a/e/2/166x194/SDL893585025_1382097629_image1-78554.jpg" style="opacity: 1; "/>
<div class="shippingImage tooltip">
<span class="box">
<span class="arw"></span>
<label class="dispatched-one-day-lang">Dispatched in 1 business day</label>
</span>
</div>
</div>
<div class="product_grid_cont_heading">
				Cliff Climbers Sleeping Bag Cocoon Sleeping Bag</div>
<div class="product_grid_cont_price_outer">
<div class="product_price ">
<span class="originalprice ">Rs
									8000</span> Rs 7257
							</div>
<div class="product_discount_outer ">
<div class="product_discount">
									9%
								</div>
</div>
</div>
</a>
<a categoryid="160" class="hit-ss-logger" href="http://www.snapdeal.com/product/cliff-climbers-sleeping-bag-abeto/1407508371?pos=1;72" ispartialsearch="false" pogid="1407508371" pos="1;72" v="p">
<div atl="Cliff Climbers Sleeping Bag Abeto Sleeping Bag" class="product-image">
<img border="0" class="lazy-effect" src="http://n1.sdlcdn.com/imgs/a/e/2/166x194/SDL893603431_1382097773_image1-bf818.jpg" style="opacity: 1; "/>
<div class="shippingImage tooltip">
<span class="box">
<span class="arw"></span>
<label class="dispatched-one-day-lang">Dispatched in 1 business day</label>
</span>
</div>
</div>
<div class="product_grid_cont_heading">
				Cliff Climbers Sleeping Bag Abeto Sleeping Bag</div>
<div class="product_grid_cont_price_outer">
<div class="product_price ">
<span class="originalprice ">Rs
									3200</span> Rs 3077
							</div>
<div class="product_discount_outer ">
<div class="product_discount">
									4%
								</div>
</div>
</div>
<div class="cod-ico"><label class="lang">Cash on Delivery Available</label></div>
</a>
<a categoryid="160" class="hit-ss-logger" href="http://www.snapdeal.com/product/ess-aar-sleeping-bag-nepal/1403420351?pos=2;72" ispartialsearch="false" pogid="1403420351" pos="2;72" v="p">
<div atl="ESS AAR Sleeping Bag Nepal 400" class="product-image">
<img border="0" class="lazy-effect" src="http://n2.sdlcdn.com/imgs/a/g/c/166x194/SDL720426676_1385617698_image1-dd38b.jpg" style="opacity: 1; "/>
</div>
<div class="product_grid_cont_heading">
				ESS AAR Sleeping Bag Nepal 400</div>
<div class="product_grid_cont_price_outer">
<div class="product_price ">
<span class="originalprice ">Rs
									3500</span> Rs 2799
							</div>
<div class="product_discount_outer ">
<div class="product_discount">
									20%
								</div>
</div>
</div>
<div class="cod-ico"><label class="lang">Cash on Delivery Available</label></div>
</a>
<a categoryid="160" class="hit-ss-logger" href="http://www.snapdeal.com/product/quechua-s15lightrightzip-hiking-sleeping-bag/1412883?pos=3;72" ispartialsearch="false" pogid="1412883" pos="3;72" v="p">
<div atl="Quechua S15-Light-Right-Zip  Hiking Sleeping Bag 8242014" class="product-image">
<img border="0" class="lazy-effect" src="http://n4.sdlcdn.com/imgs/a/d/j/166x194/SDL427191770_1369805278_image1-abfd5.jpg" style="opacity: 1; "/>
</div>
<div class="product_grid_cont_heading">
				Quechua S15-Light-Right-Zip  Hiking Sleeping Bag 8242014</div>
<div class="ratingStarsSmall ratingStarsBelowTitle" pos="1.0" style="background-position: 0px -36px; "><span>(1)</span></div>
<script type="text/javascript">
						var ratingState = true;
					</script>
<div class="product_grid_cont_price_outer">
<div class="product_price ">
<span class="originalprice ">Rs
									3499</span> Rs 3000
							</div>
<div class="product_discount_outer ">
<div class="product_discount">
									14%
								</div>
</div>
</div>
</a>
<a categoryid="160" class="hit-ss-logger" href="http://www.snapdeal.com/product/quechua-s0lightleftzip-hiking-sleeping-bag/1412885?pos=4;72" ispartialsearch="false" pogid="1412885" pos="4;72" v="p">
<div atl="Quechua S0-Light-Left-Zip Hiking  Sleeping Bag 8242013" class="product-image">
<img border="0" class="lazy-effect" src="http://n1.sdlcdn.com/imgs/a/d/j/166x194/SDL428092197_1369805288_image1-aae81.jpg" style="opacity: 1; "/>
</div>
<div class="product_grid_cont_heading">
				Quechua S0-Light-Left-Zip Hiking  Sleeping Bag 8242013</div>
<div class="ratingStarsSmall ratingStarsBelowTitle" pos="1.0" style="background-position: 0px -36px; "><span>(1)</span></div>
<script type="text/javascript">
						var ratingState = true;
					</script>
<div class="product_grid_cont_price_outer">
<div class="product_price ">
<span class="originalprice ">Rs
									5499</span> Rs 4131
							</div>
<div class="product_discount_outer ">
<div class="product_discount">
									25%
								</div>
</div>
</div>
</a>
<a categoryid="160" class="hit-ss-logger" href="http://www.snapdeal.com/product/quechua-s5lightrightzip-hiking-sleeping-bag/1412884?pos=5;72" ispartialsearch="false" pogid="1412884" pos="5;72" v="p">
<div atl="Quechua S5-Light-Right-Zip Hiking  Sleeping Bag 8242016" class="product-image">
<img border="0" class="lazy-effect" src="http://n3.sdlcdn.com/imgs/a/d/j/166x194/SDL428519980_1369805302_image1-93dd7.jpg" style="opacity: 1; "/>
</div>
<div class="product_grid_cont_heading">
				Quechua S5-Light-Right-Zip Hiking  Sleeping Bag 8242016</div>
<div class="ratingStarsSmall ratingStarsBelowTitle" pos="1.0" style="background-position: 0px -36px; "><span>(1)</span></div>
<script type="text/javascript">
						var ratingState = true;
					</script>
<div class="product_grid_cont_price_outer">
<div class="product_price ">
<span class="originalprice ">Rs
									4799</span> Rs 3981
							</div>
<div class="product_discount_outer ">
<div class="product_discount">
									17%
								</div>
</div>
</div>
</a>
<a categoryid="160" class="hit-ss-logger" href="http://www.snapdeal.com/product/quechua-s10lightleftzip-hiking-sleeping-bag/1412886?pos=6;72" ispartialsearch="false" pogid="1412886" pos="6;72" v="p">
<div atl="Quechua S10-Light-Left-Zip Hiking  Sleeping Bag 8242830" class="product-image">
<img border="0" class="lazy-effect" src="http://n4.sdlcdn.com/imgs/a/d/j/166x194/SDL427061541_1369805306_image1-0b2dd.jpg" style="opacity: 1; "/>
</div>
<div class="product_grid_cont_heading">
				Quechua S10-Light-Left-Zip Hiking  Sleeping Bag 8242830</div>
<div class="ratingStarsSmall ratingStarsBelowTitle" pos="1.0" style="background-position: 0px -36px; "><span>(1)</span></div>
<script type="text/javascript">
						var ratingState = true;
					</script>
<div class="product_grid_cont_price_outer">
<div class="product_price ">
<span class="originalprice ">Rs
									3799</span> Rs 3166
							</div>
<div class="product_discount_outer ">
<div class="product_discount">
									17%
								</div>
</div>
</div>
</a>
<a categoryid="160" class="hit-ss-logger" href="http://www.snapdeal.com/product/quechua-s5lightleftzip-hiking-sleeping-bags/1412891?pos=7;72" ispartialsearch="false" pogid="1412891" pos="7;72" v="p">
<div atl="Quechua S-5-Light-Left-Zip Hiking  Sleeping Bags 8243488" class="product-image">
<img border="0" class="lazy-effect" src="http://n1.sdlcdn.com/imgs/a/d/j/166x194/SDL427520133_1369805334_image1-ba58c.jpg" style="opacity: 1; "/>
</div>
<div class="product_grid_cont_heading">
				Quechua S-5-Light-Left-Zip Hiking  Sleeping Bags 8243488</div>
<div class="ratingStarsSmall ratingStarsBelowTitle" pos="1.0" style="background-position: 0px -36px; "><span>(1)</span></div>
<script type="text/javascript">
						var ratingState = true;
					</script>
<div class="product_grid_cont_price_outer">
<div class="product_price ">
<span class="originalprice ">Rs
									6999</span> Rs 5742
							</div>
<div class="product_discount_outer ">
<div class="product_discount">
									18%
								</div>
</div>
</div>
</a>
<a categoryid="160" class="hit-ss-logger" href="http://www.snapdeal.com/product/quechua-s0lightrightzip-hiking-sleeping-bag/1412890?pos=8;72" ispartialsearch="false" pogid="1412890" pos="8;72" v="p">
<div atl="Quechua S0-Light-Right-Zip Hiking  Sleeping Bag 8242012" class="product-image">
<img border="0" class="lazy-effect" src="http://n1.sdlcdn.com/imgs/a/d/j/166x194/SDL428364963_1369805325_image1-5ab85.jpg" style="opacity: 1; "/>
</div>
<div class="product_grid_cont_heading">
				Quechua S0-Light-Right-Zip Hiking  Sleeping Bag 8242012</div>
<div class="ratingStarsSmall ratingStarsBelowTitle" pos="1.0" style="background-position: 0px -36px; "><span>(1)</span></div>
<script type="text/javascript">
						var ratingState = true;
					</script>
<div class="product_grid_cont_price_outer">
<div class="product_price ">
<span class="originalprice ">Rs
									5499</span> Rs 4131
							</div>
<div class="product_discount_outer ">
<div class="product_discount">
									25%
								</div>
</div>
</div>
</a>
<a categoryid="160" class="hit-ss-logger" href="http://www.snapdeal.com/product/quechua-s10lightrightzip-hiking-sleeping-bag/1412892?pos=9;72" ispartialsearch="false" pogid="1412892" pos="9;72" v="p">
<div atl="Quechua S10-Light-Right-Zip  Hiking Sleeping Bag 8242829" class="product-image">
<img border="0" class="lazy-effect" src="http://n2.sdlcdn.com/imgs/a/d/j/166x194/SDL427170110_1369805336_image1-423cd.jpg" style="opacity: 1; "/>
</div>
<div class="product_grid_cont_heading">
				Quechua S10-Light-Right-Zip  Hiking Sleeping Bag 8242829</div>
<div class="ratingStarsSmall ratingStarsBelowTitle" pos="1.0" style="background-position: 0px -36px; "><span>(1)</span></div>
<script type="text/javascript">
						var ratingState = true;
					</script>
<div class="product_grid_cont_price_outer">
<div class="product_price ">
<span class="originalprice ">Rs
									3799</span> Rs 3166
							</div>
<div class="product_discount_outer ">
<div class="product_discount">
									17%
								</div>
</div>
</div>
</a>
<a categoryid="160" class="hit-ss-logger" href="http://www.snapdeal.com/product/quechua-s15lightleftzip-hiking-sleeping-bag/1412895?pos=10;72" ispartialsearch="false" pogid="1412895" pos="10;72" v="p">
<div atl="Quechua S15-Light-Left-Zip Hiking  Sleeping Bag 8242015" class="product-image">
<img border="0" class="lazy-effect" src="http://n4.sdlcdn.com/imgs/a/d/j/166x194/SDL427416841_1369805386_image1-1fc81.jpg" style="opacity: 1; "/>
</div>
<div class="product_grid_cont_heading">
				Quechua S15-Light-Left-Zip Hiking  Sleeping Bag 8242015</div>
<div class="ratingStarsSmall ratingStarsBelowTitle" pos="1.0" style="background-position: 0px -36px; "><span>(1)</span></div>
<script type="text/javascript">
						var ratingState = true;
					</script>
<div class="product_grid_cont_price_outer">
<div class="product_price ">
<span class="originalprice ">Rs
									3499</span> Rs 3000
							</div>
<div class="product_discount_outer ">
<div class="product_discount">
									14%
								</div>
</div>
</div>
</a>
<a categoryid="160" class="hit-ss-logger" href="http://www.snapdeal.com/product/quechua-s5lightleftzip-hiking-sleeping-bags/1412894?pos=11;72" ispartialsearch="false" pogid="1412894" pos="11;72" v="p">
<div atl="Quechua S5-Light-Left-Zip Hiking  Sleeping Bags 8242017" class="product-image">
<img border="0" class="lazy-effect" src="http://n1.sdlcdn.com/imgs/a/d/j/166x194/SDL427464881_1369805368_image1-e9b0c.jpg" style="opacity: 1; "/>
</div>
<div class="product_grid_cont_heading">
				Quechua S5-Light-Left-Zip Hiking  Sleeping Bags 8242017</div>
<div class="ratingStarsSmall ratingStarsBelowTitle" pos="1.0" style="background-position: 0px -36px; "><span>(1)</span></div>
<script type="text/javascript">
						var ratingState = true;
					</script>
<div class="product_grid_cont_price_outer">
<div class="product_price ">
<span class="originalprice ">Rs
									4799</span> Rs 3981
							</div>
<div class="product_discount_outer ">
<div class="product_discount">
									17%
								</div>
</div>
</div>
</a>
<a categoryid="160" class="hit-ss-logger" href="http://www.snapdeal.com/product/cliff-climbers-sleeping-bag-alpine/1417907321?pos=12;72" ispartialsearch="false" pogid="1417907321" pos="12;72" v="p">
<div atl="Cliff Climbers Sleeping Bag Alpine Extreme Sleeping Bag" class="product-image">
<img border="0" class="lazy-effect" src="http://n2.sdlcdn.com/imgs/a/e/2/166x194/SDL893575249_1382097695_image1-d5c5e.jpg" style="opacity: 1; "/>
<div class="shippingImage tooltip">
<span class="box">
<span class="arw"></span>
<label class="dispatched-one-day-lang">Dispatched in 1 business day</label>
</span>
</div>
</div>
<div class="product_grid_cont_heading">
				Cliff Climbers Sleeping Bag Alpine Extreme Sleeping Bag</div>
<div class="product_grid_cont_price_outer">
<div class="product_price ">
<span class="originalprice ">Rs
									18900</span> Rs 17037
							</div>
<div class="product_discount_outer ">
<div class="product_discount">
									10%
								</div>
</div>
</div>
</a>
<a categoryid="160" class="hit-ss-logger" href="http://www.snapdeal.com/product/ess-aar-sleeping-bag-down/1318555488?pos=13;72" ispartialsearch="false" pogid="1318555488" pos="13;72" v="p">
<div atl="ESS AAR Sleeping Bag Down 1000" class="product-image">
<img border="0" class="lazy-effect" src="http://n2.sdlcdn.com/imgs/a/g/c/166x194/SDL719327969_1385617708_image1-99c8e.jpg" style="opacity: 1; "/>
</div>
<div class="product_grid_cont_heading">
				ESS AAR Sleeping Bag Down 1000</div>
<div class="product_grid_cont_price_outer">
<div class="product_price ">
<span class="originalprice ">Rs
									7500</span> Rs 6000
							</div>
<div class="product_discount_outer ">
<div class="product_discount">
									20%
								</div>
</div>
</div>
<div class="cod-ico"><label class="lang">Cash on Delivery Available</label></div>
</a>
<a categoryid="160" class="hit-ss-logger" href="http://www.snapdeal.com/product/ess-aar-sleeping-bag-nepal/1721247727?pos=14;72" ispartialsearch="false" pogid="1721247727" pos="14;72" v="p">
<div atl="ESS AAR Sleeping Bag Nepal 300" class="product-image">
<img border="0" class="lazy-effect" src="http://n3.sdlcdn.com/imgs/a/g/c/166x194/SDL720358991_1385617705_image1-521de.jpg" style="opacity: 1; "/>
</div>
<div class="product_grid_cont_heading">
				ESS AAR Sleeping Bag Nepal 300</div>
<div class="product_grid_cont_price_outer">
<div class="product_price ">
<span class="originalprice ">Rs
									3000</span> Rs 2400
							</div>
<div class="product_discount_outer ">
<div class="product_discount">
									20%
								</div>
</div>
</div>
<div class="cod-ico"><label class="lang">Cash on Delivery Available</label></div>
</a>
<a categoryid="160" class="hit-ss-logger" href="http://www.snapdeal.com/product/ess-aar-sleeping-bag-mummy/1753578250?pos=15;72" ispartialsearch="false" pogid="1753578250" pos="15;72" v="p">
<div atl="ESS AAR Sleeping Bag Mummy 600" class="product-image">
<img border="0" class="lazy-effect" src="http://n3.sdlcdn.com/imgs/a/g/c/166x194/SDL720241406_1385617706_image1-e4915.jpg" style="opacity: 1; "/>
</div>
<div class="product_grid_cont_heading">
				ESS AAR Sleeping Bag Mummy 600</div>
<div class="product_grid_cont_price_outer">
<div class="product_price ">
<span class="originalprice ">Rs
									3200</span> Rs 2500
							</div>
<div class="product_discount_outer ">
<div class="product_discount">
									22%
								</div>
</div>
</div>
<div class="cod-ico"><label class="lang">Cash on Delivery Available</label></div>
</a>
<a categoryid="160" class="hit-ss-logger" href="http://www.snapdeal.com/product/quechua-hiking-squarecottonliner-sleeping-bags/163358621?pos=16;72" ispartialsearch="false" pogid="163358621" pos="16;72" v="p">
<div atl="Quechua Hiking  Square-Cotton-Liner Sleeping Bags 8244191" class="product-image">
<img border="0" class="lazy-effect" src="http://n2.sdlcdn.com/imgs/a/d/b/166x194/SDL056014265_1376633945_image1-a7c7a.jpg" style="opacity: 1; "/>
</div>
<div class="product_grid_cont_heading">
				Quechua Hiking  Square-Cotton-Liner Sleeping Bags 8244191</div>
<div class="product_grid_cont_price_outer">
<div class="product_price ">
<span class="originalprice ">Rs
									899</span> Rs 855
							</div>
<div class="product_discount_outer ">
<div class="product_discount">
									5%
								</div>
</div>
</div>
<div class="cod-ico"><label class="lang">Cash on Delivery Available</label></div>
</a>
<a categoryid="160" class="hit-ss-logger" href="http://www.snapdeal.com/product/quechua-m100-mat-l-hiking/151843?pos=17;72" ispartialsearch="false" pogid="151843" pos="17;72" v="p">
<div atl="Quechua M100 Mat L Hiking  Sleeping Bag 5591048" class="product-image">
<img border="0" class="lazy-effect" src="http://n1.sdlcdn.com/imgs/a/a/0/166x194/522209_Quechua_Three6_M_1_2x-4963e.jpg" style="opacity: 1; "/>
</div>
<div class="product_grid_cont_heading">
				Quechua M100 Mat L Hiking  Sleeping Bag 5591048</div>
<div class="ratingStarsSmall ratingStarsBelowTitle" pos="4.5" style="background-position: 0px -162px; "><span>(4)</span></div>
<script type="text/javascript">
						var ratingState = true;
					</script>
<div class="product_grid_cont_price_outer">
<div class="product_price ">
<span class="originalprice ">Rs
									999</span> Rs 959
							</div>
<div class="product_discount_outer ">
<div class="product_discount">
									4%
								</div>
</div>
</div>
<div class="cod-ico"><label class="lang">Cash on Delivery Available</label></div>
</a>
<a categoryid="160" class="hit-ss-logger" href="http://www.snapdeal.com/product/ess-aar-sleeping-bag-yeti/1686214703?pos=18;72" ispartialsearch="false" pogid="1686214703" pos="18;72" v="p">
<div atl="ESS AAR Sleeping Bag Yeti 1000" class="product-image">
<img border="0" class="lazy-effect" src="http://n3.sdlcdn.com/imgs/a/g/c/166x194/SDL720860748_1385617710_image1-b3ade.jpg" style="opacity: 1; "/>
</div>
<div class="product_grid_cont_heading">
				ESS AAR Sleeping Bag Yeti 1000</div>
<div class="product_grid_cont_price_outer">
<div class="product_price ">
<span class="originalprice ">Rs
									1850</span> Rs 1499
							</div>
<div class="product_discount_outer ">
<div class="product_discount">
									19%
								</div>
</div>
</div>
<div class="cod-ico"><label class="lang">Cash on Delivery Available</label></div>
</a>
<a categoryid="160" class="hit-ss-logger" href="http://www.snapdeal.com/product/cliff-climbers-sleeping-bag-chamonix/1451238867?pos=19;72" ispartialsearch="false" pogid="1451238867" pos="19;72" v="p">
<div atl="Cliff Climbers Sleeping Bag Chamonix Sleeping Bag" class="product-image">
<img border="0" class="lazy-effect" src="http://n4.sdlcdn.com/imgs/a/e/2/166x194/SDL894145416_1382097837_image1-0934d.jpg" style="opacity: 1; "/>
<div class="shippingImage tooltip">
<span class="box">
<span class="arw"></span>
<label class="dispatched-one-day-lang">Dispatched in 1 business day</label>
</span>
</div>
</div>
<div class="product_grid_cont_heading">
				Cliff Climbers Sleeping Bag Chamonix Sleeping Bag</div>
<div class="product_grid_cont_price_outer">
<div class="product_price ">
<span class="originalprice ">Rs
									2950</span> Rs 2854
							</div>
<div class="product_discount_outer ">
<div class="product_discount">
									3%
								</div>
</div>
</div>
<div class="cod-ico"><label class="lang">Cash on Delivery Available</label></div>
</a>
<a categoryid="159" class="hit-ss-logger" href="http://www.snapdeal.com/product/cliff-climbers-sleeping-bag-berg/1284633697?pos=20;72" ispartialsearch="false" pogid="1284633697" pos="20;72" v="p"><div alt="Cliff Climbers Sleeping Bag Berg Sleeping Bag" atl="Cliff Climbers Sleeping Bag Berg Sleeping Bag" class="product-image"><img border="0" class="" lazysrc="http://n1.sdlcdn.com/imgs/a/e/2/166x194/SDL894187629_1382097794_image1-40287.jpg" src="http://n1.sdlcdn.com/imgs/a/e/2/166x194/SDL894187629_1382097794_image1-40287.jpg" style="opacity: 1; "/><div class="shippingImage tooltip"><span class="box"><span class="arw"></span><label class="lang dispatched-one-day-lang">Dispatched in 1 business day</label></span></div></div><div class="product_grid_cont_heading">Cliff Climbers Sleeping Bag Berg Sleeping Bag</div><div class="product_grid_cont_price_outer"><div class="product_price "><span class="originalprice ">Rs 3600</span>  Rs 3432</div><div class="product_discount_outer"><div class="product_discount">5%</div></div></div><div class="cod-ico"><label class="lang">Cash on Delivery Available</label></div></a>
<a categoryid="159" class="hit-ss-logger" href="http://www.snapdeal.com/product/quechua-hiking-mummycottonliner-sleeping-bags/395476620?pos=21;72" ispartialsearch="false" pogid="395476620" pos="21;72" v="p"><div alt="Quechua Hiking  Mummy-Cotton-Liner Sleeping  Bags 8243957" atl="Quechua Hiking  Mummy-Cotton-Liner Sleeping  Bags 8243957" class="product-image"><img border="0" src="http://n3.sdlcdn.com/imgs/a/d/r/166x194/SDL055838279_1376633992_image1-b36be.jpg" style="opacity: 1; "/></div><div class="product_grid_cont_heading">Quechua Hiking  Mummy-Cotton-Liner Sleeping  Bags 8243957</div><div class="ratingStarsSmall ratingStarsBelowTitle" style="background-position: 0px -144px;"><span> (2) </span></div><div class="product_grid_cont_price_outer"><div class="product_price "><span class="originalprice ">Rs 899</span>  Rs 829</div><div class="product_discount_outer"><div class="product_discount">8%</div></div></div><div class="cod-ico"><label class="lang">Cash on Delivery Available</label></div></a>
<a categoryid="159" class="hit-ss-logger" href="http://www.snapdeal.com/product/cliff-climbers-sleeping-bag-adventure/363239130?pos=22;72" ispartialsearch="false" pogid="363239130" pos="22;72" v="p"><div alt="Cliff Climbers Sleeping Bag Adventure 400 Sleeping Bag" atl="Cliff Climbers Sleeping Bag Adventure 400 Sleeping Bag" class="product-image"><img border="0" class="" lazysrc="http://n4.sdlcdn.com/imgs/a/e/2/166x194/SDL894164346_1382097676_image1-58863.jpg" src="http://n4.sdlcdn.com/imgs/a/e/2/166x194/SDL894164346_1382097676_image1-58863.jpg" style="opacity: 1; "/><div class="shippingImage tooltip"><span class="box"><span class="arw"></span><label class="lang dispatched-one-day-lang">Dispatched in 1 business day</label></span></div></div><div class="product_grid_cont_heading">Cliff Climbers Sleeping Bag Adventure 400 Sleeping Bag</div><div class="ratingStarsSmall ratingStarsBelowTitle" style="background-position: 0px -180px;"><span> (2) </span></div><div class="product_grid_cont_price_outer"><div class="product_price "><span class="originalprice ">Rs 2700</span>  Rs 2632</div><div class="product_discount_outer"><div class="product_discount">3%</div></div></div><div class="cod-ico"><label class="lang">Cash on Delivery Available</label></div></a>
<a categoryid="159" class="hit-ss-logger" href="http://www.snapdeal.com/product/cliff-climbers-sleeping-bag-alpine/384415678?pos=23;72" ispartialsearch="false" pogid="384415678" pos="23;72" v="p"><div alt="Cliff Climbers Sleeping Bag Alpine Sleeping Bag" atl="Cliff Climbers Sleeping Bag Alpine Sleeping Bag" class="product-image"><img border="0" class="" lazysrc="http://n1.sdlcdn.com/imgs/a/e/2/166x194/SDL894172146_1382097734_image1-c6660.jpg" src="http://n1.sdlcdn.com/imgs/a/e/2/166x194/SDL894172146_1382097734_image1-c6660.jpg" style="opacity: 1; "/><div class="shippingImage tooltip"><span class="box"><span class="arw"></span><label class="lang dispatched-one-day-lang">Dispatched in 1 business day</label></span></div></div><div class="product_grid_cont_heading">Cliff Climbers Sleeping Bag Alpine Sleeping Bag</div><div class="product_grid_cont_price_outer"><div class="product_price "><span class="originalprice ">Rs 15600</span>  Rs 14059</div><div class="product_discount_outer"><div class="product_discount">10%</div></div></div></a>
<a categoryid="159" class="hit-ss-logger" href="http://www.snapdeal.com/product/ess-aar-sleeping-bag-hippo/41958879?pos=24;72" ispartialsearch="false" pogid="41958879" pos="24;72" v="p"><div alt="ESS AAR Sleeping Bag Hippo 500" atl="ESS AAR Sleeping Bag Hippo 500" class="product-image"><img border="0" class="" lazysrc="http://n3.sdlcdn.com/imgs/a/g/c/166x194/SDL719493506_1385617703_image1-00e42.jpg" src="http://n3.sdlcdn.com/imgs/a/g/c/166x194/SDL719493506_1385617703_image1-00e42.jpg" style="opacity: 1; "/></div><div class="product_grid_cont_heading">ESS AAR Sleeping Bag Hippo 500</div><div class="product_grid_cont_price_outer"><div class="product_price "><span class="originalprice ">Rs 2500</span>  Rs 1999</div><div class="product_discount_outer"><div class="product_discount">20%</div></div></div><div class="cod-ico"><label class="lang">Cash on Delivery Available</label></div></a>
<a categoryid="159" class="hit-ss-logger" href="http://www.snapdeal.com/product/cliff-climbers-sleeping-bag-mummy/2112829643?pos=25;72" ispartialsearch="false" pogid="2112829643" pos="25;72" v="p"><div alt="Cliff Climbers Sleeping Bag Mummy 400 Sleeping Bag" atl="Cliff Climbers Sleeping Bag Mummy 400 Sleeping Bag" class="product-image"><img border="0" class="" lazysrc="http://n2.sdlcdn.com/imgs/a/e/2/166x194/SDL893575054_1382097658_image1-f7747.jpg" src="http://n2.sdlcdn.com/imgs/a/e/2/166x194/SDL893575054_1382097658_image1-f7747.jpg" style="opacity: 1; "/><div class="shippingImage tooltip"><span class="box"><span class="arw"></span><label class="lang dispatched-one-day-lang">Dispatched in 1 business day</label></span></div></div><div class="product_grid_cont_heading">Cliff Climbers Sleeping Bag Mummy 400 Sleeping Bag</div><div class="product_grid_cont_price_outer"><div class="product_price no-float"><span class="originalprice no-display">Rs 1950</span>  Rs 1950</div></div><div class="cod-ico"><label class="lang">Cash on Delivery Available</label></div></a>
<a categoryid="159" class="hit-ss-logger" href="http://www.snapdeal.com/product/quechua-s10ultralightright-sleeping-bag/212773?pos=26;72" ispartialsearch="false" pogid="212773" pos="26;72" v="p"><div alt="Quechua S10-Ultralight-Right  Sleeping Bag 8206783" atl="Quechua S10-Ultralight-Right  Sleeping Bag 8206783" class="product-image"><img border="0" class="" lazysrc="http://n4.sdlcdn.com/imgs/a/a/3/166x194/1475376_Quechua_Three6_L_M_1_2x-1b40b.jpg" src="http://n4.sdlcdn.com/imgs/a/a/3/166x194/1475376_Quechua_Three6_L_M_1_2x-1b40b.jpg" style="opacity: 1; "/></div><div class="product_grid_cont_heading">Quechua S10-Ultralight-Right  Sleeping Bag 8206783</div><div class="ratingStarsSmall ratingStarsBelowTitle" style="background-position: 0px -180px;"><span> (1) </span></div><div class="product_grid_cont_price_outer"><div class="product_price "><span class="originalprice ">Rs 3999</span>  Rs 2546</div><div class="product_discount_outer"><div class="product_discount">36%</div></div></div><div class="cod-ico"><label class="lang">Cash on Delivery Available</label></div></a>
<a categoryid="159" class="hit-ss-logger" href="http://www.snapdeal.com/product/quechua-s5ultralightleft-sleeping-bag/212769?pos=27;72" ispartialsearch="false" pogid="212769" pos="27;72" v="p"><div alt="Quechua S5-Ultralight-Left  Sleeping Bag 8206713" atl="Quechua S5-Ultralight-Left  Sleeping Bag 8206713" class="product-image"><img border="0" class="" lazysrc="http://n2.sdlcdn.com/imgs/a/a/3/166x194/1475042_Quechua_Three6_L_M_1_2x-74017.jpg" src="http://n2.sdlcdn.com/imgs/a/a/3/166x194/1475042_Quechua_Three6_L_M_1_2x-74017.jpg" style="opacity: 1; "/></div><div class="product_grid_cont_heading">Quechua S5-Ultralight-Left  Sleeping Bag 8206713</div><div class="ratingStarsSmall ratingStarsBelowTitle" style="background-position: 0px -180px;"><span> (2) </span></div><div class="product_grid_cont_price_outer"><div class="product_price "><span class="originalprice ">Rs 3999</span>  Rs 2781</div><div class="product_discount_outer"><div class="product_discount">30%</div></div></div><div class="cod-ico"><label class="lang">Cash on Delivery Available</label></div></a>
<a categoryid="159" class="hit-ss-logger" href="http://www.snapdeal.com/product/quechua-pillow-hiking-sleeping-bags/212756?pos=28;72" ispartialsearch="false" pogid="212756" pos="28;72" v="p"><div alt="Quechua Pillow Hiking Sleeping  Bags 3550082" atl="Quechua Pillow Hiking Sleeping  Bags 3550082" class="product-image"><img border="0" class="" lazysrc="http://n3.sdlcdn.com/imgs/a/a/3/166x194/974887_Quechua_Three6_M_1_2x-d37c4.jpg" src="http://n3.sdlcdn.com/imgs/a/a/3/166x194/974887_Quechua_Three6_M_1_2x-d37c4.jpg" style="opacity: 1; "/></div><div class="product_grid_cont_heading">Quechua Pillow Hiking Sleeping  Bags 3550082</div><div class="product_grid_cont_price_outer"><div class="product_price "><span class="originalprice ">Rs 699</span>  Rs 569</div><div class="product_discount_outer"><div class="product_discount">19%</div></div></div><div class="cod-ico"><label class="lang">Cash on Delivery Available</label></div></a>
<a categoryid="159" class="hit-ss-logger" href="http://www.snapdeal.com/product/ess-aar-sleeping-bag-mummy/2140289031?pos=29;72" ispartialsearch="false" pogid="2140289031" pos="29;72" v="p"><div alt="ESS AAR Sleeping Bag Mummy 300" atl="ESS AAR Sleeping Bag Mummy 300" class="product-image"><img border="0" class="" lazysrc="http://n2.sdlcdn.com/imgs/a/g/c/166x194/SDL720061670_1385617696_image1-d1353.jpg" src="http://n2.sdlcdn.com/imgs/a/g/c/166x194/SDL720061670_1385617696_image1-d1353.jpg" style="opacity: 1; "/></div><div class="product_grid_cont_heading">ESS AAR Sleeping Bag Mummy 300</div><div class="product_grid_cont_price_outer"><div class="product_price "><span class="originalprice ">Rs 2750</span>  Rs 1999</div><div class="product_discount_outer"><div class="product_discount">27%</div></div></div><div class="cod-ico"><label class="lang">Cash on Delivery Available</label></div></a>
<a categoryid="159" class="hit-ss-logger" href="http://www.snapdeal.com/product/cliff-climbers-sleeping-bag-alta/261554354?pos=30;72" ispartialsearch="false" pogid="261554354" pos="30;72" v="p"><div alt="Cliff Climbers Sleeping Bag Alta Lt Sleeping Bag" atl="Cliff Climbers Sleeping Bag Alta Lt Sleeping Bag" class="product-image"><img border="0" class="" lazysrc="http://n1.sdlcdn.com/imgs/a/e/2/166x194/SDL894449279_1382097872_image1-20bea.jpg" src="http://n1.sdlcdn.com/imgs/a/e/2/166x194/SDL894449279_1382097872_image1-20bea.jpg" style="opacity: 1; "/><div class="shippingImage tooltip"><span class="box"><span class="arw"></span><label class="lang dispatched-one-day-lang">Dispatched in 1 business day</label></span></div></div><div class="product_grid_cont_heading">Cliff Climbers Sleeping Bag Alta Lt Sleeping Bag</div><div class="product_grid_cont_price_outer"><div class="product_price "><span class="originalprice ">Rs 7500</span>  Rs 6813</div><div class="product_discount_outer"><div class="product_discount">9%</div></div></div><div class="cod-ico"><label class="lang">Cash on Delivery Available</label></div></a>
<a categoryid="159" class="hit-ss-logger" href="http://www.snapdeal.com/product/coghlans-sleeping-bag-liner/185808?pos=31;72" ispartialsearch="false" pogid="185808" pos="31;72" v="p"><div alt="Coghlan's Sleeping Bag Liner" atl="Coghlan's Sleeping Bag Liner" class="product-image"><img border="0" class="" lazysrc="http://i2.sdlcdn.com/img/product/main/166x194/ODS_adv510_M_1_2x_M_1_2x.jpg" src="http://i2.sdlcdn.com/img/product/main/166x194/ODS_adv510_M_1_2x_M_1_2x.jpg" style="opacity: 1; "/></div><div class="product_grid_cont_heading">Coghlan's Sleeping Bag Liner</div><div class="ratingStarsSmall ratingStarsBelowTitle" style="background-position: 0px -36px;"><span> (1) </span></div><div class="product_grid_cont_price_outer"><div class="product_price "><span class="originalprice ">Rs 1500</span>  Rs 1307</div><div class="product_discount_outer"><div class="product_discount">13%</div></div></div><div class="cod-ico"><label class="lang">Cash on Delivery Available</label></div></a>
<a categoryid="159" class="hit-ss-logger" href="http://www.snapdeal.com/product/coghlans-thermal-blanket/185801?pos=32;72" ispartialsearch="false" pogid="185801" pos="32;72" v="p"><div alt="Coghlan's Thermal Blanket" atl="Coghlan's Thermal Blanket" class="product-image"><img border="0" class="" lazysrc="http://i4.sdlcdn.com/img/product/main/166x194/ODS_adv196_M_1_2x_M_1_2x.jpg" src="http://i4.sdlcdn.com/img/product/main/166x194/ODS_adv196_M_1_2x_M_1_2x.jpg" style="opacity: 1; "/><div class="shippingImage tooltip"><span class="box"><span class="arw"></span><label class="lang dispatched-one-day-lang">Dispatched in 1 business day</label></span></div></div><div class="product_grid_cont_heading">Coghlan's Thermal Blanket</div><div class="product_grid_cont_price_outer"><div class="product_price "><span class="originalprice ">Rs 900</span>  Rs 806</div><div class="product_discount_outer"><div class="product_discount">10%</div></div></div><div class="cod-ico"><label class="lang">Cash on Delivery Available</label></div></a>
<a categoryid="159" class="hit-ss-logger" href="http://www.snapdeal.com/product/coghlans-air-cushin/185856?pos=33;72" ispartialsearch="false" pogid="185856" pos="33;72" v="p"><div alt="Coghlan's Air Cushin" atl="Coghlan's Air Cushin" class="product-image"><img border="0" class="" lazysrc="http://n4.sdlcdn.com/imgs/a/a/1/166x194/ODS_adv8350_M_1_2x_M_1_2x-9f81b.jpg" src="http://n4.sdlcdn.com/imgs/a/a/1/166x194/ODS_adv8350_M_1_2x_M_1_2x-9f81b.jpg" style="opacity: 1; "/></div><div class="product_grid_cont_heading">Coghlan's Air Cushin</div><div class="ratingStarsSmall ratingStarsBelowTitle" style="background-position: 0px -36px;"><span> (1) </span></div><div class="product_grid_cont_price_outer"><div class="product_price "><span class="originalprice ">Rs 759</span>  Rs 691</div><div class="product_discount_outer"><div class="product_discount">9%</div></div></div><div class="cod-ico"><label class="lang">Cash on Delivery Available</label></div></a>
<a categoryid="159" class="hit-ss-logger" href="http://www.snapdeal.com/product/coghlans-thernal-blanket/185886?pos=34;72" ispartialsearch="false" pogid="185886" pos="34;72" v="p"><div alt="Coghlan's Thernal Blanket" atl="Coghlan's Thernal Blanket" class="product-image"><img border="0" class="" lazysrc="http://n2.sdlcdn.com/imgs/a/a/1/166x194/ODS_adv8544_M_1_2x_M_1_2x-2fb14.jpg" src="http://n2.sdlcdn.com/imgs/a/a/1/166x194/ODS_adv8544_M_1_2x_M_1_2x-2fb14.jpg" style="opacity: 1; "/></div><div class="product_grid_cont_heading">Coghlan's Thernal Blanket</div><div class="product_grid_cont_price_outer"><div class="product_price "><span class="originalprice ">Rs 1650</span>  Rs 1432</div><div class="product_discount_outer"><div class="product_discount">13%</div></div></div><div class="cod-ico"><label class="lang">Cash on Delivery Available</label></div></a>
<a categoryid="159" class="hit-ss-logger" href="http://www.snapdeal.com/product/quechua-airtight-compression-bag-15l/1962870079?pos=35;72" ispartialsearch="false" pogid="1962870079" pos="35;72" v="p"><div alt="Quechua AIRTIGHT COMPRESSION BAG 15L Hiking SLEEPING BAGS 8206611" atl="Quechua AIRTIGHT COMPRESSION BAG 15L Hiking SLEEPING BAGS 8206611" class="product-image"><img border="0" class="" lazysrc="http://n2.sdlcdn.com/imgs/a/g/8/166x194/SDL577653768_1391773041_image1-7afe9.jpg" src="http://n2.sdlcdn.com/imgs/a/g/8/166x194/SDL577653768_1391773041_image1-7afe9.jpg" style="opacity: 1; "/></div><div class="product_grid_cont_heading">Quechua AIRTIGHT COMPRESSION BAG 15L Hiking SLEEPING BAGS 8206611</div><div class="product_grid_cont_price_outer"><div class="product_price "><span class="originalprice ">Rs 999</span>  Rs 970</div><div class="product_discount_outer"><div class="product_discount">3%</div></div></div><div class="cod-ico"><label class="lang">Cash on Delivery Available</label></div></a>
<a categoryid="159" class="hit-ss-logger" href="http://www.snapdeal.com/product/cliff-climbers-sleeping-bag-riglos/1959998569?pos=36;72" ispartialsearch="false" pogid="1959998569" pos="36;72" v="p"><div alt="Cliff Climbers Sleeping Bag Riglos Sleeping Bag" atl="Cliff Climbers Sleeping Bag Riglos Sleeping Bag" class="product-image"><img border="0" class="" lazysrc="http://n3.sdlcdn.com/imgs/a/e/2/166x194/SDL893581720_1382097602_image1-de492.jpg" src="http://n3.sdlcdn.com/imgs/a/e/2/166x194/SDL893581720_1382097602_image1-de492.jpg" style="opacity: 1; "/><div class="shippingImage tooltip"><span class="box"><span class="arw"></span><label class="lang dispatched-one-day-lang">Dispatched in 1 business day</label></span></div></div><div class="product_grid_cont_heading">Cliff Climbers Sleeping Bag Riglos Sleeping Bag</div><div class="product_grid_cont_price_outer"><div class="product_price "><span class="originalprice ">Rs 2900</span>  Rs 2810</div><div class="product_discount_outer"><div class="product_discount">3%</div></div></div><div class="cod-ico"><label class="lang">Cash on Delivery Available</label></div></a>
<a categoryid="159" class="hit-ss-logger" href="http://www.snapdeal.com/product/quechua-hiking-s20basicsleepingbag-sleeping-bags/831026671?pos=37;72" ispartialsearch="false" pogid="831026671" pos="37;72" v="p"><div alt="Quechua Hiking  S20-Basic-Sleeping-Bag Sleeping  Bags 8206521" atl="Quechua Hiking  S20-Basic-Sleeping-Bag Sleeping  Bags 8206521" class="product-image"><img border="0" class="" lazysrc="http://n3.sdlcdn.com/imgs/a/d/b/166x194/SDL774199143_1376634035_image1-2e615.jpg" src="http://n3.sdlcdn.com/imgs/a/d/b/166x194/SDL774199143_1376634035_image1-2e615.jpg" style="opacity: 1; "/></div><div class="product_grid_cont_heading">Quechua Hiking  S20-Basic-Sleeping-Bag Sleeping  Bags 8206521</div><div class="ratingStarsSmall ratingStarsBelowTitle" style="background-position: 0px -108px;"><span> (1) </span></div><div class="product_grid_cont_price_outer"><div class="product_price no-float"><span class="originalprice no-display">Rs 699</span>  Rs 699</div></div></a>
<a categoryid="159" class="hit-ss-logger" href="http://www.snapdeal.com/product/quechua-ergopillow-hiking-sleeping-bags/415557845?pos=38;72" ispartialsearch="false" pogid="415557845" pos="38;72" v="p"><div alt="Quechua Ergo-Pillow Hiking  Sleeping Bags 8172443" atl="Quechua Ergo-Pillow Hiking  Sleeping Bags 8172443" class="product-image"><img border="0" class="" lazysrc="http://n4.sdlcdn.com/imgs/a/d/n/166x194/SDL825347088_1378879618_image1-f03d5.jpg" src="http://n4.sdlcdn.com/imgs/a/d/n/166x194/SDL825347088_1378879618_image1-f03d5.jpg" style="opacity: 1; "/></div><div class="product_grid_cont_heading">Quechua Ergo-Pillow Hiking  Sleeping Bags 8172443</div><div class="ratingStarsSmall ratingStarsBelowTitle" style="background-position: 0px -108px;"><span> (1) </span></div><div class="product_grid_cont_price_outer"><div class="product_price "><span class="originalprice ">Rs 899</span>  Rs 657</div><div class="product_discount_outer"><div class="product_discount">27%</div></div></div><div class="cod-ico"><label class="lang">Cash on Delivery Available</label></div></a>
<a categoryid="159" class="hit-ss-logger" href="http://www.snapdeal.com/product/ess-aar-sleeping-bag-down/799673895?pos=39;72" ispartialsearch="false" pogid="799673895" pos="39;72" v="p"><div alt="ESS AAR Sleeping Bag Down 2000" atl="ESS AAR Sleeping Bag Down 2000" class="product-image"><img border="0" class="" lazysrc="http://n2.sdlcdn.com/imgs/a/g/c/166x194/SDL719481661_1385617699_image1-4268e.jpg" src="http://n2.sdlcdn.com/imgs/a/g/c/166x194/SDL719481661_1385617699_image1-4268e.jpg" style="opacity: 1; "/></div><div class="product_grid_cont_heading">ESS AAR Sleeping Bag Down 2000</div><div class="ratingStarsSmall ratingStarsBelowTitle" style="background-position: 0px -108px;"><span> (1) </span></div><div class="product_grid_cont_price_outer"><div class="product_price "><span class="originalprice ">Rs 6200</span>  Rs 4999</div><div class="product_discount_outer"><div class="product_discount">19%</div></div></div><div class="cod-ico"><label class="lang">Cash on Delivery Available</label></div></a>
<a categoryid="159" class="hit-ss-logger" href="http://www.snapdeal.com/product/cliff-climbers-sleeping-bag-tawang/871283400?pos=40;72" ispartialsearch="false" pogid="871283400" pos="40;72" v="p"><div alt="Cliff Climbers Sleeping Bag Tawang Green Sleeping Bag" atl="Cliff Climbers Sleeping Bag Tawang Green Sleeping Bag" class="product-image"><img border="0" class="" lazysrc="http://n2.sdlcdn.com/imgs/a/e/2/166x194/SDL894176591_1382097795_image1-7b293.jpg" src="http://n2.sdlcdn.com/imgs/a/e/2/166x194/SDL894176591_1382097795_image1-7b293.jpg" style="opacity: 1; "/><div class="shippingImage tooltip"><span class="box"><span class="arw"></span><label class="lang dispatched-one-day-lang">Dispatched in 1 business day</label></span></div></div><div class="product_grid_cont_heading">Cliff Climbers Sleeping Bag Tawang Green Sleeping Bag</div><div class="product_grid_cont_price_outer"><div class="product_price "><span class="originalprice ">Rs 3600</span>  Rs 3432</div><div class="product_discount_outer"><div class="product_discount">5%</div></div></div><div class="cod-ico"><label class="lang">Cash on Delivery Available</label></div></a>
<a categoryid="159" class="hit-ss-logger" href="http://www.snapdeal.com/product/quechua-s0ultralight-sleeping-bag-right/623479?pos=41;72" ispartialsearch="false" pogid="623479" pos="41;72" v="p"><div alt="Quechua S0-Ultralight Sleeping  Bag (Right) 8206710" atl="Quechua S0-Ultralight Sleeping  Bag (Right) 8206710" class="product-image"><img border="0" src="http://n2.sdlcdn.com/imgs/a/a/h/166x194/1475034_Three6_Decathlon_M_1_2X-92270.jpg" style="opacity: 1; "/></div><div class="product_grid_cont_heading">Quechua S0-Ultralight Sleeping  Bag (Right) 8206710</div><div class="ratingStarsSmall ratingStarsBelowTitle" style="background-position: 0px -144px;"><span> (1) </span></div><div class="product_grid_cont_price_outer"><div class="product_price "><span class="originalprice ">Rs 4999</span>  Rs 4200</div><div class="product_discount_outer"><div class="product_discount">16%</div></div></div></a>
<a categoryid="159" class="hit-ss-logger" href="http://www.snapdeal.com/product/quechua-s0ultralight-sleeping-bag-left/623478?pos=42;72" ispartialsearch="false" pogid="623478" pos="42;72" v="p"><div alt="Quechua S0-Ultralight Sleeping  Bag (Left) 8206686" atl="Quechua S0-Ultralight Sleeping  Bag (Left) 8206686" class="product-image"><img border="0" class="" lazysrc="http://n3.sdlcdn.com/imgs/a/a/h/166x194/1474941_Three6_Decathlon_M_1_2X-a0f24.jpg" src="http://n3.sdlcdn.com/imgs/a/a/h/166x194/1474941_Three6_Decathlon_M_1_2X-a0f24.jpg" style="opacity: 1; "/></div><div class="product_grid_cont_heading">Quechua S0-Ultralight Sleeping  Bag (Left) 8206686</div><div class="ratingStarsSmall ratingStarsBelowTitle" style="background-position: 0px -144px;"><span> (2) </span></div><div class="product_grid_cont_price_outer"><div class="product_price "><span class="originalprice ">Rs 4999</span>  Rs 4200</div><div class="product_discount_outer"><div class="product_discount">16%</div></div></div></a>
<a categoryid="159" class="hit-ss-logger" href="http://www.snapdeal.com/product/ess-aar-sleeping-bag-mummy/1590388746?pos=43;72" ispartialsearch="false" pogid="1590388746" pos="43;72" v="p"><div alt="ESS AAR Sleeping Bag Mummy 200" atl="ESS AAR Sleeping Bag Mummy 200" class="product-image"><img border="0" class="" lazysrc="http://n4.sdlcdn.com/imgs/a/g/c/166x194/SDL720047522_1385617702_image1-10717.jpg" src="http://n4.sdlcdn.com/imgs/a/g/c/166x194/SDL720047522_1385617702_image1-10717.jpg" style="opacity: 1; "/></div><div class="product_grid_cont_heading">ESS AAR Sleeping Bag Mummy 200</div><div class="ratingStarsSmall ratingStarsBelowTitle" style="background-position: 0px -162px;"><span> (3) </span></div><div class="product_grid_cont_price_outer"><div class="product_price "><span class="originalprice ">Rs 2000</span>  Rs 1599</div><div class="product_discount_outer"><div class="product_discount">20%</div></div></div><div class="cod-ico"><label class="lang">Cash on Delivery Available</label></div></a>
<a categoryid="159" class="hit-ss-logger" href="http://www.snapdeal.com/product/colemanall-outdoor-3in1-blanket/149239?pos=44;72" ispartialsearch="false" pogid="149239" pos="44;72" v="p"><div alt="Colemanall Outdoor 3-In-1 Blanket" atl="Colemanall Outdoor 3-In-1 Blanket" class="product-image"><img border="0" class="" lazysrc="http://i3.sdlcdn.com/img/product/main/166x194/Coleman_SN_AOCMAC031_M_1_2x.jpg" src="http://i3.sdlcdn.com/img/product/main/166x194/Coleman_SN_AOCMAC031_M_1_2x.jpg" style="opacity: 1; "/><div class="soldout prod-grid-sold-out-lang"></div></div><div class="product_grid_cont_heading">Colemanall Outdoor 3-In-1 Blanket</div><div class="product_grid_cont_price_outer"><div class="product_price "><span class="originalprice ">Rs 1960</span>  Rs 1690</div><div class="product_discount_outer"><div class="product_discount">14%</div></div></div><div class="cod-ico"><label class="lang">Cash on Delivery Available</label></div></a>
<a categoryid="159" class="hit-ss-logger" href="http://www.snapdeal.com/product/coleman-selfinflating-pad-with-pillow/149241?pos=45;72" ispartialsearch="false" pogid="149241" pos="45;72" v="p"><div alt="Coleman Self-Inflating Pad With Pillow" atl="Coleman Self-Inflating Pad With Pillow" class="product-image"><img border="0" class="" lazysrc="http://n2.sdlcdn.com/imgs/a/a/0/166x194/Coleman_SN_AOCMAC029_M_1_2x-5b10a.jpg" src="http://n2.sdlcdn.com/imgs/a/a/0/166x194/Coleman_SN_AOCMAC029_M_1_2x-5b10a.jpg" style="opacity: 1; "/><div class="soldout prod-grid-sold-out-lang"></div></div><div class="product_grid_cont_heading">Coleman Self-Inflating Pad With Pillow</div><div class="product_grid_cont_price_outer"><div class="product_price "><span class="originalprice ">Rs 2000</span>  Rs 1880</div><div class="product_discount_outer"><div class="product_discount">6%</div></div></div></a>
<a categoryid="159" class="hit-ss-logger" href="http://www.snapdeal.com/product/hobby-and-you-hooded-sleeping/1338616056?pos=46;72" ispartialsearch="false" pogid="1338616056" pos="46;72" v="p"><div alt="Hobby And You Hooded Sleeping Bag For Campers For Comfort At 10 Degrees" atl="Hobby And You Hooded Sleeping Bag For Campers For Comfort At 10 Degrees" class="product-image"><img border="0" class="" lazysrc="http://n3.sdlcdn.com/imgs/a/d/r/166x194/SDL447814185_1380008220_image1-7aa2a.jpg" src="http://n3.sdlcdn.com/imgs/a/d/r/166x194/SDL447814185_1380008220_image1-7aa2a.jpg" style="opacity: 1; "/><div class="soldout prod-grid-sold-out-lang"></div></div><div class="product_grid_cont_heading">Hobby And You Hooded Sleeping Bag For Campers For Comfort At 10 Degrees</div><div class="product_grid_cont_price_outer"><div class="product_price "><span class="originalprice ">Rs 1799</span>  Rs 1717</div><div class="product_discount_outer"><div class="product_discount">5%</div></div></div><div class="cod-ico"><label class="lang">Cash on Delivery Available</label></div></a>
<a categoryid="159" class="hit-ss-logger" href="http://www.snapdeal.com/product/wildcraft-sleeping-bag-ultralite-red/1406287708?pos=47;72" ispartialsearch="false" pogid="1406287708" pos="47;72" v="p"><div alt="Wildcraft Sleeping Bag Ultralite (Red)" atl="Wildcraft Sleeping Bag Ultralite (Red)" class="product-image"><img border="0" class="" lazysrc="http://n3.sdlcdn.com/imgs/a/g/y/166x194/SDL521787893_1390226965_image1-f0eb6.jpg" src="http://n3.sdlcdn.com/imgs/a/g/y/166x194/SDL521787893_1390226965_image1-f0eb6.jpg" style="opacity: 1; "/><div class="soldout prod-grid-sold-out-lang"></div></div><div class="product_grid_cont_heading">Wildcraft Sleeping Bag Ultralite (Red)</div><div class="product_grid_cont_price_outer"><div class="product_price no-float"><span class="originalprice no-display">Rs 1995</span>  Rs 1995</div></div><div class="cod-ico"><label class="lang">Cash on Delivery Available</label></div></a>
<a categoryid="159" class="hit-ss-logger" href="http://www.snapdeal.com/product/quechua-5lfootpump-hiking-sleeping-bags/1412871?pos=48;72" ispartialsearch="false" pogid="1412871" pos="48;72" v="p"><div alt="Quechua 5L-Footpump Hiking  Sleeping Bags 8214434" atl="Quechua 5L-Footpump Hiking  Sleeping Bags 8214434" class="product-image"><img border="0" class="" lazysrc="http://n3.sdlcdn.com/imgs/a/d/j/166x194/SDL425250981_1369805079_image1-a3846.jpg" src="http://n3.sdlcdn.com/imgs/a/d/j/166x194/SDL425250981_1369805079_image1-a3846.jpg" style="opacity: 1; "/><div class="soldout prod-grid-sold-out-lang"></div></div><div class="product_grid_cont_heading">Quechua 5L-Footpump Hiking  Sleeping Bags 8214434</div><div class="ratingStarsSmall ratingStarsBelowTitle" style="background-position: 0px -180px;"><span> (1) </span></div><div class="product_grid_cont_price_outer"><div class="product_price no-float"><span class="originalprice no-display">Rs 599</span>  Rs 599</div></div></a>
<a categoryid="159" class="hit-ss-logger" href="http://www.snapdeal.com/product/quechua-s10blue-hiking-sleeping-bag/1412881?pos=49;72" ispartialsearch="false" pogid="1412881" pos="49;72" v="p"><div alt="Quechua S10-Blue Hiking Sleeping  Bag (Blue) 8056800" atl="Quechua S10-Blue Hiking Sleeping  Bag (Blue) 8056800" class="product-image"><img border="0" class="" lazysrc="http://n1.sdlcdn.com/imgs/a/d/j/166x194/SDL199839850_1369805439_image1-7c426.jpg" src="http://n1.sdlcdn.com/imgs/a/d/j/166x194/SDL199839850_1369805439_image1-7c426.jpg" style="opacity: 1; "/><div class="soldout prod-grid-sold-out-lang"></div></div><div class="product_grid_cont_heading">Quechua S10-Blue Hiking Sleeping  Bag (Blue) 8056800</div><div class="ratingStarsSmall ratingStarsBelowTitle" style="background-position: 0px -162px;"><span> (37) </span></div><div class="product_grid_cont_price_outer"><div class="product_price "><span class="originalprice ">Rs 1499</span>  Rs 1285</div><div class="product_discount_outer"><div class="product_discount">14%</div></div></div></a>
<a categoryid="159" class="hit-ss-logger" href="http://www.snapdeal.com/product/quechua-s5-ultralight-hiking-sleeping/160900?pos=50;72" ispartialsearch="false" pogid="160900" pos="50;72" v="p"><div alt="Quechua S5 Ultralight Hiking  Sleeping Bags 8131085" atl="Quechua S5 Ultralight Hiking  Sleeping Bags 8131085" class="product-image"><img border="0" class="" lazysrc="http://n1.sdlcdn.com/imgs/a/a/0/166x194/1218726_Quechua_Three6_M_1_2x-1d8c0.jpg" src="http://n1.sdlcdn.com/imgs/a/a/0/166x194/1218726_Quechua_Three6_M_1_2x-1d8c0.jpg" style="opacity: 1; "/><div class="soldout prod-grid-sold-out-lang"></div></div><div class="product_grid_cont_heading">Quechua S5 Ultralight Hiking  Sleeping Bags 8131085</div><div class="product_grid_cont_price_outer"><div class="product_price no-float"><span class="originalprice no-display">Rs 2999</span>  Rs 2999</div></div><div class="cod-ico"><label class="lang">Cash on Delivery Available</label></div></a>
<a categoryid="159" class="hit-ss-logger" href="http://www.snapdeal.com/product/quechua-p100-airbed/151720?pos=51;72" ispartialsearch="false" pogid="151720" pos="51;72" v="p"><div alt="Quechua P100 Airbed 8090076" atl="Quechua P100 Airbed 8090076" class="product-image"><img border="0" class="" lazysrc="http://i3.sdlcdn.com/img/product/main/166x194/1100710_Quechua_Three6_M_1_2x.jpg" src="http://i3.sdlcdn.com/img/product/main/166x194/1100710_Quechua_Three6_M_1_2x.jpg" style="opacity: 1; "/><div class="soldout prod-grid-sold-out-lang"></div></div><div class="product_grid_cont_heading">Quechua P100 Airbed 8090076</div><div class="ratingStarsSmall ratingStarsBelowTitle" style="background-position: 0px -162px;"><span> (7) </span></div><div class="product_grid_cont_price_outer"><div class="product_price "><span class="originalprice ">Rs 1299</span>  Rs 1258</div><div class="product_discount_outer"><div class="product_discount">3%</div></div></div></a>
<a categoryid="159" class="hit-ss-logger" href="http://www.snapdeal.com/product/quechua-s20-junior-blue-sleeping/151714?pos=52;72" ispartialsearch="false" pogid="151714" pos="52;72" v="p"><div alt="Quechua S20 Junior Blue Sleeping Bags" atl="Quechua S20 Junior Blue Sleeping Bags" class="product-image"><img border="0" class="" lazysrc="http://n4.sdlcdn.com/imgs/a/a/0/166x194/1338620_Quechua_Three6_M_1_2x-34e7f.jpg" src="http://n4.sdlcdn.com/imgs/a/a/0/166x194/1338620_Quechua_Three6_M_1_2x-34e7f.jpg" style="opacity: 1; "/><div class="soldout prod-grid-sold-out-lang"></div></div><div class="product_grid_cont_heading">Quechua S20 Junior Blue Sleeping Bags</div><div class="product_grid_cont_price_outer"><div class="product_price no-float"><span class="originalprice no-display">Rs 699</span>  Rs 699</div></div><div class="cod-ico"><label class="lang">Cash on Delivery Available</label></div></a>
<a categoryid="159" class="hit-ss-logger" href="http://www.snapdeal.com/product/quechua-ultralightinflatablepillow-hiking-sleeping-bags/1657322818?pos=53;72" ispartialsearch="false" pogid="1657322818" pos="53;72" v="p"><div alt="Quechua  Ultralight-Inflatable-Pillow Hiking  Sleeping Bags 8055369" atl="Quechua  Ultralight-Inflatable-Pillow Hiking  Sleeping Bags 8055369" class="product-image"><img border="0" class="" lazysrc="http://n4.sdlcdn.com/imgs/a/d/n/166x194/SDL573739640_1378879829_image1-4f3e9.jpg" src="http://n4.sdlcdn.com/imgs/a/d/n/166x194/SDL573739640_1378879829_image1-4f3e9.jpg" style="opacity: 1; "/><div class="soldout prod-grid-sold-out-lang"></div></div><div class="product_grid_cont_heading">Quechua  Ultralight-Inflatable-Pillow Hiking  Sleeping Bags 8055369</div><div class="product_grid_cont_price_outer"><div class="product_price "><span class="originalprice ">Rs 499</span>  Rs 475</div><div class="product_discount_outer"><div class="product_discount">5%</div></div></div><div class="cod-ico"><label class="lang">Cash on Delivery Available</label></div></a>
<a categoryid="159" class="hit-ss-logger" href="http://www.snapdeal.com/product/coleman-north-rimextreme-weather-sleeping/149362?pos=54;72" ispartialsearch="false" pogid="149362" pos="54;72" v="p"><div alt="Coleman North Rimextreme Weather Sleeping Bag" atl="Coleman North Rimextreme Weather Sleeping Bag" class="product-image"><img border="0" class="" lazysrc="http://n1.sdlcdn.com/imgs/a/a/0/166x194/Coleman_SN_AOCMAC044_M_1_2x-f59b1.jpg" src="http://n1.sdlcdn.com/imgs/a/a/0/166x194/Coleman_SN_AOCMAC044_M_1_2x-f59b1.jpg" style="opacity: 1; "/><div class="soldout prod-grid-sold-out-lang"></div></div><div class="product_grid_cont_heading">Coleman North Rimextreme Weather Sleeping Bag</div><div class="product_grid_cont_price_outer"><div class="product_price "><span class="originalprice ">Rs 7000</span>  Rs 6048</div><div class="product_discount_outer"><div class="product_discount">14%</div></div></div></a>
<a categoryid="159" class="hit-ss-logger" href="http://www.snapdeal.com/product/coleman-sleeping-ag-palmetto-c006/1496002?pos=55;72" ispartialsearch="false" pogid="1496002" pos="55;72" v="p"><div alt="Coleman Sleeping AG Palmetto C006" atl="Coleman Sleeping AG Palmetto C006" class="product-image"><img border="0" class="" lazysrc="http://n3.sdlcdn.com/imgs/a/b/x/166x194/SDL443346093_1372652468_image1-dcc06.jpg" src="http://n3.sdlcdn.com/imgs/a/b/x/166x194/SDL443346093_1372652468_image1-dcc06.jpg" style="opacity: 1; "/><div class="soldout prod-grid-sold-out-lang"></div></div><div class="product_grid_cont_heading">Coleman Sleeping AG Palmetto C006</div><div class="ratingStarsSmall ratingStarsBelowTitle" style="background-position: 0px -180px;"><span> (2) </span></div><div class="product_grid_cont_price_outer"><div class="product_price "><span class="originalprice ">Rs 3775</span>  Rs 3359</div><div class="product_discount_outer"><div class="product_discount">11%</div></div></div></a>
<a categoryid="159" class="hit-ss-logger" href="http://www.snapdeal.com/product/wildcraft-sleeping-bag-lite-red/1825663483?pos=56;72" ispartialsearch="false" pogid="1825663483" pos="56;72" v="p"><div alt="Wildcraft Sleeping Bag Lite (Red)" atl="Wildcraft Sleeping Bag Lite (Red)" class="product-image"><img border="0" class="" lazysrc="http://n4.sdlcdn.com/imgs/a/g/y/166x194/SDL523559877_1390226939_image1-e0fcb.jpg" src="http://n4.sdlcdn.com/imgs/a/g/y/166x194/SDL523559877_1390226939_image1-e0fcb.jpg" style="opacity: 1; "/><div class="soldout prod-grid-sold-out-lang"></div></div><div class="product_grid_cont_heading">Wildcraft Sleeping Bag Lite (Red)</div><div class="product_grid_cont_price_outer"><div class="product_price no-float"><span class="originalprice no-display">Rs 1495</span>  Rs 1495</div></div><div class="cod-ico"><label class="lang">Cash on Delivery Available</label></div></a>
<a categoryid="159" class="hit-ss-logger" href="http://www.snapdeal.com/product/hobby-and-you-lightweight-sleeping/345410519?pos=57;72" ispartialsearch="false" pogid="345410519" pos="57;72" v="p"><div alt="Hobby And You Lightweight Sleeping Bag For 20 Degrees Warm Weather" atl="Hobby And You Lightweight Sleeping Bag For 20 Degrees Warm Weather" class="product-image"><img border="0" class="" lazysrc="http://n3.sdlcdn.com/imgs/a/d/r/166x194/SDL447544960_1380008286_image1-ff0b5.jpg" src="http://n3.sdlcdn.com/imgs/a/d/r/166x194/SDL447544960_1380008286_image1-ff0b5.jpg" style="opacity: 1; "/><div class="soldout prod-grid-sold-out-lang"></div></div><div class="product_grid_cont_heading">Hobby And You Lightweight Sleeping Bag For 20 Degrees Warm Weather</div><div class="product_grid_cont_price_outer"><div class="product_price no-float"><span class="originalprice no-display">Rs 1199</span>  Rs 1199</div></div></a>
<a categoryid="159" class="hit-ss-logger" href="http://www.snapdeal.com/product/quechua-breathable-cover-hiking-sleeping/267161510?pos=58;72" ispartialsearch="false" pogid="267161510" pos="58;72" v="p"><div alt="Quechua BREATHABLE COVER Hiking SLEEPING BAGS 5424869" atl="Quechua BREATHABLE COVER Hiking SLEEPING BAGS 5424869" class="product-image"><img border="0" class="" lazysrc="http://n2.sdlcdn.com/imgs/a/g/8/166x194/SDL789892976_1391774415_image1-dcddd.jpg" src="http://n2.sdlcdn.com/imgs/a/g/8/166x194/SDL789892976_1391774415_image1-dcddd.jpg" style="opacity: 1; "/><div class="soldout prod-grid-sold-out-lang"></div></div><div class="product_grid_cont_heading">Quechua BREATHABLE COVER Hiking SLEEPING BAGS 5424869</div><div class="product_grid_cont_price_outer"><div class="product_price "><span class="originalprice ">Rs 1999</span>  Rs 1981</div><div class="product_discount_outer"><div class="product_discount">1%</div></div></div><div class="cod-ico"><label class="lang">Cash on Delivery Available</label></div></a>
<a categoryid="159" class="hit-ss-logger" href="http://www.snapdeal.com/product/quechua-hiking-sleeping-bags-silk/212871?pos=59;72" ispartialsearch="false" pogid="212871" pos="59;72" v="p"><div alt="Quechua Hiking Sleeping Bags (Silk Square Inner)" atl="Quechua Hiking Sleeping Bags (Silk Square Inner)" class="product-image"><img border="0" class="" lazysrc="http://n4.sdlcdn.com/imgs/a/a/3/166x194/497477_Quechua_Three6_White_M_1_2x-aff13.jpg" src="http://n4.sdlcdn.com/imgs/a/a/3/166x194/497477_Quechua_Three6_White_M_1_2x-aff13.jpg" style="opacity: 1; "/><div class="soldout prod-grid-sold-out-lang"></div></div><div class="product_grid_cont_heading">Quechua Hiking Sleeping Bags (Silk Square Inner)</div><div class="product_grid_cont_price_outer"><div class="product_price "><span class="originalprice ">Rs 2999</span>  Rs 2806</div><div class="product_discount_outer"><div class="product_discount">6%</div></div></div><div class="cod-ico"><label class="lang">Cash on Delivery Available</label></div></a>
<a categoryid="159" class="hit-ss-logger" href="http://www.snapdeal.com/product/quechua-s10ultralightleft-sleeping-bag/212772?pos=60;72" ispartialsearch="false" pogid="212772" pos="60;72" v="p"><div alt="Quechua S10-Ultralight-Left  Sleeping Bag 8206690" atl="Quechua S10-Ultralight-Left  Sleeping Bag 8206690" class="product-image"><img border="0" class="" lazysrc="http://n1.sdlcdn.com/imgs/a/a/3/166x194/1474950_Quechua_Three6_L_M_1_2x-61a8a.jpg" src="http://n1.sdlcdn.com/imgs/a/a/3/166x194/1474950_Quechua_Three6_L_M_1_2x-61a8a.jpg" style="opacity: 1; "/><div class="soldout prod-grid-sold-out-lang"></div></div><div class="product_grid_cont_heading">Quechua S10-Ultralight-Left  Sleeping Bag 8206690</div><div class="ratingStarsSmall ratingStarsBelowTitle" style="background-position: 0px -36px;"><span> (1) </span></div><div class="product_grid_cont_price_outer"><div class="product_price "><span class="originalprice ">Rs 3999</span>  Rs 2546</div><div class="product_discount_outer"><div class="product_discount">36%</div></div></div><div class="cod-ico"><label class="lang">Cash on Delivery Available</label></div></a>
<a categoryid="159" class="hit-ss-logger" href="http://www.snapdeal.com/product/quechua-s15ultralightright-sleeping-bag/212770?pos=61;72" ispartialsearch="false" pogid="212770" pos="61;72" v="p"><div alt="Quechua S15-Ultralight-Right Sleeping Bag" atl="Quechua S15-Ultralight-Right Sleeping Bag" class="product-image"><img border="0" src="http://n1.sdlcdn.com/imgs/a/a/3/166x194/1474945_Quechua_Three6_XL_M_1_2x-1a6e8.jpg" style="opacity: 1; "/><div class="soldout prod-grid-sold-out-lang"></div></div><div class="product_grid_cont_heading">Quechua S15-Ultralight-Right Sleeping Bag</div><div class="product_grid_cont_price_outer"><div class="product_price "><span class="originalprice ">Rs 3499</span>  Rs 2469</div><div class="product_discount_outer"><div class="product_discount">29%</div></div></div><div class="cod-ico"><label class="lang">Cash on Delivery Available</label></div></a>
<a categoryid="159" class="hit-ss-logger" href="http://www.snapdeal.com/product/quechua-s15ultralightleft-sleeping-bag/212771?pos=62;72" ispartialsearch="false" pogid="212771" pos="62;72" v="p"><div alt="Quechua S15-Ultralight-Left Sleeping Bag" atl="Quechua S15-Ultralight-Left Sleeping Bag" class="product-image"><img border="0" class="" lazysrc="http://n1.sdlcdn.com/imgs/a/a/3/166x194/1474946_Quechua_Three6_L_M_1_2x-5571f.jpg" src="http://n1.sdlcdn.com/imgs/a/a/3/166x194/1474946_Quechua_Three6_L_M_1_2x-5571f.jpg" style="opacity: 1; "/><div class="soldout prod-grid-sold-out-lang"></div></div><div class="product_grid_cont_heading">Quechua S15-Ultralight-Left Sleeping Bag</div><div class="product_grid_cont_price_outer"><div class="product_price "><span class="originalprice ">Rs 3499</span>  Rs 2469</div><div class="product_discount_outer"><div class="product_discount">29%</div></div></div><div class="cod-ico"><label class="lang">Cash on Delivery Available</label></div></a>
<a categoryid="159" class="hit-ss-logger" href="http://www.snapdeal.com/product/quechua-s5ultralightright-sleeping-bag/212767?pos=63;72" ispartialsearch="false" pogid="212767" pos="63;72" v="p"><div alt="Quechua S5-Ultralight-Right  Sleeping Bag 8206712" atl="Quechua S5-Ultralight-Right  Sleeping Bag 8206712" class="product-image"><img border="0" class="" lazysrc="http://n3.sdlcdn.com/imgs/a/a/3/166x194/1475038_Quechua_Three6_M_M_1_2x-f457f.jpg" src="http://n3.sdlcdn.com/imgs/a/a/3/166x194/1475038_Quechua_Three6_M_M_1_2x-f457f.jpg" style="opacity: 1; "/><div class="soldout prod-grid-sold-out-lang"></div></div><div class="product_grid_cont_heading">Quechua S5-Ultralight-Right  Sleeping Bag 8206712</div><div class="ratingStarsSmall ratingStarsBelowTitle" style="background-position: 0px -180px;"><span> (8) </span></div><div class="product_grid_cont_price_outer"><div class="product_price "><span class="originalprice ">Rs 3999</span>  Rs 2897</div><div class="product_discount_outer"><div class="product_discount">28%</div></div></div><div class="cod-ico"><label class="lang">Cash on Delivery Available</label></div></a>
<a categoryid="159" class="hit-ss-logger" href="http://www.snapdeal.com/product/quechua-self-inflating-mattress-hiking/212855?pos=64;72" ispartialsearch="false" pogid="212855" pos="64;72" v="p"><div alt="Quechua Self Inflating Mattress  Hiking Sleeping Bag 8172440" atl="Quechua Self Inflating Mattress  Hiking Sleeping Bag 8172440" class="product-image"><img border="0" class="" lazysrc="http://n2.sdlcdn.com/imgs/a/a/3/166x194/1338640_Quechua_Three6_M_1_2x-1088a.jpg" src="http://n2.sdlcdn.com/imgs/a/a/3/166x194/1338640_Quechua_Three6_M_1_2x-1088a.jpg" style="opacity: 1; "/><div class="soldout prod-grid-sold-out-lang"></div></div><div class="product_grid_cont_heading">Quechua Self Inflating Mattress  Hiking Sleeping Bag 8172440</div><div class="product_grid_cont_price_outer"><div class="product_price "><span class="originalprice ">Rs 3499</span>  Rs 3013</div><div class="product_discount_outer"><div class="product_discount">14%</div></div></div><div class="cod-ico"><label class="lang">Cash on Delivery Available</label></div></a>
<a categoryid="159" class="hit-ss-logger" href="http://www.snapdeal.com/product/hobby-and-you-light-hooded/2140418947?pos=65;72" ispartialsearch="false" pogid="2140418947" pos="65;72" v="p"><div alt="Hobby And You Light Hooded Sleeping Bag For 10 Degrees" atl="Hobby And You Light Hooded Sleeping Bag For 10 Degrees" class="product-image"><img border="0" class="" lazysrc="http://n3.sdlcdn.com/imgs/a/d/r/166x194/SDL447630968_1380008223_image1-6d42d.jpg" src="http://n3.sdlcdn.com/imgs/a/d/r/166x194/SDL447630968_1380008223_image1-6d42d.jpg" style="opacity: 1; "/><div class="soldout prod-grid-sold-out-lang"></div></div><div class="product_grid_cont_heading">Hobby And You Light Hooded Sleeping Bag For 10 Degrees</div><div class="ratingStarsSmall ratingStarsBelowTitle" style="background-position: 0px -180px;"><span> (1) </span></div><div class="product_grid_cont_price_outer"><div class="product_price "><span class="originalprice ">Rs 1999</span>  Rs 1717</div><div class="product_discount_outer"><div class="product_discount">14%</div></div></div><div class="cod-ico"><label class="lang">Cash on Delivery Available</label></div></a>
<a categoryid="159" class="hit-ss-logger" href="http://www.snapdeal.com/product/wildcraft-sleeping-bag-delite-red/1957000664?pos=66;72" ispartialsearch="false" pogid="1957000664" pos="66;72" v="p"><div alt="Wildcraft Sleeping Bag Delite (Red)" atl="Wildcraft Sleeping Bag Delite (Red)" class="product-image"><img border="0" class="" lazysrc="http://n3.sdlcdn.com/imgs/a/g/y/166x194/SDL522723256_1390226997_image1-f622b.jpg" src="http://n3.sdlcdn.com/imgs/a/g/y/166x194/SDL522723256_1390226997_image1-f622b.jpg" style="opacity: 1; "/><div class="soldout prod-grid-sold-out-lang"></div></div><div class="product_grid_cont_heading">Wildcraft Sleeping Bag Delite (Red)</div><div class="product_grid_cont_price_outer"><div class="product_price no-float"><span class="originalprice no-display">Rs 2495</span>  Rs 2495</div></div><div class="cod-ico"><label class="lang">Cash on Delivery Available</label></div></a>
<a categoryid="159" class="hit-ss-logger" href="http://www.snapdeal.com/product/wildcraft-sleeping-bag-t-lite/499054433?pos=67;72" ispartialsearch="false" pogid="499054433" pos="67;72" v="p"><div alt="Wildcraft Sleeping Bag T Lite (Red)" atl="Wildcraft Sleeping Bag T Lite (Red)" class="product-image"><img border="0" class="" lazysrc="http://n3.sdlcdn.com/imgs/a/g/y/166x194/SDL522082059_1390226945_image1-2ee08.jpg" src="http://n3.sdlcdn.com/imgs/a/g/y/166x194/SDL522082059_1390226945_image1-2ee08.jpg" style="opacity: 1; "/><div class="soldout prod-grid-sold-out-lang"></div></div><div class="product_grid_cont_heading">Wildcraft Sleeping Bag T Lite (Red)</div><div class="product_grid_cont_price_outer"><div class="product_price no-float"><span class="originalprice no-display">Rs 2995</span>  Rs 2995</div></div><div class="cod-ico"><label class="lang">Cash on Delivery Available</label></div></a>
<a categoryid="159" class="hit-ss-logger" href="http://www.snapdeal.com/product/quechua-bionnassay-5-hiking-sleeping/677393?pos=68;72" ispartialsearch="false" pogid="677393" pos="68;72" v="p"><div alt="Quechua Bionnassay 5 Hiking  Sleeping Bags 8127476" atl="Quechua Bionnassay 5 Hiking  Sleeping Bags 8127476" class="product-image"><img border="0" class="" lazysrc="http://n2.sdlcdn.com/imgs/a/a/b/166x194/SDL002388093_image1-44f42.jpg" src="http://n2.sdlcdn.com/imgs/a/a/b/166x194/SDL002388093_image1-44f42.jpg" style="opacity: 1; "/><div class="soldout prod-grid-sold-out-lang"></div></div><div class="product_grid_cont_heading">Quechua Bionnassay 5 Hiking  Sleeping Bags 8127476</div><div class="ratingStarsSmall ratingStarsBelowTitle" style="background-position: 0px -180px;"><span> (3) </span></div><div class="product_grid_cont_price_outer"><div class="product_price "><span class="originalprice ">Rs 3999</span>  Rs 3842</div><div class="product_discount_outer"><div class="product_discount">4%</div></div></div><div class="cod-ico"><label class="lang">Cash on Delivery Available</label></div></a>
<a categoryid="159" class="hit-ss-logger" href="http://www.snapdeal.com/product/quechua-s10-grey-hiking-sleeping/680081?pos=69;72" ispartialsearch="false" pogid="680081" pos="69;72" v="p"><div alt="Quechua S10 Grey Hiking Sleeping  Bags 8206755" atl="Quechua S10 Grey Hiking Sleeping  Bags 8206755" class="product-image"><img border="0" class="" lazysrc="http://n4.sdlcdn.com/imgs/a/a/b/166x194/SDL247984931_1362050749_image1-e1f9e.jpg" src="http://n4.sdlcdn.com/imgs/a/a/b/166x194/SDL247984931_1362050749_image1-e1f9e.jpg" style="opacity: 1; "/><div class="soldout prod-grid-sold-out-lang"></div></div><div class="product_grid_cont_heading">Quechua S10 Grey Hiking Sleeping  Bags 8206755</div><div class="ratingStarsSmall ratingStarsBelowTitle" style="background-position: 0px -162px;"><span> (14) </span></div><div class="product_grid_cont_price_outer"><div class="product_price "><span class="originalprice ">Rs 1499</span>  Rs 1301</div><div class="product_discount_outer"><div class="product_discount">13%</div></div></div><div class="cod-ico"><label class="lang">Cash on Delivery Available</label></div></a>
<a categoryid="159" class="hit-ss-logger" href="http://www.snapdeal.com/product/quechua-s-20-hiking-sleeping/623308?pos=70;72" ispartialsearch="false" pogid="623308" pos="70;72" v="p"><div alt="Quechua S 20 Hiking Sleeping Bag  Zip 8216095" atl="Quechua S 20 Hiking Sleeping Bag  Zip 8216095" class="product-image"><img border="0" class="" lazysrc="http://n3.sdlcdn.com/imgs/a/a/h/166x194/1508516_Three6_Decathlon_M_1_2X-de509.jpg" src="http://n3.sdlcdn.com/imgs/a/a/h/166x194/1508516_Three6_Decathlon_M_1_2X-de509.jpg" style="opacity: 1; "/><div class="soldout prod-grid-sold-out-lang"></div></div><div class="product_grid_cont_heading">Quechua S 20 Hiking Sleeping Bag  Zip 8216095</div><div class="ratingStarsSmall ratingStarsBelowTitle" style="background-position: 0px -162px;"><span> (22) </span></div><div class="product_grid_cont_price_outer"><div class="product_price "><span class="originalprice ">Rs 799</span>  Rs 714</div><div class="product_discount_outer"><div class="product_discount">11%</div></div></div><div class="cod-ico"><label class="lang">Cash on Delivery Available</label></div></a>
<a categoryid="159" class="hit-ss-logger" href="http://www.snapdeal.com/product/quechua-s20-hiking-sleeping-bag/630654?pos=71;72" ispartialsearch="false" pogid="630654" pos="71;72" v="p"><div alt="Quechua S20 Hiking Sleeping Bag 8216096" atl="Quechua S20 Hiking Sleeping Bag 8216096" class="product-image"><img border="0" class="" lazysrc="http://n2.sdlcdn.com/imgs/a/a/h/166x194/1508517_Three6_Decathlon_M_1_2x-2877a.jpg" src="http://n2.sdlcdn.com/imgs/a/a/h/166x194/1508517_Three6_Decathlon_M_1_2x-2877a.jpg" style="opacity: 1; "/><div class="soldout prod-grid-sold-out-lang"></div></div><div class="product_grid_cont_heading">Quechua S20 Hiking Sleeping Bag 8216096</div><div class="ratingStarsSmall ratingStarsBelowTitle" style="background-position: 0px -162px;"><span> (20) </span></div><div class="product_grid_cont_price_outer"><div class="product_price "><span class="originalprice ">Rs 799</span>  Rs 775</div><div class="product_discount_outer"><div class="product_discount">3%</div></div></div><div class="cod-ico"><label class="lang">Cash on Delivery Available</label></div></a>
