<a categoryid="164" class="hit-ss-logger" href="http://www.snapdeal.com/product/prince-touch-ti-tennis-racket/1342206?pos=0;58" ispartialsearch="false" pogid="1342206" pos="0;58" v="p">
<div atl="Prince Touch Ti Tennis Racket" class="product-image">
<img border="0" class="" src="http://n4.sdlcdn.com/imgs/a/b/j/166x194/SDL054857635_1366631664_image1-62db8.jpg" style="opacity: 1; "/>
<div class="shippingImage tooltip">
<span class="box">
<span class="arw"></span>
<label class="dispatched-one-day-lang">Dispatched in 1 business day</label>
</span>
</div>
</div>
<div class="product_grid_cont_heading">
				Prince Touch Ti Tennis Racket</div>
<div class="product_grid_cont_price_outer">
<div class="product_price ">
<span class="originalprice ">Rs
									5199</span> Rs 3639
							</div>
<div class="product_discount_outer ">
<div class="product_discount">
									30%
								</div>
</div>
</div>
<div class="cod-ico"><label class="lang">Cash on Delivery Available</label></div>
</a>
<a categoryid="164" class="hit-ss-logger" href="http://www.snapdeal.com/product/jonex-9160-tennis-racket/1374337691?pos=1;58" ispartialsearch="false" pogid="1374337691" pos="1;58" v="p">
<div atl="Jonex 9160 Tennis Racket" class="product-image">
<img border="0" class="" src="http://n3.sdlcdn.com/imgs/a/c/0/166x194/SDL566896445_1373349561_image1-055d8.jpg" style="opacity: 1; "/>
</div>
<div class="product_grid_cont_heading">
				Jonex 9160 Tennis Racket</div>
<div class="ratingStarsSmall ratingStarsBelowTitle" pos="5.0" style="background-position: 0px -180px; "><span>(1)</span></div>
<script type="text/javascript">
						var ratingState = true;
					</script>
<div class="product_grid_cont_price_outer">
<div class="product_price ">
<span class="originalprice ">Rs
									1300</span> Rs 906
							</div>
<div class="product_discount_outer ">
<div class="product_discount">
									30%
								</div>
</div>
</div>
<div class="cod-ico"><label class="lang">Cash on Delivery Available</label></div>
</a>
<a categoryid="164" class="hit-ss-logger" href="http://www.snapdeal.com/product/babolat-drive-z-lite-unstrung/1569906342?pos=2;58" ispartialsearch="false" pogid="1569906342" pos="2;58" v="p">
<div atl="Babolat Drive Z Lite Unstrung Tennis Racket (4-1/4)" class="product-image">
<img border="0" class="" src="http://n2.sdlcdn.com/imgs/a/f/0/166x194/SDL087710614_1384339593_image1-499b7.jpg" style="opacity: 1; "/>
</div>
<div class="product_grid_cont_heading">
				Babolat Drive Z Lite Unstrung Tennis Racket (4-1/4)</div>
<div class="product_grid_cont_price_outer">
<div class="product_price ">
<span class="originalprice ">Rs
									13000</span> Rs 9131
							</div>
<div class="product_discount_outer ">
<div class="product_discount">
									30%
								</div>
</div>
</div>
</a>
<a categoryid="164" class="hit-ss-logger" href="http://www.snapdeal.com/product/babolat-tr-aeropro-lite-gt/1440416180?pos=3;58" ispartialsearch="false" pogid="1440416180" pos="3;58" v="p">
<div atl="Babolat T/R Aeropro Lite GT Sr. Tennis Racket" class="product-image">
<img border="0" class="" src="http://n4.sdlcdn.com/imgs/a/b/w/166x194/SDL658241384_1372922726_image1-4b019.jpg" style="opacity: 1; "/>
</div>
<div class="product_grid_cont_heading">
				Babolat T/R Aeropro Lite GT Sr. Tennis Racket</div>
<div class="product_grid_cont_price_outer">
<div class="product_price ">
<span class="originalprice ">Rs
									18000</span> Rs 12605
							</div>
<div class="product_discount_outer ">
<div class="product_discount">
									30%
								</div>
</div>
</div>
</a>
<a categoryid="164" class="hit-ss-logger" href="http://www.snapdeal.com/product/babolat-tr-drive-z-lite/1826587090?pos=4;58" ispartialsearch="false" pogid="1826587090" pos="4;58" v="p">
<div atl="Babolat T/R Drive Z Lite (Cortex) Sr. Tennis Racket (4-3/8)" class="product-image">
<img border="0" class="" src="http://n4.sdlcdn.com/imgs/a/b/w/166x194/SDL616216279_1372922739_image1-c5287.jpg" style="opacity: 1; "/>
</div>
<div class="product_grid_cont_heading">
				Babolat T/R Drive Z Lite (Cortex) Sr. Tennis Racket (4-3/8)</div>
<div class="product_grid_cont_price_outer">
<div class="product_price ">
<span class="originalprice ">Rs
									12800</span> Rs 8992
							</div>
<div class="product_discount_outer ">
<div class="product_discount">
									30%
								</div>
</div>
</div>
<div class="cod-ico"><label class="lang">Cash on Delivery Available</label></div>
</a>
<a categoryid="164" class="hit-ss-logger" href="http://www.snapdeal.com/product/babolat-pure-storm-gt-tennis/449203441?pos=5;58" ispartialsearch="false" pogid="449203441" pos="5;58" v="p">
<div atl="Babolat Pure Storm GT Tennis Racket (4-3/8)" class="product-image">
<img border="0" class="" src="http://n1.sdlcdn.com/imgs/a/f/0/166x194/SDL080981669_1384339580_image1-3a140.jpg" style="opacity: 1; "/>
</div>
<div class="product_grid_cont_heading">
				Babolat Pure Storm GT Tennis Racket (4-3/8)</div>
<div class="product_grid_cont_price_outer">
<div class="product_price ">
<span class="originalprice ">Rs
									15000</span> Rs 10520
							</div>
<div class="product_discount_outer ">
<div class="product_discount">
									30%
								</div>
</div>
</div>
</a>
<a categoryid="164" class="hit-ss-logger" href="http://www.snapdeal.com/product/babolat-tr-drive-z-tour/2128135246?pos=6;58" ispartialsearch="false" pogid="2128135246" pos="6;58" v="p">
<div atl="Babolat T/R Drive Z Tour Sr. Tennis Racket (4-3/8)" class="product-image">
<img border="0" class="" src="http://n1.sdlcdn.com/imgs/a/b/w/166x194/SDL617512247_1372922715_image1-775ca.jpg" style="opacity: 1; "/>
</div>
<div class="product_grid_cont_heading">
				Babolat T/R Drive Z Tour Sr. Tennis Racket (4-3/8)</div>
<div class="product_grid_cont_price_outer">
<div class="product_price ">
<span class="originalprice ">Rs
									12000</span> Rs 8436
							</div>
<div class="product_discount_outer ">
<div class="product_discount">
									30%
								</div>
</div>
</div>
<div class="cod-ico"><label class="lang">Cash on Delivery Available</label></div>
</a>
<a categoryid="164" class="hit-ss-logger" href="http://www.snapdeal.com/product/babolat-tr-aeropro-drive-gt/251366521?pos=7;58" ispartialsearch="false" pogid="251366521" pos="7;58" v="p">
<div atl="Babolat T/R Aeropro Drive GT Sr. Tennis Racket" class="product-image">
<img border="0" class="" src="http://n3.sdlcdn.com/imgs/a/b/w/166x194/SDL654227212_1372922712_image1-ca8ec.JPG" style="opacity: 1; "/>
</div>
<div class="product_grid_cont_heading">
				Babolat T/R Aeropro Drive GT Sr. Tennis Racket</div>
<div class="product_grid_cont_price_outer">
<div class="product_price ">
<span class="originalprice ">Rs
									18000</span> Rs 12605
							</div>
<div class="product_discount_outer ">
<div class="product_discount">
									30%
								</div>
</div>
</div>
</a>
<a categoryid="164" class="hit-ss-logger" href="http://www.snapdeal.com/product/babolat-tr-y-105-french/243646278?pos=8;58" ispartialsearch="false" pogid="243646278" pos="8;58" v="p">
<div atl="Babolat T/R Y 105 French Open (RG) Sr. Tennis Racket" class="product-image">
<img border="0" class="" src="http://n2.sdlcdn.com/imgs/a/b/w/166x194/SDL661930471_1372922716_image1-41ead.JPG" style="opacity: 1; "/>
</div>
<div class="product_grid_cont_heading">
				Babolat T/R Y 105 French Open (RG) Sr. Tennis Racket</div>
<div class="product_grid_cont_price_outer">
<div class="product_price ">
<span class="originalprice ">Rs
									14999</span> Rs 10519
							</div>
<div class="product_discount_outer ">
<div class="product_discount">
									30%
								</div>
</div>
</div>
</a>
<a categoryid="164" class="hit-ss-logger" href="http://www.snapdeal.com/product/prince-exo3-black-tennis-racket/196793?pos=9;58" ispartialsearch="false" pogid="196793" pos="9;58" v="p">
<div atl="Prince Exo3 Black Tennis Racket" class="product-image">
<img border="0" class="" src="http://i4.sdlcdn.com/img/product/main/166x194/Freewill_20418_M_1_2x_new.jpg" style="opacity: 1; "/>
</div>
<div class="product_grid_cont_heading">
				Prince Exo3 Black Tennis Racket</div>
<div class="product_grid_cont_price_outer">
<div class="product_price ">
<span class="originalprice ">Rs
									13399</span> Rs 9379
							</div>
<div class="product_discount_outer ">
<div class="product_discount">
									30%
								</div>
</div>
</div>
</a>
<a categoryid="164" class="hit-ss-logger" href="http://www.snapdeal.com/product/prince-exo3-rebel-lite-98/196792?pos=10;58" ispartialsearch="false" pogid="196792" pos="10;58" v="p">
<div atl="Prince Exo3 Rebel Lite 98 Tennis  Racket" class="product-image">
<img border="0" class="" src="http://i3.sdlcdn.com/img/product/main/166x194/Freewill_20417G3_M_1_2x_new.jpg" style="opacity: 1; "/>
</div>
<div class="product_grid_cont_heading">
				Prince Exo3 Rebel Lite 98 Tennis  Racket</div>
<div class="product_grid_cont_price_outer">
<div class="product_price ">
<span class="originalprice ">Rs
									9999</span> Rs 6999
							</div>
<div class="product_discount_outer ">
<div class="product_discount">
									30%
								</div>
</div>
</div>
<div class="cod-ico"><label class="lang">Cash on Delivery Available</label></div>
</a>
<a categoryid="164" class="hit-ss-logger" href="http://www.snapdeal.com/product/prince-airo-intense-ti-os/196795?pos=11;58" ispartialsearch="false" pogid="196795" pos="11;58" v="p">
<div atl="Prince Airo Intense Ti Os Tennis  Racket" class="product-image">
<img border="0" class="" src="http://n1.sdlcdn.com/imgs/a/a/2/166x194/Freewill_20431_M_1_2x_new-7b7d1.jpg" style="opacity: 1; "/>
</div>
<div class="product_grid_cont_heading">
				Prince Airo Intense Ti Os Tennis  Racket</div>
<div class="product_grid_cont_price_outer">
<div class="product_price ">
<span class="originalprice ">Rs
									4579</span> Rs 3205
							</div>
<div class="product_discount_outer ">
<div class="product_discount">
									30%
								</div>
</div>
</div>
<div class="cod-ico"><label class="lang">Cash on Delivery Available</label></div>
</a>
<a categoryid="164" class="hit-ss-logger" href="http://www.snapdeal.com/product/prince-jr-hot-shot-26/196797?pos=12;58" ispartialsearch="false" pogid="196797" pos="12;58" v="p">
<div atl="Prince Jr. Hot Shot 26 Tennis  Racket" class="product-image">
<img border="0" class="" src="http://i4.sdlcdn.com/img/product/main/166x194/Freewill_20403_M_1_2x_new.jpg" style="opacity: 1; "/>
</div>
<div class="product_grid_cont_heading">
				Prince Jr. Hot Shot 26 Tennis  Racket</div>
<div class="product_grid_cont_price_outer">
<div class="product_price ">
<span class="originalprice ">Rs
									3599</span> Rs 2519
							</div>
<div class="product_discount_outer ">
<div class="product_discount">
									30%
								</div>
</div>
</div>
<div class="cod-ico"><label class="lang">Cash on Delivery Available</label></div>
</a>
<a categoryid="164" class="hit-ss-logger" href="http://www.snapdeal.com/product/prince-jr-shark-23-tennis/196799?pos=13;58" ispartialsearch="false" pogid="196799" pos="13;58" v="p">
<div atl="Prince Jr. Shark 23 Tennis Racket" class="product-image">
<img border="0" class="" src="http://n3.sdlcdn.com/imgs/a/a/2/166x194/Freewill_20401_M_1_2x_new-682ce.jpg" style="opacity: 1; "/>
</div>
<div class="product_grid_cont_heading">
				Prince Jr. Shark 23 Tennis Racket</div>
<div class="product_grid_cont_price_outer">
<div class="product_price ">
<span class="originalprice ">Rs
									2659</span> Rs 1861
							</div>
<div class="product_discount_outer ">
<div class="product_discount">
									30%
								</div>
</div>
</div>
<div class="cod-ico"><label class="lang">Cash on Delivery Available</label></div>
</a>
<a categoryid="164" class="hit-ss-logger" href="http://www.snapdeal.com/product/prince-tour-26-tennis-racket/196798?pos=14;58" ispartialsearch="false" pogid="196798" pos="14;58" v="p">
<div atl="Prince Tour 26 Tennis Racket" class="product-image">
<img border="0" class="" src="http://i2.sdlcdn.com/img/product/main/166x194/Freewill_20405_M_1_2x_new.jpg" style="opacity: 1; "/>
</div>
<div class="product_grid_cont_heading">
				Prince Tour 26 Tennis Racket</div>
<div class="product_grid_cont_price_outer">
<div class="product_price ">
<span class="originalprice ">Rs
									5599</span> Rs 3919
							</div>
<div class="product_discount_outer ">
<div class="product_discount">
									30%
								</div>
</div>
</div>
<div class="cod-ico"><label class="lang">Cash on Delivery Available</label></div>
</a>
<a categoryid="164" class="hit-ss-logger" href="http://www.snapdeal.com/product/prince-hornet-100-tennis-racket/196786?pos=15;58" ispartialsearch="false" pogid="196786" pos="15;58" v="p">
<div atl="Prince Hornet 100 Tennis Racket" class="product-image">
<img border="0" class="" src="http://i4.sdlcdn.com/img/product/main/166x194/Freewill_20412_M_1_2x_new.jpg" style="opacity: 1; "/>
</div>
<div class="product_grid_cont_heading">
				Prince Hornet 100 Tennis Racket</div>
<div class="product_grid_cont_price_outer">
<div class="product_price ">
<span class="originalprice ">Rs
									11999</span> Rs 8399
							</div>
<div class="product_discount_outer ">
<div class="product_discount">
									30%
								</div>
</div>
</div>
<div class="cod-ico"><label class="lang">Cash on Delivery Available</label></div>
</a>
<a categoryid="164" class="hit-ss-logger" href="http://www.snapdeal.com/product/prince-exo3-tour-tennis-racket/196788?pos=16;58" ispartialsearch="false" pogid="196788" pos="16;58" v="p">
<div atl="Prince Exo3 Tour Tennis Racket" class="product-image">
<img border="0" class="" src="http://i1.sdlcdn.com/img/product/main/166x194/Freewill_20415G3_M_1_2x_new.jpg" style="opacity: 1; "/>
</div>
<div class="product_grid_cont_heading">
				Prince Exo3 Tour Tennis Racket</div>
<div class="product_grid_cont_price_outer">
<div class="product_price ">
<span class="originalprice ">Rs
									13999</span> Rs 9799
							</div>
<div class="product_discount_outer ">
<div class="product_discount">
									30%
								</div>
</div>
</div>
</a>
<a categoryid="164" class="hit-ss-logger" href="http://www.snapdeal.com/product/prince-exo3-tour-lite-100/196790?pos=17;58" ispartialsearch="false" pogid="196790" pos="17;58" v="p">
<div atl="Prince Exo3 Tour Lite 100 Tennis  Racket" class="product-image">
<img border="0" class="" src="http://i4.sdlcdn.com/img/product/main/166x194/Freewill_20416G3_M_1_2x_new.jpg" style="opacity: 1; "/>
</div>
<div class="product_grid_cont_heading">
				Prince Exo3 Tour Lite 100 Tennis  Racket</div>
<div class="product_grid_cont_price_outer">
<div class="product_price ">
<span class="originalprice ">Rs
									9999</span> Rs 6999
							</div>
<div class="product_discount_outer ">
<div class="product_discount">
									30%
								</div>
</div>
</div>
<div class="cod-ico"><label class="lang">Cash on Delivery Available</label></div>
</a>
<a categoryid="164" class="hit-ss-logger" href="http://www.snapdeal.com/product/prince-jr-shark-21-tennis/196800?pos=18;58" ispartialsearch="false" pogid="196800" pos="18;58" v="p">
<div atl="Prince Jr. Shark 21 Tennis Racket" class="product-image">
<img border="0" class="" src="http://i3.sdlcdn.com/img/product/main/166x194/Freewill_20402_M_1_2x_new.jpg" style="opacity: 1; "/>
</div>
<div class="product_grid_cont_heading">
				Prince Jr. Shark 21 Tennis Racket</div>
<div class="product_grid_cont_price_outer">
<div class="product_price ">
<span class="originalprice ">Rs
									2659</span> Rs 1861
							</div>
<div class="product_discount_outer ">
<div class="product_discount">
									30%
								</div>
</div>
</div>
<div class="cod-ico"><label class="lang">Cash on Delivery Available</label></div>
</a>
<a categoryid="164" class="hit-ss-logger" href="http://www.snapdeal.com/product/prince-jr-shark-25-tennis/196930?pos=19;58" ispartialsearch="false" pogid="196930" pos="19;58" v="p">
<div atl="Prince Jr. Shark 25 Tennis Racket" class="product-image">
<img border="0" class="" src="http://i1.sdlcdn.com/img/product/main/166x194/Freewill_20400_M_1_2x_new.jpg" style="opacity: 1; "/>
</div>
<div class="product_grid_cont_heading">
				Prince Jr. Shark 25 Tennis Racket</div>
<div class="product_grid_cont_price_outer">
<div class="product_price ">
<span class="originalprice ">Rs
									2359</span> Rs 1651
							</div>
<div class="product_discount_outer ">
<div class="product_discount">
									30%
								</div>
</div>
</div>
<div class="cod-ico"><label class="lang">Cash on Delivery Available</label></div>
</a>
<a categoryid="159" class="hit-ss-logger" href="http://www.snapdeal.com/product/tecnifibre-x-one-carat-tennis/1573224378?pos=20;58" ispartialsearch="false" pogid="1573224378" pos="20;58" v="p"><div alt="Tecnifibre X- One Carat Tennis Racket" atl="Tecnifibre X- One Carat Tennis Racket" class="product-image"><img border="0" class="" lazysrc="http://n3.sdlcdn.com/imgs/a/c/3/166x194/SDL093889143_1374556996_image1-2fa03.jpg" src="http://n3.sdlcdn.com/imgs/a/c/3/166x194/SDL093889143_1374556996_image1-2fa03.jpg" style="opacity: 1; "/></div><div class="product_grid_cont_heading">Tecnifibre X- One Carat Tennis Racket</div><div class="product_grid_cont_price_outer"><div class="product_price "><span class="originalprice ">Rs 12399</span>  Rs 8679</div><div class="product_discount_outer"><div class="product_discount">30%</div></div></div><div class="cod-ico"><label class="lang">Cash on Delivery Available</label></div></a>
<a categoryid="159" class="hit-ss-logger" href="http://www.snapdeal.com/product/tecnifibre-speedring-ltd-tennis-racket/1674453002?pos=21;58" ispartialsearch="false" pogid="1674453002" pos="21;58" v="p"><div alt="Tecnifibre Speedring Ltd Tennis Racket" atl="Tecnifibre Speedring Ltd Tennis Racket" class="product-image"><img border="0" src="http://n1.sdlcdn.com/imgs/a/c/3/166x194/SDL103598055_1374558356_image1-776de.jpg" style="opacity: 1; "/></div><div class="product_grid_cont_heading">Tecnifibre Speedring Ltd Tennis Racket</div><div class="product_grid_cont_price_outer"><div class="product_price "><span class="originalprice ">Rs 4399</span>  Rs 3079</div><div class="product_discount_outer"><div class="product_discount">30%</div></div></div><div class="cod-ico"><label class="lang">Cash on Delivery Available</label></div></a>
<a categoryid="159" class="hit-ss-logger" href="http://www.snapdeal.com/product/tecnifibre-black-litegraphite-tennis-racket/1473011493?pos=22;58" ispartialsearch="false" pogid="1473011493" pos="22;58" v="p"><div alt="Tecnifibre Black Lite(Graphite) Tennis Racket" atl="Tecnifibre Black Lite(Graphite) Tennis Racket" class="product-image"><img border="0" class="" lazysrc="http://n4.sdlcdn.com/imgs/a/c/3/166x194/SDL094662033_1374557001_image1-94532.jpg" src="http://n4.sdlcdn.com/imgs/a/c/3/166x194/SDL094662033_1374557001_image1-94532.jpg" style="opacity: 1; "/></div><div class="product_grid_cont_heading">Tecnifibre Black Lite(Graphite) Tennis Racket</div><div class="product_grid_cont_price_outer"><div class="product_price "><span class="originalprice ">Rs 5599</span>  Rs 3919</div><div class="product_discount_outer"><div class="product_discount">30%</div></div></div><div class="cod-ico"><label class="lang">Cash on Delivery Available</label></div></a>
<a categoryid="159" class="hit-ss-logger" href="http://www.snapdeal.com/product/babolat-tr-pure-drive-lite/563448689?pos=23;58" ispartialsearch="false" pogid="563448689" pos="23;58" v="p"><div alt="Babolat T/R Pure Drive Lite GT Sr. Tennis Racket" atl="Babolat T/R Pure Drive Lite GT Sr. Tennis Racket" class="product-image"><img border="0" class="" lazysrc="http://n3.sdlcdn.com/imgs/a/b/w/166x194/SDL660063444_1372922722_image1-e369f.jpg" src="http://n3.sdlcdn.com/imgs/a/b/w/166x194/SDL660063444_1372922722_image1-e369f.jpg" style="opacity: 1; "/></div><div class="product_grid_cont_heading">Babolat T/R Pure Drive Lite GT Sr. Tennis Racket</div><div class="product_grid_cont_price_outer"><div class="product_price "><span class="originalprice ">Rs 16000</span>  Rs 11215</div><div class="product_discount_outer"><div class="product_discount">30%</div></div></div></a>
<a categoryid="159" class="hit-ss-logger" href="http://www.snapdeal.com/product/babolat-pure-drive-lite-gt/596945170?pos=24;58" ispartialsearch="false" pogid="596945170" pos="24;58" v="p"><div alt="Babolat Pure Drive Lite GT Tennis Racket (4-3/8)" atl="Babolat Pure Drive Lite GT Tennis Racket (4-3/8)" class="product-image"><img border="0" class="" lazysrc="http://n3.sdlcdn.com/imgs/a/f/0/166x194/SDL076622653_1384339539_image1-c5fc8.jpg" src="http://n3.sdlcdn.com/imgs/a/f/0/166x194/SDL076622653_1384339539_image1-c5fc8.jpg" style="opacity: 1; "/></div><div class="product_grid_cont_heading">Babolat Pure Drive Lite GT Tennis Racket (4-3/8)</div><div class="product_grid_cont_price_outer"><div class="product_price "><span class="originalprice ">Rs 16000</span>  Rs 11215</div><div class="product_discount_outer"><div class="product_discount">30%</div></div></div></a>
<a categoryid="159" class="hit-ss-logger" href="http://www.snapdeal.com/product/tecnifibre-tflash-315-speedflex-tennis/368509419?pos=25;58" ispartialsearch="false" pogid="368509419" pos="25;58" v="p"><div alt="Tecnifibre T-Flash 315 Speedflex Tennis Racket" atl="Tecnifibre T-Flash 315 Speedflex Tennis Racket" class="product-image"><img border="0" class="" lazysrc="http://n1.sdlcdn.com/imgs/a/c/3/166x194/SDL093696952_1374557023_image1-c65f8.jpg" src="http://n1.sdlcdn.com/imgs/a/c/3/166x194/SDL093696952_1374557023_image1-c65f8.jpg" style="opacity: 1; "/></div><div class="product_grid_cont_heading">Tecnifibre T-Flash 315 Speedflex Tennis Racket</div><div class="product_grid_cont_price_outer"><div class="product_price "><span class="originalprice ">Rs 12239</span>  Rs 8567</div><div class="product_discount_outer"><div class="product_discount">30%</div></div></div></a>
<a categoryid="159" class="hit-ss-logger" href="http://www.snapdeal.com/product/tecnifibre-t-fight-255-vo2/196826?pos=26;58" ispartialsearch="false" pogid="196826" pos="26;58" v="p"><div alt="Tecnifibre T Fight 255 Vo2 Max   Tennis Racket" atl="Tecnifibre T Fight 255 Vo2 Max   Tennis Racket" class="product-image"><img border="0" class="" lazysrc="http://n2.sdlcdn.com/imgs/a/a/2/166x194/Freewill_9001_M_1_2x-5c171.jpg" src="http://n2.sdlcdn.com/imgs/a/a/2/166x194/Freewill_9001_M_1_2x-5c171.jpg" style="opacity: 1; "/></div><div class="product_grid_cont_heading">Tecnifibre T Fight 255 Vo2 Max   Tennis Racket</div><div class="product_grid_cont_price_outer"><div class="product_price "><span class="originalprice ">Rs 10599</span>  Rs 7419</div><div class="product_discount_outer"><div class="product_discount">30%</div></div></div><div class="cod-ico"><label class="lang">Cash on Delivery Available</label></div></a>
<a categoryid="159" class="hit-ss-logger" href="http://www.snapdeal.com/product/tecnifibre-26-bullit-1-tennis/196828?pos=27;58" ispartialsearch="false" pogid="196828" pos="27;58" v="p"><div alt="Tecnifibre 26 Bullit 1 Tennis  Racket" atl="Tecnifibre 26 Bullit 1 Tennis  Racket" class="product-image"><img border="0" class="" lazysrc="http://n1.sdlcdn.com/imgs/a/a/2/166x194/Freewill_9040_M_1_2x-fba71.jpg" src="http://n1.sdlcdn.com/imgs/a/a/2/166x194/Freewill_9040_M_1_2x-fba71.jpg" style="opacity: 1; "/></div><div class="product_grid_cont_heading">Tecnifibre 26 Bullit 1 Tennis  Racket</div><div class="product_grid_cont_price_outer"><div class="product_price "><span class="originalprice ">Rs 2499</span>  Rs 1749</div><div class="product_discount_outer"><div class="product_discount">30%</div></div></div><div class="cod-ico"><label class="lang">Cash on Delivery Available</label></div></a>
<a categoryid="159" class="hit-ss-logger" href="http://www.snapdeal.com/product/tecnifibre-bullit-2-jr-tennis/196830?pos=28;58" ispartialsearch="false" pogid="196830" pos="28;58" v="p"><div alt="Tecnifibre Bullit 2 Jr Tennis Racket" atl="Tecnifibre Bullit 2 Jr Tennis Racket" class="product-image"><img border="0" class="" lazysrc="http://n4.sdlcdn.com/imgs/a/a/2/166x194/Freewill_9041_M_1_2x-2e817.jpg" src="http://n4.sdlcdn.com/imgs/a/a/2/166x194/Freewill_9041_M_1_2x-2e817.jpg" style="opacity: 1; "/></div><div class="product_grid_cont_heading">Tecnifibre Bullit 2 Jr Tennis Racket</div><div class="product_grid_cont_price_outer"><div class="product_price "><span class="originalprice ">Rs 2439</span>  Rs 1707</div><div class="product_discount_outer"><div class="product_discount">30%</div></div></div><div class="cod-ico"><label class="lang">Cash on Delivery Available</label></div></a>
<a categoryid="159" class="hit-ss-logger" href="http://www.snapdeal.com/product/tecnifibre-black-tennis-racket/196831?pos=29;58" ispartialsearch="false" pogid="196831" pos="29;58" v="p"><div alt="Tecnifibre Black Tennis Racket" atl="Tecnifibre Black Tennis Racket" class="product-image"><img border="0" class="" lazysrc="http://n3.sdlcdn.com/imgs/a/a/2/166x194/Freewill_9127_M_1_2x-08795.jpg" src="http://n3.sdlcdn.com/imgs/a/a/2/166x194/Freewill_9127_M_1_2x-08795.jpg" style="opacity: 1; "/></div><div class="product_grid_cont_heading">Tecnifibre Black Tennis Racket</div><div class="product_grid_cont_price_outer"><div class="product_price "><span class="originalprice ">Rs 4799</span>  Rs 3359</div><div class="product_discount_outer"><div class="product_discount">30%</div></div></div><div class="cod-ico"><label class="lang">Cash on Delivery Available</label></div></a>
<a categoryid="159" class="hit-ss-logger" href="http://www.snapdeal.com/product/tecnifibre-tgv-spped-tennis-racket/196832?pos=30;58" ispartialsearch="false" pogid="196832" pos="30;58" v="p"><div alt="Tecnifibre Tgv Spped Tennis  Racket" atl="Tecnifibre Tgv Spped Tennis  Racket" class="product-image"><img border="0" class="" lazysrc="http://n3.sdlcdn.com/imgs/a/a/2/166x194/Freewill_9134_M_1_2x-b25ac.jpg" src="http://n3.sdlcdn.com/imgs/a/a/2/166x194/Freewill_9134_M_1_2x-b25ac.jpg" style="opacity: 1; "/></div><div class="product_grid_cont_heading">Tecnifibre Tgv Spped Tennis  Racket</div><div class="product_grid_cont_price_outer"><div class="product_price "><span class="originalprice ">Rs 10999</span>  Rs 7699</div><div class="product_discount_outer"><div class="product_discount">30%</div></div></div><div class="cod-ico"><label class="lang">Cash on Delivery Available</label></div></a>
<a categoryid="159" class="hit-ss-logger" href="http://www.snapdeal.com/product/tecnifibre-tfight315-speedflex-tennis-racket/196835?pos=31;58" ispartialsearch="false" pogid="196835" pos="31;58" v="p"><div alt="Tecnifibre T-Fight-315 Speedflex  Tennis Racket" atl="Tecnifibre T-Fight-315 Speedflex  Tennis Racket" class="product-image"><img border="0" class="" lazysrc="http://n4.sdlcdn.com/imgs/a/a/2/166x194/Freewill_9008_M_1_2x-76adb.jpg" src="http://n4.sdlcdn.com/imgs/a/a/2/166x194/Freewill_9008_M_1_2x-76adb.jpg" style="opacity: 1; "/></div><div class="product_grid_cont_heading">Tecnifibre T-Fight-315 Speedflex  Tennis Racket</div><div class="product_grid_cont_price_outer"><div class="product_price "><span class="originalprice ">Rs 13799</span>  Rs 9659</div><div class="product_discount_outer"><div class="product_discount">30%</div></div></div></a>
<a categoryid="159" class="hit-ss-logger" href="http://www.snapdeal.com/product/tecnifibre-tfight320-vo2-max-tennis/196858?pos=32;58" ispartialsearch="false" pogid="196858" pos="32;58" v="p"><div alt="Tecnifibre T-Fight-320 Vo2 Max  Tennis Racket" atl="Tecnifibre T-Fight-320 Vo2 Max  Tennis Racket" class="product-image"><img border="0" class="" lazysrc="http://n2.sdlcdn.com/imgs/a/a/2/166x194/Freewill_9006_M_1_2x-bea4b.jpg" src="http://n2.sdlcdn.com/imgs/a/a/2/166x194/Freewill_9006_M_1_2x-bea4b.jpg" style="opacity: 1; "/></div><div class="product_grid_cont_heading">Tecnifibre T-Fight-320 Vo2 Max  Tennis Racket</div><div class="product_grid_cont_price_outer"><div class="product_price "><span class="originalprice ">Rs 13199</span>  Rs 9239</div><div class="product_discount_outer"><div class="product_discount">30%</div></div></div><div class="cod-ico"><label class="lang">Cash on Delivery Available</label></div></a>
<a categoryid="159" class="hit-ss-logger" href="http://www.snapdeal.com/product/tecnifibre-tfight-jr-65-tennis/344443122?pos=33;58" ispartialsearch="false" pogid="344443122" pos="33;58" v="p"><div alt="Tecnifibre T-Fight Jr 65 Tennis Racket" atl="Tecnifibre T-Fight Jr 65 Tennis Racket" class="product-image"><img border="0" class="" lazysrc="http://n3.sdlcdn.com/imgs/a/c/3/166x194/SDL094240114_1374557013_image1-7be5b.jpg" src="http://n3.sdlcdn.com/imgs/a/c/3/166x194/SDL094240114_1374557013_image1-7be5b.jpg" style="opacity: 1; "/></div><div class="product_grid_cont_heading">Tecnifibre T-Fight Jr 65 Tennis Racket</div><div class="product_grid_cont_price_outer"><div class="product_price "><span class="originalprice ">Rs 3499</span>  Rs 2449</div><div class="product_discount_outer"><div class="product_discount">30%</div></div></div><div class="cod-ico"><label class="lang">Cash on Delivery Available</label></div></a>
<a categoryid="159" class="hit-ss-logger" href="http://www.snapdeal.com/product/tecnifibre-rebound-soft-blackwhite-tennis/196814?pos=34;58" ispartialsearch="false" pogid="196814" pos="34;58" v="p"><div alt="Tecnifibre Rebound Soft  Black/White Tennis Racket" atl="Tecnifibre Rebound Soft  Black/White Tennis Racket" class="product-image"><img border="0" class="" lazysrc="http://n4.sdlcdn.com/imgs/a/a/2/166x194/Freewill_9030W_M_1_2x-c620c.jpg" src="http://n4.sdlcdn.com/imgs/a/a/2/166x194/Freewill_9030W_M_1_2x-c620c.jpg" style="opacity: 1; "/></div><div class="product_grid_cont_heading">Tecnifibre Rebound Soft  Black/White Tennis Racket</div><div class="product_grid_cont_price_outer"><div class="product_price "><span class="originalprice ">Rs 6399</span>  Rs 4479</div><div class="product_discount_outer"><div class="product_discount">30%</div></div></div><div class="cod-ico"><label class="lang">Cash on Delivery Available</label></div></a>
<a categoryid="159" class="hit-ss-logger" href="http://www.snapdeal.com/product/tecnifibre-speedring-tennis-racket/196820?pos=35;58" ispartialsearch="false" pogid="196820" pos="35;58" v="p"><div alt="Tecnifibre Speedring  Tennis  Racket" atl="Tecnifibre Speedring  Tennis  Racket" class="product-image"><img border="0" class="" lazysrc="http://n4.sdlcdn.com/imgs/a/a/2/166x194/Freewill_9020_M_1_2x-e5d79.jpg" src="http://n4.sdlcdn.com/imgs/a/a/2/166x194/Freewill_9020_M_1_2x-e5d79.jpg" style="opacity: 1; "/></div><div class="product_grid_cont_heading">Tecnifibre Speedring  Tennis  Racket</div><div class="product_grid_cont_price_outer"><div class="product_price "><span class="originalprice ">Rs 3199</span>  Rs 2239</div><div class="product_discount_outer"><div class="product_discount">30%</div></div></div><div class="cod-ico"><label class="lang">Cash on Delivery Available</label></div></a>
<a categoryid="159" class="hit-ss-logger" href="http://www.snapdeal.com/product/tecnifibre-t-fight-305-vo2/196821?pos=36;58" ispartialsearch="false" pogid="196821" pos="36;58" v="p"><div alt="Tecnifibre T Fight 305 Vo2 Max   Tennis Racket" atl="Tecnifibre T Fight 305 Vo2 Max   Tennis Racket" class="product-image"><img border="0" class="" lazysrc="http://n4.sdlcdn.com/imgs/a/a/2/166x194/Freewill_9002_M_1_2x-9d4d1.jpg" src="http://n4.sdlcdn.com/imgs/a/a/2/166x194/Freewill_9002_M_1_2x-9d4d1.jpg" style="opacity: 1; "/></div><div class="product_grid_cont_heading">Tecnifibre T Fight 305 Vo2 Max   Tennis Racket</div><div class="product_grid_cont_price_outer"><div class="product_price "><span class="originalprice ">Rs 12239</span>  Rs 8567</div><div class="product_discount_outer"><div class="product_discount">30%</div></div></div><div class="cod-ico"><label class="lang">Cash on Delivery Available</label></div></a>
<a categoryid="159" class="hit-ss-logger" href="http://www.snapdeal.com/product/tecnifibre-t-fight-295-vo2/196823?pos=37;58" ispartialsearch="false" pogid="196823" pos="37;58" v="p"><div alt="Tecnifibre T Fight 295 Vo2 Max  Tennis Racket" atl="Tecnifibre T Fight 295 Vo2 Max  Tennis Racket" class="product-image"><img border="0" class="" lazysrc="http://n3.sdlcdn.com/imgs/a/a/2/166x194/Freewill_9004_M_1_2x-aac60.jpg" src="http://n3.sdlcdn.com/imgs/a/a/2/166x194/Freewill_9004_M_1_2x-aac60.jpg" style="opacity: 1; "/></div><div class="product_grid_cont_heading">Tecnifibre T Fight 295 Vo2 Max  Tennis Racket</div><div class="product_grid_cont_price_outer"><div class="product_price "><span class="originalprice ">Rs 9999</span>  Rs 6999</div><div class="product_discount_outer"><div class="product_discount">30%</div></div></div><div class="cod-ico"><label class="lang">Cash on Delivery Available</label></div></a>
<a categoryid="159" class="hit-ss-logger" href="http://www.snapdeal.com/product/babolat-pure-drive-roddick-gt/698526790?pos=38;58" ispartialsearch="false" pogid="698526790" pos="38;58" v="p"><div alt="Babolat Pure Drive Roddick GT Tennis Racket (4-3/8)" atl="Babolat Pure Drive Roddick GT Tennis Racket (4-3/8)" class="product-image"><img border="0" class="" lazysrc="http://n2.sdlcdn.com/imgs/a/f/0/166x194/SDL083599811_1384339557_image1-6ae7d.jpg" src="http://n2.sdlcdn.com/imgs/a/f/0/166x194/SDL083599811_1384339557_image1-6ae7d.jpg" style="opacity: 1; "/></div><div class="product_grid_cont_heading">Babolat Pure Drive Roddick GT Tennis Racket (4-3/8)</div><div class="product_grid_cont_price_outer"><div class="product_price "><span class="originalprice ">Rs 18000</span>  Rs 12605</div><div class="product_discount_outer"><div class="product_discount">30%</div></div></div></a>
<a categoryid="159" class="hit-ss-logger" href="http://www.snapdeal.com/product/tecnifibre-tfight-jr-67-tennis/196827?pos=39;58" ispartialsearch="false" pogid="196827" pos="39;58" v="p"><div alt="Tecnifibre T-Fight Jr. 67 Tennis  Racket" atl="Tecnifibre T-Fight Jr. 67 Tennis  Racket" class="product-image"><img border="0" class="" lazysrc="http://n3.sdlcdn.com/imgs/a/a/2/166x194/Freewill_9003_M_1_2x-24d82.jpg" src="http://n3.sdlcdn.com/imgs/a/a/2/166x194/Freewill_9003_M_1_2x-24d82.jpg" style="opacity: 1; "/></div><div class="product_grid_cont_heading">Tecnifibre T-Fight Jr. 67 Tennis  Racket</div><div class="product_grid_cont_price_outer"><div class="product_price "><span class="originalprice ">Rs 3999</span>  Rs 2799</div><div class="product_discount_outer"><div class="product_discount">30%</div></div></div><div class="cod-ico"><label class="lang">Cash on Delivery Available</label></div></a>
<a categoryid="159" class="hit-ss-logger" href="http://www.snapdeal.com/product/tecnifibre-tfight325-vo2-max-tennis/196834?pos=40;58" ispartialsearch="false" pogid="196834" pos="40;58" v="p"><div alt="Tecnifibre T-Fight-325 Vo2 Max  Tennis Racket" atl="Tecnifibre T-Fight-325 Vo2 Max  Tennis Racket" class="product-image"><img border="0" class="" lazysrc="http://n2.sdlcdn.com/imgs/a/a/2/166x194/Freewill_9007_M_1_2x-35418.jpg" src="http://n2.sdlcdn.com/imgs/a/a/2/166x194/Freewill_9007_M_1_2x-35418.jpg" style="opacity: 1; "/></div><div class="product_grid_cont_heading">Tecnifibre T-Fight-325 Vo2 Max  Tennis Racket</div><div class="product_grid_cont_price_outer"><div class="product_price "><span class="originalprice ">Rs 14799</span>  Rs 10359</div><div class="product_discount_outer"><div class="product_discount">30%</div></div></div></a>
<a categoryid="159" class="hit-ss-logger" href="http://www.snapdeal.com/product/tecnifibre-t-flash-265-speedflex/196816?pos=41;58" ispartialsearch="false" pogid="196816" pos="41;58" v="p"><div alt="Tecnifibre T Flash 265 Speedflex   Tennis Racket" atl="Tecnifibre T Flash 265 Speedflex   Tennis Racket" class="product-image"><img border="0" src="http://n1.sdlcdn.com/imgs/a/a/2/166x194/Freewill_9010_M_1_2x-d1241.jpg" style="opacity: 1; "/></div><div class="product_grid_cont_heading">Tecnifibre T Flash 265 Speedflex   Tennis Racket</div><div class="product_grid_cont_price_outer"><div class="product_price "><span class="originalprice ">Rs 7999</span>  Rs 5599</div><div class="product_discount_outer"><div class="product_discount">30%</div></div></div><div class="cod-ico"><label class="lang">Cash on Delivery Available</label></div></a>
<a categoryid="159" class="hit-ss-logger" href="http://www.snapdeal.com/product/tecnifibre-rebound-soft-black-tennis/464004373?pos=42;58" ispartialsearch="false" pogid="464004373" pos="42;58" v="p"><div alt="Tecnifibre Rebound Soft Black Tennis Racket" atl="Tecnifibre Rebound Soft Black Tennis Racket" class="product-image"><img border="0" class="" lazysrc="http://n2.sdlcdn.com/imgs/a/c/3/166x194/SDL094439789_1374557002_image1-30b21.jpg" src="http://n2.sdlcdn.com/imgs/a/c/3/166x194/SDL094439789_1374557002_image1-30b21.jpg" style="opacity: 1; "/></div><div class="product_grid_cont_heading">Tecnifibre Rebound Soft Black Tennis Racket</div><div class="product_grid_cont_price_outer"><div class="product_price "><span class="originalprice ">Rs 6399</span>  Rs 4479</div><div class="product_discount_outer"><div class="product_discount">30%</div></div></div><div class="cod-ico"><label class="lang">Cash on Delivery Available</label></div></a>
<a categoryid="159" class="hit-ss-logger" href="http://www.snapdeal.com/product/babolat-tr-pure-drive-gt/78400768?pos=43;58" ispartialsearch="false" pogid="78400768" pos="43;58" v="p"><div alt="Babolat T/R Pure Drive GT Sr. Tennis Racket (4-3/8)" atl="Babolat T/R Pure Drive GT Sr. Tennis Racket (4-3/8)" class="product-image"><img border="0" class="" lazysrc="http://n3.sdlcdn.com/imgs/a/b/w/166x194/SDL622793062_1372922728_image1-b755f.jpg" src="http://n3.sdlcdn.com/imgs/a/b/w/166x194/SDL622793062_1372922728_image1-b755f.jpg" style="opacity: 1; "/></div><div class="product_grid_cont_heading">Babolat T/R Pure Drive GT Sr. Tennis Racket (4-3/8)</div><div class="product_grid_cont_price_outer"><div class="product_price "><span class="originalprice ">Rs 16000</span>  Rs 11215</div><div class="product_discount_outer"><div class="product_discount">30%</div></div></div></a>
<a categoryid="159" class="hit-ss-logger" href="http://www.snapdeal.com/product/babolat-tr-aeropro-team-gt/1021241687?pos=44;58" ispartialsearch="false" pogid="1021241687" pos="44;58" v="p"><div alt="Babolat T/R Aeropro Team GT Sr. Tennis Racket" atl="Babolat T/R Aeropro Team GT Sr. Tennis Racket" class="product-image"><img border="0" class="" lazysrc="http://n1.sdlcdn.com/imgs/a/b/w/166x194/SDL658476273_1372922710_image1-54b64.JPG" src="http://n1.sdlcdn.com/imgs/a/b/w/166x194/SDL658476273_1372922710_image1-54b64.JPG" style="opacity: 1; "/></div><div class="product_grid_cont_heading">Babolat T/R Aeropro Team GT Sr. Tennis Racket</div><div class="product_grid_cont_price_outer"><div class="product_price "><span class="originalprice ">Rs 18000</span>  Rs 12605</div><div class="product_discount_outer"><div class="product_discount">30%</div></div></div></a>
<a categoryid="159" class="hit-ss-logger" href="http://www.snapdeal.com/product/babolat-tr-drive-z-tour/1086312562?pos=45;58" ispartialsearch="false" pogid="1086312562" pos="45;58" v="p"><div alt="Babolat T/R Drive Z Tour Sr. Tennis Racket (4-1/4)" atl="Babolat T/R Drive Z Tour Sr. Tennis Racket (4-1/4)" class="product-image"><img border="0" class="" lazysrc="http://n1.sdlcdn.com/imgs/a/b/w/166x194/SDL617141857_1372922703_image1-fd212.jpg" src="http://n1.sdlcdn.com/imgs/a/b/w/166x194/SDL617141857_1372922703_image1-fd212.jpg" style="opacity: 1; "/><div class="soldout prod-grid-sold-out-lang"></div></div><div class="product_grid_cont_heading">Babolat T/R Drive Z Tour Sr. Tennis Racket (4-1/4)</div><div class="product_grid_cont_price_outer"><div class="product_price "><span class="originalprice ">Rs 12800</span>  Rs 8992</div><div class="product_discount_outer"><div class="product_discount">30%</div></div></div><div class="cod-ico"><label class="lang">Cash on Delivery Available</label></div></a>
<a categoryid="159" class="hit-ss-logger" href="http://www.snapdeal.com/product/babolat-tr-aeropro-lite-gt/1138490036?pos=46;58" ispartialsearch="false" pogid="1138490036" pos="46;58" v="p"><div alt="Babolat T/R Aeropro Lite GT Sr. Tennis Racket (4-1/4)" atl="Babolat T/R Aeropro Lite GT Sr. Tennis Racket (4-1/4)" class="product-image"><img border="0" class="" lazysrc="http://n1.sdlcdn.com/imgs/a/b/w/166x194/SDL612381569_1372922698_image1-f14e9.jpg" src="http://n1.sdlcdn.com/imgs/a/b/w/166x194/SDL612381569_1372922698_image1-f14e9.jpg" style="opacity: 1; "/><div class="soldout prod-grid-sold-out-lang"></div></div><div class="product_grid_cont_heading">Babolat T/R Aeropro Lite GT Sr. Tennis Racket (4-1/4)</div><div class="product_grid_cont_price_outer"><div class="product_price "><span class="originalprice ">Rs 14400</span>  Rs 10104</div><div class="product_discount_outer"><div class="product_discount">30%</div></div></div></a>
<a categoryid="159" class="hit-ss-logger" href="http://www.snapdeal.com/product/babolat-tr-drive-z-mid/1199862802?pos=47;58" ispartialsearch="false" pogid="1199862802" pos="47;58" v="p"><div alt="Babolat T/R Drive Z Mid (SideCortex) Sr. Tennis Racket (4-3/8)" atl="Babolat T/R Drive Z Mid (SideCortex) Sr. Tennis Racket (4-3/8)" class="product-image"><img border="0" class="" lazysrc="http://n3.sdlcdn.com/imgs/a/b/w/166x194/SDL616414880_1372922695_image1-bab08.jpg" src="http://n3.sdlcdn.com/imgs/a/b/w/166x194/SDL616414880_1372922695_image1-bab08.jpg" style="opacity: 1; "/><div class="soldout prod-grid-sold-out-lang"></div></div><div class="product_grid_cont_heading">Babolat T/R Drive Z Mid (SideCortex) Sr. Tennis Racket (4-3/8)</div><div class="product_grid_cont_price_outer"><div class="product_price "><span class="originalprice ">Rs 11800</span>  Rs 8297</div><div class="product_discount_outer"><div class="product_discount">30%</div></div></div><div class="cod-ico"><label class="lang">Cash on Delivery Available</label></div></a>
<a categoryid="159" class="hit-ss-logger" href="http://www.snapdeal.com/product/babolat-tr-aeropro-lite-rgfo/365048340?pos=48;58" ispartialsearch="false" pogid="365048340" pos="48;58" v="p"><div alt="Babolat T/R Aeropro Lite RG/FO Sr. Tennis Racket (4-3/8)" atl="Babolat T/R Aeropro Lite RG/FO Sr. Tennis Racket (4-3/8)" class="product-image"><img border="0" class="" lazysrc="http://n1.sdlcdn.com/imgs/a/b/w/166x194/SDL612998480_1372922714_image1-20c9b.jpg" src="http://n1.sdlcdn.com/imgs/a/b/w/166x194/SDL612998480_1372922714_image1-20c9b.jpg" style="opacity: 1; "/><div class="soldout prod-grid-sold-out-lang"></div></div><div class="product_grid_cont_heading">Babolat T/R Aeropro Lite RG/FO Sr. Tennis Racket (4-3/8)</div><div class="product_grid_cont_price_outer"><div class="product_price "><span class="originalprice ">Rs 16000</span>  Rs 11215</div><div class="product_discount_outer"><div class="product_discount">30%</div></div></div></a>
<a categoryid="159" class="hit-ss-logger" href="http://www.snapdeal.com/product/babolat-jtr-aeropro-drive-jr/451703254?pos=49;58" ispartialsearch="false" pogid="451703254" pos="49;58" v="p"><div alt="Babolat JT/R Aeropro Drive Jr Tennis Racket" atl="Babolat JT/R Aeropro Drive Jr Tennis Racket" class="product-image"><img border="0" class="" lazysrc="http://n4.sdlcdn.com/imgs/a/b/w/166x194/SDL600758821_1372922736_image1-9a3b6.jpg" src="http://n4.sdlcdn.com/imgs/a/b/w/166x194/SDL600758821_1372922736_image1-9a3b6.jpg" style="opacity: 1; "/><div class="soldout prod-grid-sold-out-lang"></div></div><div class="product_grid_cont_heading">Babolat JT/R Aeropro Drive Jr Tennis Racket</div><div class="product_grid_cont_price_outer"><div class="product_price "><span class="originalprice ">Rs 11200</span>  Rs 7881</div><div class="product_discount_outer"><div class="product_discount">30%</div></div></div><div class="cod-ico"><label class="lang">Cash on Delivery Available</label></div></a>
<a categoryid="159" class="hit-ss-logger" href="http://www.snapdeal.com/product/babolat-tr-pure-drive-lite/1876505528?pos=50;58" ispartialsearch="false" pogid="1876505528" pos="50;58" v="p"><div alt="Babolat T/R Pure Drive Lite GT Sr. Tennis Racket" atl="Babolat T/R Pure Drive Lite GT Sr. Tennis Racket" class="product-image"><img border="0" class="" lazysrc="http://n3.sdlcdn.com/imgs/a/b/w/166x194/SDL661727976_1372922724_image1-91f54.jpg" src="http://n3.sdlcdn.com/imgs/a/b/w/166x194/SDL661727976_1372922724_image1-91f54.jpg" style="opacity: 1; "/><div class="soldout prod-grid-sold-out-lang"></div></div><div class="product_grid_cont_heading">Babolat T/R Pure Drive Lite GT Sr. Tennis Racket</div><div class="product_grid_cont_price_outer"><div class="product_price "><span class="originalprice ">Rs 13800</span>  Rs 9687</div><div class="product_discount_outer"><div class="product_discount">30%</div></div></div></a>
<a categoryid="159" class="hit-ss-logger" href="http://www.snapdeal.com/product/babolat-tr-pure-drive-roddick/195220068?pos=51;58" ispartialsearch="false" pogid="195220068" pos="51;58" v="p"><div alt="Babolat T/R Pure Drive Roddick GT Sr. Tennis Racket (4-3/8)" atl="Babolat T/R Pure Drive Roddick GT Sr. Tennis Racket (4-3/8)" class="product-image"><img border="0" class="" lazysrc="http://n4.sdlcdn.com/imgs/a/b/w/166x194/SDL624240509_1372922706_image1-2bb2a.jpg" src="http://n4.sdlcdn.com/imgs/a/b/w/166x194/SDL624240509_1372922706_image1-2bb2a.jpg" style="opacity: 1; "/><div class="soldout prod-grid-sold-out-lang"></div></div><div class="product_grid_cont_heading">Babolat T/R Pure Drive Roddick GT Sr. Tennis Racket (4-3/8)</div><div class="product_grid_cont_price_outer"><div class="product_price "><span class="originalprice ">Rs 13800</span>  Rs 9687</div><div class="product_discount_outer"><div class="product_discount">30%</div></div></div></a>
<a categoryid="159" class="hit-ss-logger" href="http://www.snapdeal.com/product/babolat-tr-drive-z-105/579540564?pos=52;58" ispartialsearch="false" pogid="579540564" pos="52;58" v="p"><div alt="Babolat T/R Drive Z 105 Sr. Tennis Racket (4-3/8)" atl="Babolat T/R Drive Z 105 Sr. Tennis Racket (4-3/8)" class="product-image"><img border="0" class="" lazysrc="http://n4.sdlcdn.com/imgs/a/b/w/166x194/SDL615060428_1372922725_image1-f9b65.jpg" src="http://n4.sdlcdn.com/imgs/a/b/w/166x194/SDL615060428_1372922725_image1-f9b65.jpg" style="opacity: 1; "/><div class="soldout prod-grid-sold-out-lang"></div></div><div class="product_grid_cont_heading">Babolat T/R Drive Z 105 Sr. Tennis Racket (4-3/8)</div><div class="product_grid_cont_price_outer"><div class="product_price "><span class="originalprice ">Rs 11200</span>  Rs 7881</div><div class="product_discount_outer"><div class="product_discount">30%</div></div></div><div class="cod-ico"><label class="lang">Cash on Delivery Available</label></div></a>
<a categoryid="159" class="hit-ss-logger" href="http://www.snapdeal.com/product/babolat-tr-pure-drive-gt/415239893?pos=53;58" ispartialsearch="false" pogid="415239893" pos="53;58" v="p"><div alt="Babolat T/R Pure Drive GT Sr. Tennis Racket (4-1/4)" atl="Babolat T/R Pure Drive GT Sr. Tennis Racket (4-1/4)" class="product-image"><img border="0" class="" lazysrc="http://n4.sdlcdn.com/imgs/a/b/w/166x194/SDL623576551_1372922734_image1-8e009.jpg" src="http://n4.sdlcdn.com/imgs/a/b/w/166x194/SDL623576551_1372922734_image1-8e009.jpg" style="opacity: 1; "/><div class="soldout prod-grid-sold-out-lang"></div></div><div class="product_grid_cont_heading">Babolat T/R Pure Drive GT Sr. Tennis Racket (4-1/4)</div><div class="product_grid_cont_price_outer"><div class="product_price "><span class="originalprice ">Rs 13800</span>  Rs 9687</div><div class="product_discount_outer"><div class="product_discount">30%</div></div></div></a>
<a categoryid="159" class="hit-ss-logger" href="http://www.snapdeal.com/product/babolat-tr-aeropro-drive-gt/852373798?pos=54;58" ispartialsearch="false" pogid="852373798" pos="54;58" v="p"><div alt="Babolat T/R Aeropro Drive GT Sr. Tennis Racket" atl="Babolat T/R Aeropro Drive GT Sr. Tennis Racket" class="product-image"><img border="0" class="" lazysrc="http://n1.sdlcdn.com/imgs/a/b/w/166x194/SDL658125030_1372922717_image1-8238a.jpg" src="http://n1.sdlcdn.com/imgs/a/b/w/166x194/SDL658125030_1372922717_image1-8238a.jpg" style="opacity: 1; "/><div class="soldout prod-grid-sold-out-lang"></div></div><div class="product_grid_cont_heading">Babolat T/R Aeropro Drive GT Sr. Tennis Racket</div><div class="product_grid_cont_price_outer"><div class="product_price "><span class="originalprice ">Rs 15000</span>  Rs 10520</div><div class="product_discount_outer"><div class="product_discount">30%</div></div></div></a>
<a categoryid="159" class="hit-ss-logger" href="http://www.snapdeal.com/product/tecnifibre-multifeel-tennis-racket/196833?pos=55;58" ispartialsearch="false" pogid="196833" pos="55;58" v="p"><div alt="Tecnifibre Multifeel Tennis  Racket" atl="Tecnifibre Multifeel Tennis  Racket" class="product-image"><img border="0" class="" lazysrc="http://n4.sdlcdn.com/imgs/a/a/2/166x194/Freewill_9123_M_1_2x-f9618.jpg" src="http://n4.sdlcdn.com/imgs/a/a/2/166x194/Freewill_9123_M_1_2x-f9618.jpg" style="opacity: 1; "/><div class="soldout prod-grid-sold-out-lang"></div></div><div class="product_grid_cont_heading">Tecnifibre Multifeel Tennis  Racket</div><div class="product_grid_cont_price_outer"><div class="product_price "><span class="originalprice ">Rs 6499</span>  Rs 4549</div><div class="product_discount_outer"><div class="product_discount">30%</div></div></div><div class="cod-ico"><label class="lang">Cash on Delivery Available</label></div></a>
<a categoryid="159" class="hit-ss-logger" href="http://www.snapdeal.com/product/babolat-aeropro-drive-gt-tennis/719311513?pos=56;58" ispartialsearch="false" pogid="719311513" pos="56;58" v="p"><div alt="Babolat Aeropro Drive+ GT Tennis Racket (4-3/8)" atl="Babolat Aeropro Drive+ GT Tennis Racket (4-3/8)" class="product-image"><img border="0" class="" lazysrc="http://n4.sdlcdn.com/imgs/a/f/0/166x194/SDL077560424_1384339568_image1-c8933.jpg" src="http://n4.sdlcdn.com/imgs/a/f/0/166x194/SDL077560424_1384339568_image1-c8933.jpg" style="opacity: 1; "/><div class="soldout prod-grid-sold-out-lang"></div></div><div class="product_grid_cont_heading">Babolat Aeropro Drive+ GT Tennis Racket (4-3/8)</div><div class="ratingStarsSmall ratingStarsBelowTitle" style="background-position: 0px -108px;"><span> (1) </span></div><div class="product_grid_cont_price_outer"><div class="product_price "><span class="originalprice ">Rs 18000</span>  Rs 12605</div><div class="product_discount_outer"><div class="product_discount">30%</div></div></div></a>
<a categoryid="159" class="hit-ss-logger" href="http://www.snapdeal.com/product/babolat-tr-aeropro-drive-rgfo/749102860?pos=57;58" ispartialsearch="false" pogid="749102860" pos="57;58" v="p"><div alt="Babolat T/R Aeropro Drive RG/FO Sr. Tennis Racket (4-3/8)" atl="Babolat T/R Aeropro Drive RG/FO Sr. Tennis Racket (4-3/8)" class="product-image"><img border="0" class="" lazysrc="http://n1.sdlcdn.com/imgs/a/b/w/166x194/SDL610941501_1372922733_image1-80104.jpg" src="http://n1.sdlcdn.com/imgs/a/b/w/166x194/SDL610941501_1372922733_image1-80104.jpg" style="opacity: 1; "/><div class="soldout prod-grid-sold-out-lang"></div></div><div class="product_grid_cont_heading">Babolat T/R Aeropro Drive RG/FO Sr. Tennis Racket (4-3/8)</div><div class="product_grid_cont_price_outer"><div class="product_price "><span class="originalprice ">Rs 16000</span>  Rs 11215</div><div class="product_discount_outer"><div class="product_discount">30%</div></div></div></a>
