<a categoryid="" class="hit-ss-logger" href="/product/omron-bp-monitor-upper-arm/1180356?brandStoreID=Omron_Health, Wellness &amp; Medicine_product_20;66" pogid="1180356" title="Omron BP Monitor Upper Arm (HEM-7112)" v="p"><div class="product-image"><img alt="Omron BP Monitor Upper Arm (HEM-7112)" border="0" height="194" src="http://n2.sdlcdn.com/imgs/a/d/7/166x194/SDL047710775_1372845629_image1-a5108.jpg" style="opacity: 1; " width="166"/></div><div class="product_listing_heading">Omron BP Monitor Upper Arm (HEM-7112)</div><div class="ratingStarsSmall ratingStarsBelowTitle" style="background-position: 0px -162px;"><span>(155)</span></div><div class="product_listing_price_outer"><div class="product_price "><span class="originalprice ">Rs 1980</span>  Rs 1382</div><div class="product_discount_outer"><div class="product_discount">30%</div></div></div><div class="cod-ico"><label class="lang">Cash on Delivery Available</label></div></a>
<a categoryid="" class="hit-ss-logger" href="/product/omron-auto-b-p-monitor/1168468079?brandStoreID=Omron_Health, Wellness &amp; Medicine_product_21;66" pogid="1168468079" title="Omron Auto B. P. Monitor HEM-7130" v="p"><div class="product-image"><img alt="Omron Auto B. P. Monitor HEM-7130" border="0" height="194" src="http://n1.sdlcdn.com/imgs/a/f/9/166x194/SDL845383615_1385380204_image1-1b24e.jpg" style="opacity: 1; " width="166"/></div><div class="product_listing_heading">Omron Auto B. P. Monitor HEM-7130</div><div class="ratingStarsSmall ratingStarsBelowTitle" style="background-position: 0px -180px;"><span>(10)</span></div><div class="product_listing_price_outer"><div class="product_price "><span class="originalprice ">Rs 3250</span>  Rs 2200</div><div class="product_discount_outer"><div class="product_discount">32%</div></div></div><div class="cod-ico"><label class="lang">Cash on Delivery Available</label></div></a>
<a categoryid="" class="hit-ss-logger" href="/product/omron-bp-monitor-upper-arm/146785?brandStoreID=Omron_Health, Wellness &amp; Medicine_product_22;66" pogid="146785" title="Omron BP Monitor Upper Arm (HEM-7203)" v="p"><div class="product-image"><img alt="Omron BP Monitor Upper Arm (HEM-7203)" border="0" height="194" src="http://n4.sdlcdn.com/imgs/a/d/z/166x194/1207830_1372845613_image1-61fe5.jpg" style="opacity: 1; " width="166"/></div><div class="product_listing_heading">Omron BP Monitor Upper Arm (HEM-7203)</div><div class="ratingStarsSmall ratingStarsBelowTitle" style="background-position: 0px -144px;"><span>(102)</span></div><div class="product_listing_price_outer"><div class="product_price "><span class="originalprice ">Rs 3280</span>  Rs 2650</div><div class="product_discount_outer"><div class="product_discount">19%</div></div></div><div class="cod-ico"><label class="lang">Cash on Delivery Available</label></div></a>
<a categoryid="" class="hit-ss-logger" href="/product/omron-bp-monitor-upper-arm/213885?brandStoreID=Omron_Health, Wellness &amp; Medicine_product_23;66" pogid="213885" title="Omron BP Monitor Upper Arm (HEM-7201) Regular cuff" v="p"><div class="product-image"><img alt="Omron BP Monitor Upper Arm (HEM-7201) Regular cuff" border="0" height="194" src="http://n2.sdlcdn.com/imgs/a/a/v/166x194/EHL_OM7201_M_1_2X_new_New-d0ce4.jpg" style="opacity: 1; " width="166"/></div><div class="product_listing_heading">Omron BP Monitor Upper Arm (HEM-7201) Regular cuff</div><div class="ratingStarsSmall ratingStarsBelowTitle" style="background-position: 0px -162px;"><span>(18)</span></div><div class="product_listing_price_outer"><div class="product_price "><span class="originalprice ">Rs 3950</span>  Rs 2620</div><div class="product_discount_outer"><div class="product_discount">34%</div></div></div><div class="cod-ico"><label class="lang">Cash on Delivery Available</label></div></a>
<a categoryid="" class="hit-ss-logger" href="/product/omron-hem7121-blood-pressure-monitor/850210638?brandStoreID=Omron_Health, Wellness &amp; Medicine_product_24;66" pogid="850210638" title="Omron HEM-7121 Blood Pressure Monitor" v="p"><div class="product-image"><img alt="Omron HEM-7121 Blood Pressure Monitor" border="0" height="194" src="http://n1.sdlcdn.com/imgs/a/g/3/166x194/SDL439274396_1390995900_image1-3795b.jpg" style="opacity: 1; " width="166"/></div><div class="product_listing_heading">Omron HEM-7121 Blood Pressure Monitor</div><div class="product_listing_price_outer"><div class="product_price "><span class="originalprice ">Rs 4080</span>  Rs 2046</div><div class="product_discount_outer"><div class="product_discount">50%</div></div></div><div class="cod-ico"><label class="lang">Cash on Delivery Available</label></div></a>
<a categoryid="" class="hit-ss-logger" href="/product/omron-digital-thermometer-mc670/1389973?brandStoreID=Omron_Health, Wellness &amp; Medicine_product_25;66" pogid="1389973" title="Omron Digital Thermometer (MC-670)" v="p"><div class="product-image"><img alt="Omron Digital Thermometer (MC-670)" border="0" height="194" src="http://n4.sdlcdn.com/imgs/a/b/n/166x194/SDL607399769_1369027207_image1-5eb5e.jpg" style="opacity: 1; " width="166"/></div><div class="product_listing_heading">Omron Digital Thermometer (MC-670)</div><div class="ratingStarsSmall ratingStarsBelowTitle" style="background-position: 0px -180px;"><span>(3)</span></div><div class="product_listing_price_outer"><div class="product_price "><span class="originalprice ">Rs 1200</span>  Rs 661</div><div class="product_discount_outer"><div class="product_discount">45%</div></div></div><div class="cod-ico"><label class="lang">Cash on Delivery Available</label></div></a>
<a categoryid="" class="hit-ss-logger" href="/product/omron-nebulizer-nec30/146767?brandStoreID=Omron_Health, Wellness &amp; Medicine_product_26;66" pogid="146767" title="Omron Nebulizer (NE-C30)" v="p"><div class="product-image"><img alt="Omron Nebulizer (NE-C30)" border="0" height="194" src="http://n2.sdlcdn.com/imgs/a/e/y/166x194/NEBULIZERS_NE_C30_M_1_2xh-4c068.jpg" style="opacity: 1; " width="166"/></div><div class="product_listing_heading">Omron Nebulizer (NE-C30)</div><div class="product_listing_price_outer"><div class="product_price "><span class="originalprice ">Rs 10000</span>  Rs 6201</div><div class="product_discount_outer"><div class="product_discount">38%</div></div></div><div class="cod-ico"><label class="lang">Cash on Delivery Available</label></div></a>
<a categoryid="" class="hit-ss-logger" href="/product/omron-hem7200-jpn1-blood-pressure/132213669?brandStoreID=Omron_Health, Wellness &amp; Medicine_product_27;66" pogid="132213669" title="Omron HEM-7200 JPN1 Blood Pressure Monitor" v="p"><div class="product-image"><img alt="Omron HEM-7200 JPN1 Blood Pressure Monitor" border="0" height="194" src="http://n4.sdlcdn.com/imgs/a/g/3/166x194/SDL423985145_1390995925_image1-87e88.jpg" style="opacity: 1; " width="166"/></div><div class="product_listing_heading">Omron HEM-7200 JPN1 Blood Pressure Monitor</div><div class="product_listing_price_outer"><div class="product_price "><span class="originalprice ">Rs 4280</span>  Rs 2797</div><div class="product_discount_outer"><div class="product_discount">35%</div></div></div><div class="cod-ico"><label class="lang">Cash on Delivery Available</label></div></a>
<a categoryid="" class="hit-ss-logger" href="/product/omron-hbf358-body-fat-analyzer/1389976?brandStoreID=Omron_Health, Wellness &amp; Medicine_product_28;66" pogid="1389976" title="Omron HBF-358 Body Fat Analyzer" v="p"><div class="product-image"><img alt="Omron HBF-358 Body Fat Analyzer" border="0" height="194" src="http://n3.sdlcdn.com/imgs/a/b/n/166x194/SDL606443614_1369027208_image1-cbed2.jpg" style="opacity: 1; " width="166"/></div><div class="product_listing_heading">Omron HBF-358 Body Fat Analyzer</div><div class="ratingStarsSmall ratingStarsBelowTitle" style="background-position: 0px -162px;"><span>(6)</span></div><div class="product_listing_price_outer"><div class="product_price "><span class="originalprice ">Rs 6980</span>  Rs 4120</div><div class="product_discount_outer"><div class="product_discount">41%</div></div></div><div class="cod-ico"><label class="lang">Cash on Delivery Available</label></div></a>
<a categoryid="" class="hit-ss-logger" href="/product/omron-body-fat-monitor-hbf306/146886?brandStoreID=Omron_Health, Wellness &amp; Medicine_product_29;66" pogid="146886" title="Omron Body Fat Monitor (HBF-306)" v="p"><div class="product-image"><img alt="Omron Body Fat Monitor (HBF-306)" border="0" height="194" src="http://n2.sdlcdn.com/imgs/a/a/z/166x194/weighing_scale_HBF_306_M_1_2x-fdad9.jpg" style="opacity: 1; " width="166"/></div><div class="product_listing_heading">Omron Body Fat Monitor (HBF-306)</div><div class="ratingStarsSmall ratingStarsBelowTitle" style="background-position: 0px -144px;"><span>(10)</span></div><div class="product_listing_price_outer"><div class="product_price "><span class="originalprice ">Rs 2980</span>  Rs 2140</div><div class="product_discount_outer"><div class="product_discount">28%</div></div></div><div class="cod-ico"><label class="lang">Cash on Delivery Available</label></div></a>
<a categoryid="" class="hit-ss-logger" href="/product/omron-c801-compressor-nebuliser/664205?brandStoreID=Omron_Health, Wellness &amp; Medicine_product_30;66" pogid="664205" title="Omron C801 Compressor Nebuliser" v="p"><div class="product-image"><img alt="Omron C801 Compressor Nebuliser" border="0" height="194" src="http://n1.sdlcdn.com/imgs/a/a/j/166x194/Sherry_Omron_002_M_1_2x-81b0f.jpg" style="opacity: 1; " width="166"/></div><div class="product_listing_heading">Omron C801 Compressor Nebuliser</div><div class="product_listing_price_outer"><div class="product_price "><span class="originalprice ">Rs 3300</span>  Rs 1850</div><div class="product_discount_outer"><div class="product_discount">44%</div></div></div><div class="cod-ico"><label class="lang">Cash on Delivery Available</label></div></a>
<a categoryid="" class="hit-ss-logger" href="/product/omron-hbf375-karada-scan-body/771718930?brandStoreID=Omron_Health, Wellness &amp; Medicine_product_31;66" pogid="771718930" title="Omron HBF-375 Karada Scan Body Fat Analyzer" v="p"><div class="product-image"><img alt="Omron HBF-375 Karada Scan Body Fat Analyzer" border="0" height="194" src="http://n1.sdlcdn.com/imgs/a/g/3/166x194/SDL422584009_1390995909_image1-ef03f.jpg" style="opacity: 1; " width="166"/></div><div class="product_listing_heading">Omron HBF-375 Karada Scan Body Fat Analyzer</div><div class="product_listing_price_outer"><div class="product_price "><span class="originalprice ">Rs 10000</span>  Rs 7254</div><div class="product_discount_outer"><div class="product_discount">27%</div></div></div><div class="cod-ico"><label class="lang">Cash on Delivery Available</label></div></a>
<a categoryid="" class="hit-ss-logger" href="/product/rossmax-wb101-weighing-scale/730767638?brandStoreID=Omron_Health, Wellness &amp; Medicine_product_32;66" pogid="730767638" title="Rossmax WB101 Weighing Scale" v="p"><div class="product-image"><img alt="Rossmax WB101 Weighing Scale" border="0" height="194" src="http://n1.sdlcdn.com/imgs/a/g/3/166x194/SDL420473713_1390995929_image1-c3c24.jpg" style="opacity: 1; " width="166"/></div><div class="product_listing_heading">Rossmax WB101 Weighing Scale</div><div class="product_listing_price_outer"><div class="product_price "><span class="originalprice ">Rs 2500</span>  Rs 1488</div><div class="product_discount_outer"><div class="product_discount">40%</div></div></div><div class="cod-ico"><label class="lang">Cash on Delivery Available</label></div></a>
<a categoryid="" class="hit-ss-logger" href="/product/omron-nec801kd-compressor-nebulizer/1455391019?brandStoreID=Omron_Health, Wellness &amp; Medicine_product_33;66" pogid="1455391019" title="Omron NE-C801KD Compressor Nebulizer" v="p"><div class="product-image"><img alt="Omron NE-C801KD Compressor Nebulizer" border="0" height="194" src="http://n3.sdlcdn.com/imgs/a/g/3/166x194/SDL419184317_1390995912_image1-f879d.jpg" style="opacity: 1; " width="166"/></div><div class="product_listing_heading">Omron NE-C801KD Compressor Nebulizer</div><div class="product_listing_price_outer"><div class="product_price "><span class="originalprice ">Rs 3150</span>  Rs 2218</div><div class="product_discount_outer"><div class="product_discount">30%</div></div></div><div class="cod-ico"><label class="lang">Cash on Delivery Available</label></div></a>
<a categoryid="" class="hit-ss-logger" href="/product/omron-cushion-massager-hm340/1890481704?brandStoreID=Omron_Health, Wellness &amp; Medicine_product_34;66" pogid="1890481704" title="Omron Cushion Massager HM-340" v="p"><div class="product-image"><img alt="Omron Cushion Massager HM-340" border="0" height="194" src="http://n3.sdlcdn.com/imgs/a/g/3/166x194/SDL418661007_1390995903_image1-006c6.jpg" style="opacity: 1; " width="166"/></div><div class="product_listing_heading">Omron Cushion Massager HM-340</div><div class="product_listing_price_outer"><div class="product_price "><span class="originalprice ">Rs 4980</span>  Rs 3670</div><div class="product_discount_outer"><div class="product_discount">26%</div></div></div><div class="cod-ico"><label class="lang">Cash on Delivery Available</label></div></a>
<a categoryid="" class="hit-ss-logger" href="/product/omron-hja320-pedometer/1860952569?brandStoreID=Omron_Health, Wellness &amp; Medicine_product_35;66" pogid="1860952569" title="Omron HJA-320 Pedometer" v="p"><div class="product-image"><img alt="Omron HJA-320 Pedometer" border="0" height="194" src="http://n1.sdlcdn.com/imgs/a/g/3/166x194/SDL440331115_1390995906_image1-fa4e3.jpg" style="opacity: 1; " width="166"/></div><div class="product_listing_heading">Omron HJA-320 Pedometer</div><div class="product_listing_price_outer"><div class="product_price "><span class="originalprice ">Rs 1200</span>  Rs 936</div><div class="product_discount_outer"><div class="product_discount">22%</div></div></div><div class="cod-ico"><label class="lang">Cash on Delivery Available</label></div></a>
<a categoryid="" class="hit-ss-logger" href="/product/omron-blood-glucose-monitor-hgm112/1854975030?brandStoreID=Omron_Health, Wellness &amp; Medicine_product_36;66" pogid="1854975030" title="Omron Blood Glucose Monitor (HGM-112) " v="p"><div class="product-image"><img alt="Omron Blood Glucose Monitor (HGM-112) " border="0" height="194" src="http://n1.sdlcdn.com/imgs/a/e/j/166x194/SDL336988052_1381470122_image1-3a6fd.jpg" style="opacity: 1; " width="166"/></div><div class="product_listing_heading">Omron Blood Glucose Monitor (HGM-112) </div><div class="ratingStarsSmall ratingStarsBelowTitle" style="background-position: 0px -108px;"><span>(41)</span></div><div class="product_listing_price_outer"><div class="product_price "><span class="originalprice ">Rs 1000</span>  Rs 594</div><div class="product_discount_outer"><div class="product_discount">41%</div></div></div><div class="cod-ico"><label class="lang">Cash on Delivery Available</label></div></a>
<a categoryid="" class="hit-ss-logger" href="/product/omron-hea230-blood-glucose-monitor/1180360?brandStoreID=Omron_Health, Wellness &amp; Medicine_product_37;66" pogid="1180360" title="Omron HEA-230 Blood Glucose Monitor" v="p"><div class="product-image"><img alt="Omron HEA-230 Blood Glucose Monitor" border="0" height="194" src="http://n4.sdlcdn.com/imgs/a/b/e/166x194/SDL422612760_1365147899_image1-210e5.jpg" style="opacity: 1; " width="166"/></div><div class="product_listing_heading">Omron HEA-230 Blood Glucose Monitor</div><div class="ratingStarsSmall ratingStarsBelowTitle" style="background-position: 0px -144px;"><span>(4)</span></div><div class="product_listing_price_outer"><div class="product_price "><span class="originalprice ">Rs 1400</span>  Rs 1125</div><div class="product_discount_outer"><div class="product_discount">20%</div></div></div><div class="cod-ico"><label class="lang">Cash on Delivery Available</label></div></a>
<a categoryid="" class="hit-ss-logger" href="/product/omron-nec801-kd-nebulizer/1389974?brandStoreID=Omron_Health, Wellness &amp; Medicine_product_38;66" pogid="1389974" title="Omron NEC-801 KD Nebulizer" v="p"><div class="product-image"><img alt="Omron NEC-801 KD Nebulizer" border="0" height="194" src="http://n1.sdlcdn.com/imgs/a/b/n/166x194/SDL606795417_1369027206_image1-81fa3.jpg" style="opacity: 1; " width="166"/></div><div class="product_listing_heading">Omron NEC-801 KD Nebulizer</div><div class="ratingStarsSmall ratingStarsBelowTitle" style="background-position: 0px -72px;"><span>(2)</span></div><div class="product_listing_price_outer"><div class="product_price "><span class="originalprice ">Rs 3150</span>  Rs 1636</div><div class="product_discount_outer"><div class="product_discount">48%</div></div></div><div class="cod-ico"><label class="lang">Cash on Delivery Available</label></div></a>
<a categoryid="" class="hit-ss-logger" href="/product/omron-nebulizer-nec28-combo-of/1432271?brandStoreID=Omron_Health, Wellness &amp; Medicine_product_39;66" pogid="1432271" title="Omron Nebulizer (NE-C28) - Combo of 5" v="p"><div class="product-image"><img alt="Omron Nebulizer (NE-C28) - Combo of 5" border="0" height="194" src="http://n3.sdlcdn.com/imgs/a/d/g/166x194/SDL669291141_1370425420_image1-ca640.jpg" style="opacity: 1; " width="166"/></div><div class="product_listing_heading">Omron Nebulizer (NE-C28) - Combo of 5</div><div class="product_listing_price_outer"><div class="product_price "><span class="originalprice ">Rs 13500</span>  Rs 9200</div><div class="product_discount_outer"><div class="product_discount">32%</div></div></div><div class="cod-ico"><label class="lang">Cash on Delivery Available</label></div></a>
<a categoryid="" class="hit-ss-logger" href="/product/omron-nebulizer-nec25-combo-of/1432223?brandStoreID=Omron_Health, Wellness &amp; Medicine_product_40;66" pogid="1432223" title="Omron Nebulizer (NE-C25) - Combo of 5" v="p"><div class="product-image"><img alt="Omron Nebulizer (NE-C25) - Combo of 5" border="0" height="194" src="http://n4.sdlcdn.com/imgs/a/d/g/166x194/SDL664272350_1370425362_image1-721bb.jpg" style="opacity: 1; " width="166"/></div><div class="product_listing_heading">Omron Nebulizer (NE-C25) - Combo of 5</div><div class="product_listing_price_outer"><div class="product_price "><span class="originalprice ">Rs 11250</span>  Rs 7802</div><div class="product_discount_outer"><div class="product_discount">31%</div></div></div><div class="cod-ico"><label class="lang">Cash on Delivery Available</label></div></a>
<a categoryid="" class="hit-ss-logger" href="/product/omron-bp-monitor-upper-arm/1432199?brandStoreID=Omron_Health, Wellness &amp; Medicine_product_41;66" pogid="1432199" title="Omron BP Monitor Upper Arm (HEM-7200) Regular Cuff - Combo of 5" v="p"><div class="product-image"><img alt="Omron BP Monitor Upper Arm (HEM-7200) Regular Cuff - Combo of 5" border="0" height="194" src="http://n2.sdlcdn.com/imgs/a/d/g/166x194/SDL654761746_1370425358_image1-51d35.jpg" style="opacity: 1; " width="166"/></div><div class="product_listing_heading">Omron BP Monitor Upper Arm (HEM-7200) Regular Cuff - Combo of 5</div><div class="product_listing_price_outer"><div class="product_price "><span class="originalprice ">Rs 19500</span>  Rs 12500</div><div class="product_discount_outer"><div class="product_discount">36%</div></div></div><div class="cod-ico"><label class="lang">Cash on Delivery Available</label></div></a>
<a categoryid="" class="hit-ss-logger" href="/product/omron-bp-monitor-semi-automatic/1432247?brandStoreID=Omron_Health, Wellness &amp; Medicine_product_42;66" pogid="1432247" title="Omron BP Monitor Semi - Automatic Upper Arm (HEM-4030) - Combo of 6" v="p"><div class="product-image"><img alt="Omron BP Monitor Semi - Automatic Upper Arm (HEM-4030) - Combo of 6" border="0" height="194" src="http://n4.sdlcdn.com/imgs/a/d/g/166x194/SDL662138651_1370425373_image1-19ab0.jpg" style="opacity: 1; " width="166"/></div><div class="product_listing_heading">Omron BP Monitor Semi - Automatic Upper Arm (HEM-4030) - Combo of 6</div><div class="product_listing_price_outer"><div class="product_price "><span class="originalprice ">Rs 10500</span>  Rs 7379</div><div class="product_discount_outer"><div class="product_discount">30%</div></div></div><div class="cod-ico"><label class="lang">Cash on Delivery Available</label></div></a>
<a categoryid="" class="hit-ss-logger" href="/product/omron-ultrasonic-nebulizer-neu17/1180366?brandStoreID=Omron_Health, Wellness &amp; Medicine_product_43;66" pogid="1180366" title="Omron Ultrasonic Nebulizer NE-U17" v="p"><div class="product-image"><img alt="Omron Ultrasonic Nebulizer NE-U17" border="0" height="194" src="http://n4.sdlcdn.com/imgs/a/b/e/166x194/SDL397253151_1365147906_image1-eac01.jpg" style="opacity: 1; " width="166"/></div><div class="product_listing_heading">Omron Ultrasonic Nebulizer NE-U17</div><div class="product_listing_price_outer"><div class="product_price "><span class="originalprice ">Rs 34000</span>  Rs 23999</div><div class="product_discount_outer"><div class="product_discount">29%</div></div></div><div class="cod-ico"><label class="lang">Cash on Delivery Available</label></div></a>
<a categoryid="" class="hit-ss-logger" href="/product/omron-ultrasonic-nebulizer-neu22/1180370?brandStoreID=Omron_Health, Wellness &amp; Medicine_product_44;66" pogid="1180370" title="Omron Ultrasonic Nebulizer NEU22" v="p"><div class="product-image"><img alt="Omron Ultrasonic Nebulizer NEU22" border="0" height="194" src="http://n2.sdlcdn.com/imgs/a/b/e/166x194/SDL160772180_1365147917_image1-5b742.jpg" style="opacity: 1; " width="166"/></div><div class="product_listing_heading">Omron Ultrasonic Nebulizer NEU22</div><div class="ratingStarsSmall ratingStarsBelowTitle" style="background-position: 0px -180px;"><span>(2)</span></div><div class="product_listing_price_outer"><div class="product_price "><span class="originalprice ">Rs 19000</span>  Rs 14899</div><div class="product_discount_outer"><div class="product_discount">22%</div></div></div><div class="cod-ico"><label class="lang">Cash on Delivery Available</label></div></a>
<a categoryid="" class="hit-ss-logger" href="/product/omron-upper-arm-cuff/215024?brandStoreID=Omron_Health, Wellness &amp; Medicine_product_45;66" pogid="215024" title="Omron Upper Arm Cuff" v="p"><div class="product-image"><img alt="Omron Upper Arm Cuff" border="0" height="194" src="http://n3.sdlcdn.com/imgs/a/a/v/166x194/EHL_OMRCUFF_M_1_2x-c8a8e.jpg" style="opacity: 1; " width="166"/></div><div class="product_listing_heading">Omron Upper Arm Cuff</div><div class="ratingStarsSmall ratingStarsBelowTitle" style="background-position: 0px -36px;"><span>(1)</span></div><div class="product_listing_price_outer"><div class="product_price "><span class="originalprice ">Rs 800</span>  Rs 718</div><div class="product_discount_outer"><div class="product_discount">10%</div></div></div><div class="cod-ico"><label class="lang">Cash on Delivery Available</label></div></a>
<a categoryid="" class="hit-ss-logger" href="/product/omron-thermometer-ear-mc510/219597?brandStoreID=Omron_Health, Wellness &amp; Medicine_product_46;66" pogid="219597" title="Omron Thermometer Ear (MC-510)" v="p"><div class="product-image"><img alt="Omron Thermometer Ear (MC-510)" border="0" height="194" src="http://i1.sdlcdn.com/img/product/main/166x194/EHL_mc510_M_1_2x.jpg" style="opacity: 1; " width="166"/></div><div class="product_listing_heading">Omron Thermometer Ear (MC-510)</div><div class="product_listing_price_outer"><div class="product_price "><span class="originalprice ">Rs 4000</span>  Rs 2636</div><div class="product_discount_outer"><div class="product_discount">34%</div></div></div><div class="cod-ico"><label class="lang">Cash on Delivery Available</label></div></a>
<a categoryid="" class="hit-ss-logger" href="/product/omron-digital-thermometer-pencil-mc246/1432276?brandStoreID=Omron_Health, Wellness &amp; Medicine_product_47;66" pogid="1432276" title="Omron Digital Thermometer Pencil (MC-246) - Combo of 5" v="p"><div class="product-image"><img alt="Omron Digital Thermometer Pencil (MC-246) - Combo of 5" border="0" height="194" src="http://n3.sdlcdn.com/imgs/a/d/g/166x194/SDL674925669_1370425397_image1-98249.jpg" style="opacity: 1; " width="166"/></div><div class="product_listing_heading">Omron Digital Thermometer Pencil (MC-246) - Combo of 5</div><div class="product_listing_price_outer"><div class="product_price "><span class="originalprice ">Rs 775</span>  Rs 638</div><div class="product_discount_outer"><div class="product_discount">18%</div></div></div><div class="cod-ico"><label class="lang">Cash on Delivery Available</label></div></a>
<a categoryid="" class="hit-ss-logger" href="/product/omron-thermometer-pencil-mc343f-combo/1432263?brandStoreID=Omron_Health, Wellness &amp; Medicine_product_48;66" pogid="1432263" title="Omron Thermometer Pencil (MC-343F) - Combo of 5" v="p"><div class="product-image"><img alt="Omron Thermometer Pencil (MC-343F) - Combo of 5" border="0" height="194" src="http://n2.sdlcdn.com/imgs/a/d/g/166x194/SDL673551648_1370425402_image1-738d3.jpg" style="opacity: 1; " width="166"/></div><div class="product_listing_heading">Omron Thermometer Pencil (MC-343F) - Combo of 5</div><div class="product_listing_price_outer"><div class="product_price "><span class="originalprice ">Rs 1550</span>  Rs 1241</div><div class="product_discount_outer"><div class="product_discount">20%</div></div></div><div class="cod-ico"><label class="lang">Cash on Delivery Available</label></div></a>
<a categoryid="" class="hit-ss-logger" href="/product/omron-thermometer-ear-mc510-combo/1432309?brandStoreID=Omron_Health, Wellness &amp; Medicine_product_49;66" pogid="1432309" title="Omron Thermometer Ear (MC-510) - Combo of 5" v="p"><div class="product-image"><img alt="Omron Thermometer Ear (MC-510) - Combo of 5" border="0" height="194" src="http://n3.sdlcdn.com/imgs/a/d/g/166x194/SDL671684719_1370425433_image1-84fbb.jpg" style="opacity: 1; " width="166"/></div><div class="product_listing_heading">Omron Thermometer Ear (MC-510) - Combo of 5</div><div class="product_listing_price_outer"><div class="product_price "><span class="originalprice ">Rs 20000</span>  Rs 14418</div><div class="product_discount_outer"><div class="product_discount">28%</div></div></div><div class="cod-ico"><label class="lang">Cash on Delivery Available</label></div></a>
<a categoryid="" class="hit-ss-logger" href="/product/omron-nebulizer-ne-c801-combo/1432316?brandStoreID=Omron_Health, Wellness &amp; Medicine_product_50;66" pogid="1432316" title="Omron Nebulizer (NE - C801) - Combo of 5" v="p"><div class="product-image"><img alt="Omron Nebulizer (NE - C801) - Combo of 5" border="0" height="194" src="http://n3.sdlcdn.com/imgs/a/d/g/166x194/SDL666393441_1370425464_image1-84ad6.jpg" style="opacity: 1; " width="166"/></div><div class="product_listing_heading">Omron Nebulizer (NE - C801) - Combo of 5</div><div class="product_listing_price_outer"><div class="product_price "><span class="originalprice ">Rs 14750</span>  Rs 9885</div><div class="product_discount_outer"><div class="product_discount">33%</div></div></div><div class="cod-ico"><label class="lang">Cash on Delivery Available</label></div></a>
<a categoryid="" class="hit-ss-logger" href="/product/omron-nebulizer-for-infants-c801kd/1432194?brandStoreID=Omron_Health, Wellness &amp; Medicine_product_51;66" pogid="1432194" title="Omron Nebulizer for Infants C-801KD - Combo of 5" v="p"><div class="product-image"><img alt="Omron Nebulizer for Infants C-801KD - Combo of 5" border="0" height="194" src="http://n1.sdlcdn.com/imgs/a/d/g/166x194/SDL669793603_1370425335_image1-67fb2.jpg" style="opacity: 1; " width="166"/></div><div class="product_listing_heading">Omron Nebulizer for Infants C-801KD - Combo of 5</div><div class="product_listing_price_outer"><div class="product_price "><span class="originalprice ">Rs 15750</span>  Rs 10412</div><div class="product_discount_outer"><div class="product_discount">34%</div></div></div><div class="cod-ico"><label class="lang">Cash on Delivery Available</label></div></a>
<a categoryid="" class="hit-ss-logger" href="/product/omron-m2-classic-bp-monitor/664207?brandStoreID=Omron_Health, Wellness &amp; Medicine_product_52;66" pogid="664207" title="Omron M2 Classic BP Monitor" v="p"><div class="product-image"><img alt="Omron M2 Classic BP Monitor" border="0" height="194" src="http://n1.sdlcdn.com/imgs/a/a/j/166x194/Sherry_Omron_001_M_1_2x-4d3fa.jpg" style="opacity: 1; " width="166"/></div><div class="product_listing_heading">Omron M2 Classic BP Monitor</div><div class="product_listing_price_outer"><div class="product_price "><span class="originalprice ">Rs 3910</span>  Rs 2737</div><div class="product_discount_outer"><div class="product_discount">30%</div></div></div><div class="cod-ico"><label class="lang">Cash on Delivery Available</label></div></a>
<a categoryid="" class="hit-ss-logger" href="/product/omron-pl100-pro-logic-upper/664203?brandStoreID=Omron_Health, Wellness &amp; Medicine_product_53;66" pogid="664203" title="Omron PL100 Pro Logic Upper Arm Digital BP Monitor" v="p"><div class="product-image"><img alt="Omron PL100 Pro Logic Upper Arm Digital BP Monitor" border="0" height="194" src="http://n4.sdlcdn.com/imgs/a/a/j/166x194/Sherry_Omron_003_M_1_2x-65110.jpg" style="opacity: 1; " width="166"/></div><div class="product_listing_heading">Omron PL100 Pro Logic Upper Arm Digital BP Monitor</div><div class="ratingStarsSmall ratingStarsBelowTitle" style="background-position: 0px -126px;"><span>(8)</span></div><div class="product_listing_price_outer"><div class="product_price "><span class="originalprice ">Rs 2299</span>  Rs 1609</div><div class="product_discount_outer"><div class="product_discount">30%</div></div></div><div class="cod-ico"><label class="lang">Cash on Delivery Available</label></div></a>
<a categoryid="" class="hit-ss-logger" href="/product/omron-bp-monitor-ac-adapter/1180362?brandStoreID=Omron_Health, Wellness &amp; Medicine_product_54;66" pogid="1180362" title="Omron BP Monitor AC Adapter" v="p"><div class="product-image"><img alt="Omron BP Monitor AC Adapter" border="0" height="194" src="http://n1.sdlcdn.com/imgs/a/b/e/166x194/SDL092860729_1365147901_image1-a22b0.jpg" style="opacity: 1; " width="166"/><div class="soldout brand-grid-sold-out-lang"></div></div><div class="product_listing_heading">Omron BP Monitor AC Adapter</div><div class="ratingStarsSmall ratingStarsBelowTitle" style="background-position: 0px -108px;"><span>(7)</span></div><div class="product_listing_price_outer"><div class="product_price "><span class="originalprice ">Rs 800</span>  Rs 400</div><div class="product_discount_outer"><div class="product_discount">50%</div></div></div><div class="cod-ico"><label class="lang">Cash on Delivery Available</label></div></a>
<a categoryid="" class="hit-ss-logger" href="/product/omron-hea-lancet/1180355?brandStoreID=Omron_Health, Wellness &amp; Medicine_product_55;66" pogid="1180355" title="Omron HEA Lancet" v="p"><div class="product-image"><img alt="Omron HEA Lancet" border="0" height="194" src="http://n1.sdlcdn.com/imgs/a/b/e/166x194/SDL192056966_1365147894_image1-31221.jpg" style="opacity: 1; " width="166"/><div class="soldout brand-grid-sold-out-lang"></div></div><div class="product_listing_heading">Omron HEA Lancet</div><div class="product_listing_price_outer"><div class="product_price "><span class="originalprice ">Rs 125</span>  Rs 85</div><div class="product_discount_outer"><div class="product_discount">32%</div></div></div><div class="cod-ico"><label class="lang">Cash on Delivery Available</label></div></a>
<a categoryid="" class="hit-ss-logger" href="/product/omron-bp-monitor-wrist-hem6200/146780?brandStoreID=Omron_Health, Wellness &amp; Medicine_product_56;66" pogid="146780" title="Omron BP Monitor Wrist (HEM-6200)" v="p"><div class="product-image"><img alt="Omron BP Monitor Wrist (HEM-6200)" border="0" height="194" src="http://i2.sdlcdn.com/img/product/main/166x194/BP_MONITORSOMR_HEM6200_M_1_2x.jpg" style="opacity: 1; " width="166"/><div class="soldout brand-grid-sold-out-lang"></div></div><div class="product_listing_heading">Omron BP Monitor Wrist (HEM-6200)</div><div class="ratingStarsSmall ratingStarsBelowTitle" style="background-position: 0px -162px;"><span>(14)</span></div><div class="product_listing_price_outer"><div class="product_price "><span class="originalprice ">Rs 3900</span>  Rs 1952</div><div class="product_discount_outer"><div class="product_discount">50%</div></div></div><div class="cod-ico"><label class="lang">Cash on Delivery Available</label></div></a>
<a categoryid="" class="hit-ss-logger" href="/product/omron-body-fat-monitor-hbf306/1432243?brandStoreID=Omron_Health, Wellness &amp; Medicine_product_57;66" pogid="1432243" title="Omron Body Fat Monitor ( HBF-306) - Combo of 5" v="p"><div class="product-image"><img alt="Omron Body Fat Monitor ( HBF-306) - Combo of 5" border="0" height="194" src="http://n4.sdlcdn.com/imgs/a/d/g/166x194/SDL670413706_1370425380_image1-1a175.jpg" style="opacity: 1; " width="166"/><div class="soldout brand-grid-sold-out-lang"></div></div><div class="product_listing_heading">Omron Body Fat Monitor ( HBF-306) - Combo of 5</div><div class="product_listing_price_outer"><div class="product_price "><span class="originalprice ">Rs 14900</span>  Rs 11135</div><div class="product_discount_outer"><div class="product_discount">25%</div></div></div><div class="cod-ico"><label class="lang">Cash on Delivery Available</label></div></a>
<a categoryid="" class="hit-ss-logger" href="/product/omron-bp-monitor-wrist-hem6111/1432250?brandStoreID=Omron_Health, Wellness &amp; Medicine_product_58;66" pogid="1432250" title="Omron BP Monitor Wrist (HEM-6111) - Combo of 5" v="p"><div class="product-image"><img alt="Omron BP Monitor Wrist (HEM-6111) - Combo of 5" border="0" height="194" src="http://n4.sdlcdn.com/imgs/a/d/g/166x194/SDL660422294_1370425398_image1-6417a.jpg" style="opacity: 1; " width="166"/><div class="soldout brand-grid-sold-out-lang"></div></div><div class="product_listing_heading">Omron BP Monitor Wrist (HEM-6111) - Combo of 5</div><div class="product_listing_price_outer"><div class="product_price "><span class="originalprice ">Rs 14900</span>  Rs 10125</div><div class="product_discount_outer"><div class="product_discount">32%</div></div></div><div class="cod-ico"><label class="lang">Cash on Delivery Available</label></div></a>
<a categoryid="" class="hit-ss-logger" href="/product/omron-bp-monitor-upper-arm/1432230?brandStoreID=Omron_Health, Wellness &amp; Medicine_product_59;66" pogid="1432230" title="Omron BP Monitor Upper Arm (HEM-7203) - Combo of 5" v="p"><div class="product-image"><img alt="Omron BP Monitor Upper Arm (HEM-7203) - Combo of 5" border="0" height="194" src="http://n3.sdlcdn.com/imgs/a/d/g/166x194/SDL655579589_1370425374_image1-421e8.jpg" style="opacity: 1; " width="166"/><div class="soldout brand-grid-sold-out-lang"></div></div><div class="product_listing_heading">Omron BP Monitor Upper Arm (HEM-7203) - Combo of 5</div><div class="product_listing_price_outer"><div class="product_price "><span class="originalprice ">Rs 16400</span>  Rs 9418</div><div class="product_discount_outer"><div class="product_discount">43%</div></div></div><div class="cod-ico"><label class="lang">Cash on Delivery Available</label></div></a>
<a categoryid="" class="hit-ss-logger" href="/product/omron-hem907-intellisense-professional-digital/1180354?brandStoreID=Omron_Health, Wellness &amp; Medicine_product_60;66" pogid="1180354" title="Omron (HEM-907) IntelliSense Professional Digital Blood Pressure Monitor" v="p"><div class="product-image"><img alt="Omron (HEM-907) IntelliSense Professional Digital Blood Pressure Monitor" border="0" height="194" src="http://n3.sdlcdn.com/imgs/a/b/e/166x194/SDL391802065_1365147890_image1-c8a2a.jpg" style="opacity: 1; " width="166"/><div class="soldout brand-grid-sold-out-lang"></div></div><div class="product_listing_heading">Omron (HEM-907) IntelliSense Professional Digital Blood Pressure Monitor</div><div class="product_listing_price_outer"><div class="product_price "><span class="originalprice ">Rs 28000</span>  Rs 18383</div><div class="product_discount_outer"><div class="product_discount">34%</div></div></div><div class="cod-ico"><label class="lang">Cash on Delivery Available</label></div></a>
<a categoryid="" class="hit-ss-logger" href="/product/omron-nebulizer-nec30-combo-of/1432273?brandStoreID=Omron_Health, Wellness &amp; Medicine_product_61;66" pogid="1432273" title="Omron Nebulizer (NE-C30) - Combo of 5" v="p"><div class="product-image"><img alt="Omron Nebulizer (NE-C30) - Combo of 5" border="0" height="194" src="http://n1.sdlcdn.com/imgs/a/d/g/166x194/SDL665875069_1370425391_image1-d58a0.jpg" style="opacity: 1; " width="166"/><div class="soldout brand-grid-sold-out-lang"></div></div><div class="product_listing_heading">Omron Nebulizer (NE-C30) - Combo of 5</div><div class="product_listing_price_outer"><div class="product_price "><span class="originalprice ">Rs 50000</span>  Rs 35410</div><div class="product_discount_outer"><div class="product_discount">29%</div></div></div><div class="cod-ico"><label class="lang">Cash on Delivery Available</label></div></a>
<a categoryid="" class="hit-ss-logger" href="/product/omron-upper-arm-cuff-combo/1432277?brandStoreID=Omron_Health, Wellness &amp; Medicine_product_62;66" pogid="1432277" title="Omron Upper Arm Cuff - Combo of 10" v="p"><div class="product-image"><img alt="Omron Upper Arm Cuff - Combo of 10" border="0" height="194" src="http://n4.sdlcdn.com/imgs/a/d/g/166x194/SDL663794179_1370425393_image1-13319.jpg" style="opacity: 1; " width="166"/><div class="soldout brand-grid-sold-out-lang"></div></div><div class="product_listing_heading">Omron Upper Arm Cuff - Combo of 10</div><div class="product_listing_price_outer"><div class="product_price "><span class="originalprice ">Rs 9500</span>  Rs 7750</div><div class="product_discount_outer"><div class="product_discount">18%</div></div></div><div class="cod-ico"><label class="lang">Cash on Delivery Available</label></div></a>
<a categoryid="" class="hit-ss-logger" href="/product/omron-bp-monitor-wrist-hem6200/1432287?brandStoreID=Omron_Health, Wellness &amp; Medicine_product_63;66" pogid="1432287" title="Omron BP Monitor Wrist (HEM-6200) - Combo of 5" v="p"><div class="product-image"><img alt="Omron BP Monitor Wrist (HEM-6200) - Combo of 5" border="0" height="194" src="http://n2.sdlcdn.com/imgs/a/d/g/166x194/SDL661259961_1370425435_image1-447c1.jpg" style="opacity: 1; " width="166"/><div class="soldout brand-grid-sold-out-lang"></div></div><div class="product_listing_heading">Omron BP Monitor Wrist (HEM-6200) - Combo of 5</div><div class="product_listing_price_outer"><div class="product_price "><span class="originalprice ">Rs 19500</span>  Rs 14022</div><div class="product_discount_outer"><div class="product_discount">28%</div></div></div><div class="cod-ico"><label class="lang">Cash on Delivery Available</label></div></a>
<a categoryid="" class="hit-ss-logger" href="/product/omron-bp-monitor-upper-arm/1432219?brandStoreID=Omron_Health, Wellness &amp; Medicine_product_64;66" pogid="1432219" title="Omron BP Monitor Upper Arm (HEM-7300) - Combo of 5" v="p"><div class="product-image"><img alt="Omron BP Monitor Upper Arm (HEM-7300) - Combo of 5" border="0" height="194" src="http://n3.sdlcdn.com/imgs/a/d/g/166x194/SDL656014713_1370425364_image1-e76c2.jpg" style="opacity: 1; " width="166"/><div class="soldout brand-grid-sold-out-lang"></div></div><div class="product_listing_heading">Omron BP Monitor Upper Arm (HEM-7300) - Combo of 5</div><div class="product_listing_price_outer"><div class="product_price "><span class="originalprice ">Rs 33750</span>  Rs 25354</div><div class="product_discount_outer"><div class="product_discount">25%</div></div></div><div class="cod-ico"><label class="lang">Cash on Delivery Available</label></div></a>
<a categoryid="" class="hit-ss-logger" href="/product/omron-bp-monitor-upper-arm/146782?brandStoreID=Omron_Health, Wellness &amp; Medicine_product_65;66" pogid="146782" title="Omron BP Monitor Upper Arm (HEM-7300)" v="p"><div class="product-image"><img alt="Omron BP Monitor Upper Arm (HEM-7300)" border="0" height="194" src="http://n4.sdlcdn.com/imgs/a/b/w/166x194/1207827_1372845638_image1-cc481.jpg" style="opacity: 1; " width="166"/><div class="soldout brand-grid-sold-out-lang"></div></div><div class="product_listing_heading">Omron BP Monitor Upper Arm (HEM-7300)</div><div class="ratingStarsSmall ratingStarsBelowTitle" style="background-position: 0px -144px;"><span>(7)</span></div><div class="product_listing_price_outer"><div class="product_price "><span class="originalprice ">Rs 6750</span>  Rs 4399</div><div class="product_discount_outer"><div class="product_discount">35%</div></div></div><div class="cod-ico"><label class="lang">Cash on Delivery Available</label></div></a>
