<a categoryid="66" class="hit-ss-logger" href="http://www.snapdeal.com/product/mitashi-game-in-i-sports/622694?pos=0;55" ispartialsearch="false" pogid="622694" pos="0;55" v="p">
<div atl="Mitashi Game In I Sports Motion (Video Game)" class="product-image">
<img border="0" class="" lazysrc="http://i4.sdlcdn.com/img/product/main/230x258/Mitashi_001_M_1_2x.jpg" src="http://i4.sdlcdn.com/img/product/main/230x258/Mitashi_001_M_1_2x.jpg" style="opacity: 1; "/>
<div class="shippingImage tooltip">
<span class="box">
<span class="arw"></span>
<label class="dispatched-one-day-lang">Dispatched in 1 business day</label>
</span>
</div>
</div>
<div class="product_grid_cont_heading">
				Mitashi Game In I Sports Motion (Video Game)</div>
<div class="ratingStarsSmall ratingStarsBelowTitle" pos="1.7" style="background-position: 0px -54px; "><span>(3)</span></div>
<script type="text/javascript">
						var ratingState = true;
					</script>
<div class="product_grid_cont_price_outer">
<div class="product_price ">
<span class="originalprice ">Rs
									3999</span> Rs 3563
							</div>
<div class="product_discount_outer ">
<div class="product_discount">
									11%
								</div>
</div>
</div>
<div class="freebie-ico"><label class="freebie-lang">Freebie</label></div>
<div class="cod-ico"><label class="lang">Cash on Delivery Available</label></div>
</a>
<a categoryid="66" class="hit-ss-logger" href="http://www.snapdeal.com/product/mitashi-playsmart-smart-pro-talking/634948?pos=1;55" ispartialsearch="false" pogid="634948" pos="1;55" v="p">
<div atl="Mitashi Playsmart Smart Pro - Talking Notebook" class="product-image">
<img border="0" class="" lazysrc="http://n3.sdlcdn.com/imgs/a/a/h/230x258/MITASHI_009_M_1_2x-f87cb.jpg" src="http://n3.sdlcdn.com/imgs/a/a/h/230x258/MITASHI_009_M_1_2x-f87cb.jpg" style="opacity: 1; "/>
</div>
<div class="product_grid_cont_heading">
				Mitashi Playsmart Smart Pro - Talking Notebook</div>
<div class="ratingStarsSmall ratingStarsBelowTitle" pos="4.3" style="background-position: 0px -162px; "><span>(6)</span></div>
<script type="text/javascript">
						var ratingState = true;
					</script>
<div class="product_grid_cont_price_outer">
<div class="product_price ">
<span class="originalprice ">Rs
									1899</span> Rs 1513
							</div>
<div class="product_discount_outer ">
<div class="product_discount">
									20%
								</div>
</div>
</div>
<div class="freebie-ico"><label class="freebie-lang">Freebie</label></div>
<div class="cod-ico"><label class="lang">Cash on Delivery Available</label></div>
</a>
<a categoryid="66" class="hit-ss-logger" href="http://www.snapdeal.com/product/mitashi-game-in-i-sports/1246542?pos=2;55" ispartialsearch="false" pogid="1246542" pos="2;55" v="p">
<div atl="Mitashi Game In I Sports Pro (Video Game)" class="product-image">
<img border="0" class="" lazysrc="http://n4.sdlcdn.com/imgs/a/b/g/230x258/SDL248310526_1365652044_image1-a5b23.jpg" src="http://n4.sdlcdn.com/imgs/a/b/g/230x258/SDL248310526_1365652044_image1-a5b23.jpg" style="opacity: 1; "/>
<div class="shippingImage tooltip">
<span class="box">
<span class="arw"></span>
<label class="dispatched-one-day-lang">Dispatched in 1 business day</label>
</span>
</div>
</div>
<div class="product_grid_cont_heading">
				Mitashi Game In I Sports Pro (Video Game)</div>
<div class="ratingStarsSmall ratingStarsBelowTitle" pos="2.2" style="background-position: 0px -90px; "><span>(6)</span></div>
<script type="text/javascript">
						var ratingState = true;
					</script>
<div class="product_grid_cont_price_outer">
<div class="product_price ">
<span class="originalprice ">Rs
									3490</span> Rs 2753
							</div>
<div class="product_discount_outer ">
<div class="product_discount">
									21%
								</div>
</div>
</div>
<div class="freebie-ico"><label class="freebie-lang">Freebie</label></div>
<div class="cod-ico"><label class="lang">Cash on Delivery Available</label></div>
</a>
<a categoryid="66" class="hit-ss-logger" href="http://www.snapdeal.com/product/mitashi-skykidz-ebook/428076?pos=3;55" ispartialsearch="false" pogid="428076" pos="3;55" v="p">
<div atl="Mitashi Skykidz E-Book" class="product-image">
<img border="0" class="" lazysrc="http://i1.sdlcdn.com/img/product/main/230x258/SK_45_M_1_2x.jpg" src="http://i1.sdlcdn.com/img/product/main/230x258/SK_45_M_1_2x.jpg" style="opacity: 1; "/>
</div>
<div class="product_grid_cont_heading">
				Mitashi Skykidz E-Book</div>
<div class="ratingStarsSmall ratingStarsBelowTitle" pos="4.3" style="background-position: 0px -162px; "><span>(17)</span></div>
<script type="text/javascript">
						var ratingState = true;
					</script>
<div class="product_grid_cont_price_outer">
<div class="product_price ">
<span class="originalprice ">Rs
									799</span> Rs 665
							</div>
<div class="product_discount_outer ">
<div class="product_discount">
									17%
								</div>
</div>
</div>
<div class="freebie-ico"><label class="freebie-lang">Freebie</label></div>
<div class="cod-ico"><label class="lang">Cash on Delivery Available</label></div>
</a>
<a categoryid="66" class="hit-ss-logger" href="http://www.snapdeal.com/product/mitashi-skykidz-learning-board/428082?pos=4;55" ispartialsearch="false" pogid="428082" pos="4;55" v="p">
<div atl="Mitashi Skykidz Learning Board" class="product-image">
<img border="0" class="" lazysrc="http://n1.sdlcdn.com/imgs/a/d/l/230x258/SK_46_M_1_2x_b5a14-e4f59.jpg" src="http://n1.sdlcdn.com/imgs/a/d/l/230x258/SK_46_M_1_2x_b5a14-e4f59.jpg" style="opacity: 1; "/>
</div>
<div class="product_grid_cont_heading">
				Mitashi Skykidz Learning Board</div>
<div class="ratingStarsSmall ratingStarsBelowTitle" pos="3.0" style="background-position: 0px -108px; "><span>(3)</span></div>
<script type="text/javascript">
						var ratingState = true;
					</script>
<div class="product_grid_cont_price_outer">
<div class="product_price ">
<span class="originalprice ">Rs
									1399</span> Rs 1385
							</div>
<div class="product_discount_outer ">
<div class="product_discount">
									1%
								</div>
</div>
</div>
<div class="freebie-ico"><label class="freebie-lang">Freebie</label></div>
<div class="cod-ico"><label class="lang">Cash on Delivery Available</label></div>
</a>
<a categoryid="66" class="hit-ss-logger" href="http://www.snapdeal.com/product/mitashi-playsmart-quizzy/539313?pos=5;55" ispartialsearch="false" pogid="539313" pos="5;55" v="p">
<div atl="Mitashi Playsmart Quizzy" class="product-image">
<img border="0" class="" lazysrc="http://n4.sdlcdn.com/imgs/a/a/e/230x258/Mitashi_MITASHI_Playsmart_Quizzy_0637_26416_-4862b.jpg" src="http://n4.sdlcdn.com/imgs/a/a/e/230x258/Mitashi_MITASHI_Playsmart_Quizzy_0637_26416_-4862b.jpg" style="opacity: 1; "/>
</div>
<div class="product_grid_cont_heading">
				Mitashi Playsmart Quizzy</div>
<div class="ratingStarsSmall ratingStarsBelowTitle" pos="3.2" style="background-position: 0px -126px; "><span>(88)</span></div>
<script type="text/javascript">
						var ratingState = true;
					</script>
<div class="product_grid_cont_price_outer">
<div class="product_price ">
<span class="originalprice ">Rs
									1299</span> Rs 1157
							</div>
<div class="product_discount_outer ">
<div class="product_discount">
									11%
								</div>
</div>
</div>
<div class="freebie-ico"><label class="freebie-lang">Freebie</label></div>
<div class="cod-ico"><label class="lang">Cash on Delivery Available</label></div>
</a>
<a categoryid="66" class="hit-ss-logger" href="http://www.snapdeal.com/product/mitashi-playsmart-jazz-master/428060?pos=6;55" ispartialsearch="false" pogid="428060" pos="6;55" v="p">
<div atl="Mitashi Playsmart Jazz Master" class="product-image">
<img border="0" class="" lazysrc="http://n1.sdlcdn.com/imgs/a/a/a/230x258/MT_47_M_1_2x-48823.jpg" src="http://n1.sdlcdn.com/imgs/a/a/a/230x258/MT_47_M_1_2x-48823.jpg" style="opacity: 1; "/>
</div>
<div class="product_grid_cont_heading">
				Mitashi Playsmart Jazz Master</div>
<div class="ratingStarsSmall ratingStarsBelowTitle" pos="4.3" style="background-position: 0px -162px; "><span>(7)</span></div>
<script type="text/javascript">
						var ratingState = true;
					</script>
<div class="product_grid_cont_price_outer">
<div class="product_price ">
<span class="originalprice ">Rs
									1299</span> Rs 1157
							</div>
<div class="product_discount_outer ">
<div class="product_discount">
									11%
								</div>
</div>
</div>
<div class="freebie-ico"><label class="freebie-lang">Freebie</label></div>
<div class="cod-ico"><label class="lang">Cash on Delivery Available</label></div>
</a>
<a categoryid="66" class="hit-ss-logger" href="http://www.snapdeal.com/product/mitashi-game-in-smarty-chotu/218415?pos=7;55" ispartialsearch="false" pogid="218415" pos="7;55" v="p">
<div atl="Mitashi Game In Smarty Chotu Black (Video Game)" class="product-image">
<img border="0" class="" lazysrc="http://n1.sdlcdn.com/imgs/a/a/v/230x258/Mitashi_Game_In_Smarty_Chotu_Black_M_1_2x-92aee.jpg" src="http://n1.sdlcdn.com/imgs/a/a/v/230x258/Mitashi_Game_In_Smarty_Chotu_Black_M_1_2x-92aee.jpg" style="opacity: 1; "/>
<div class="shippingImage tooltip">
<span class="box">
<span class="arw"></span>
<label class="dispatched-one-day-lang">Dispatched in 1 business day</label>
</span>
</div>
</div>
<div class="product_grid_cont_heading">
				Mitashi Game In Smarty Chotu Black (Video Game)</div>
<div class="ratingStarsSmall ratingStarsBelowTitle" pos="4.0" style="background-position: 0px -144px; "><span>(17)</span></div>
<script type="text/javascript">
						var ratingState = true;
					</script>
<div class="product_grid_cont_price_outer">
<div class="product_price ">
<span class="originalprice ">Rs
									1699</span> Rs 1460
							</div>
<div class="product_discount_outer ">
<div class="product_discount">
									14%
								</div>
</div>
</div>
<div class="freebie-ico"><label class="freebie-lang">Freebie</label></div>
<div class="cod-ico"><label class="lang">Cash on Delivery Available</label></div>
</a>
<a categoryid="66" class="hit-ss-logger" href="http://www.snapdeal.com/product/mitashi-game-in-chintu/622697?pos=8;55" ispartialsearch="false" pogid="622697" pos="8;55" v="p">
<div atl="Mitashi Game In Chintu (Video Game)" class="product-image">
<img border="0" class="" lazysrc="http://n4.sdlcdn.com/imgs/a/a/h/230x258/Mitashi_004_M_1_2x-78bb3.jpg" src="http://n4.sdlcdn.com/imgs/a/a/h/230x258/Mitashi_004_M_1_2x-78bb3.jpg" style="opacity: 1; "/>
<div class="shippingImage tooltip">
<span class="box">
<span class="arw"></span>
<label class="dispatched-one-day-lang">Dispatched in 1 business day</label>
</span>
</div>
</div>
<div class="product_grid_cont_heading">
				Mitashi Game In Chintu (Video Game)</div>
<div class="ratingStarsSmall ratingStarsBelowTitle" pos="3.6" style="background-position: 0px -126px; "><span>(10)</span></div>
<script type="text/javascript">
						var ratingState = true;
					</script>
<div class="product_grid_cont_price_outer">
<div class="product_price ">
<span class="originalprice ">Rs
									999</span> Rs 895
							</div>
<div class="product_discount_outer ">
<div class="product_discount">
									10%
								</div>
</div>
</div>
<div class="freebie-ico"><label class="freebie-lang">Freebie</label></div>
<div class="cod-ico"><label class="lang">Cash on Delivery Available</label></div>
</a>
<a categoryid="66" class="hit-ss-logger" href="http://www.snapdeal.com/product/mitashi-skykidz-party-piano/428057?pos=9;55" ispartialsearch="false" pogid="428057" pos="9;55" v="p">
<div atl="Mitashi Skykidz Party Piano" class="product-image">
<img border="0" class="" lazysrc="http://n3.sdlcdn.com/imgs/a/g/y/230x258/Mitashi_Sky_Kidz_Party_Piano_m_3_2x-a5f90.jpg" src="http://n3.sdlcdn.com/imgs/a/g/y/230x258/Mitashi_Sky_Kidz_Party_Piano_m_3_2x-a5f90.jpg" style="opacity: 1; "/>
</div>
<div class="product_grid_cont_heading">
				Mitashi Skykidz Party Piano</div>
<div class="ratingStarsSmall ratingStarsBelowTitle" pos="4.0" style="background-position: 0px -144px; "><span>(21)</span></div>
<script type="text/javascript">
						var ratingState = true;
					</script>
<div class="product_grid_cont_price_outer">
</div>
<div class="cod-ico"><label class="lang">Cash on Delivery Available</label></div>
</a>
<a categoryid="66" class="hit-ss-logger" href="http://www.snapdeal.com/product/mitashi-gamein-junior-nx/73257?pos=10;55" ispartialsearch="false" pogid="73257" pos="10;55" v="p">
<div atl="Mitashi Game-In Junior NX" class="product-image">
<img border="0" class="" lazysrc="http://n4.sdlcdn.com/imgs/a/e/9/230x258/mitashi_game_in_junior_nx_M_1_2x-62a1f.jpg" src="http://n4.sdlcdn.com/imgs/a/e/9/230x258/mitashi_game_in_junior_nx_M_1_2x-62a1f.jpg" style="opacity: 1; "/>
<div class="shippingImage tooltip">
<span class="box">
<span class="arw"></span>
<label class="dispatched-one-day-lang">Dispatched in 1 business day</label>
</span>
</div>
</div>
<div class="product_grid_cont_heading">
				Mitashi Game-In Junior NX</div>
<div class="product_grid_cont_price_outer">
<div class="product_price ">
<span class="originalprice ">Rs
									999</span> Rs 851
							</div>
<div class="product_discount_outer ">
<div class="product_discount">
									15%
								</div>
</div>
</div>
<div class="freebie-ico"><label class="freebie-lang">Freebie</label></div>
<div class="cod-ico"><label class="lang">Cash on Delivery Available</label></div>
</a>
<a categoryid="66" class="hit-ss-logger" href="http://www.snapdeal.com/product/mitashi-sky-kidz-jungle-piano/986122367?pos=11;55" ispartialsearch="false" pogid="986122367" pos="11;55" v="p">
<div atl="Mitashi Sky Kidz Jungle Piano" class="product-image">
<img border="0" class="" lazysrc="http://n1.sdlcdn.com/imgs/a/c/7/230x258/SDL358227571_1375353739_image1-05f85.jpg" src="http://n1.sdlcdn.com/imgs/a/c/7/230x258/SDL358227571_1375353739_image1-05f85.jpg" style="opacity: 1; "/>
<div class="shippingImage tooltip">
<span class="box">
<span class="arw"></span>
<label class="dispatched-one-day-lang">Dispatched in 1 business day</label>
</span>
</div>
</div>
<div class="product_grid_cont_heading">
				Mitashi Sky Kidz Jungle Piano</div>
<div class="ratingStarsSmall ratingStarsBelowTitle" pos="5.0" style="background-position: 0px -180px; "><span>(2)</span></div>
<script type="text/javascript">
						var ratingState = true;
					</script>
<div class="product_grid_cont_price_outer">
<div class="product_price ">
<span class="originalprice ">Rs
									1199</span> Rs 1068
							</div>
<div class="product_discount_outer ">
<div class="product_discount">
									11%
								</div>
</div>
</div>
<div class="freebie-ico"><label class="freebie-lang">Freebie</label></div>
<div class="cod-ico"><label class="lang">Cash on Delivery Available</label></div>
</a>
<a categoryid="66" class="hit-ss-logger" href="http://www.snapdeal.com/product/mitashi-game-in-i-smarty/622698?pos=12;55" ispartialsearch="false" pogid="622698" pos="12;55" v="p">
<div atl="Mitashi Game In I Smarty (Video Game)" class="product-image">
<img border="0" class="" lazysrc="http://n4.sdlcdn.com/imgs/a/a/h/230x258/Mitashi_003_M_1_2x-22b5b.jpg" src="http://n4.sdlcdn.com/imgs/a/a/h/230x258/Mitashi_003_M_1_2x-22b5b.jpg" style="opacity: 1; "/>
</div>
<div class="product_grid_cont_heading">
				Mitashi Game In I Smarty (Video Game)</div>
<div class="ratingStarsSmall ratingStarsBelowTitle" pos="3.0" style="background-position: 0px -108px; "><span>(12)</span></div>
<script type="text/javascript">
						var ratingState = true;
					</script>
<div class="product_grid_cont_price_outer">
<div class="product_price ">
<span class="originalprice ">Rs
									1899</span> Rs 1799
							</div>
<div class="product_discount_outer ">
<div class="product_discount">
									5%
								</div>
</div>
</div>
<div class="freebie-ico"><label class="freebie-lang">Freebie</label></div>
<div class="cod-ico"><label class="lang">Cash on Delivery Available</label></div>
</a>
<a categoryid="66" class="hit-ss-logger" href="http://www.snapdeal.com/product/mitashi-game-in-smarty-chotu/218408?pos=13;55" ispartialsearch="false" pogid="218408" pos="13;55" v="p">
<div atl="Mitashi Game In Smarty Chotu White (Video Game)" class="product-image">
<img border="0" class="" lazysrc="http://n4.sdlcdn.com/imgs/a/a/v/230x258/Mitashi_Game_In_Smarty_Chotu_White_M_1_2x-0235a.jpg" src="http://n4.sdlcdn.com/imgs/a/a/v/230x258/Mitashi_Game_In_Smarty_Chotu_White_M_1_2x-0235a.jpg" style="opacity: 1; "/>
<div class="shippingImage tooltip">
<span class="box">
<span class="arw"></span>
<label class="dispatched-one-day-lang">Dispatched in 1 business day</label>
</span>
</div>
</div>
<div class="product_grid_cont_heading">
				Mitashi Game In Smarty Chotu White (Video Game)</div>
<div class="ratingStarsSmall ratingStarsBelowTitle" pos="2.4" style="background-position: 0px -90px; "><span>(9)</span></div>
<script type="text/javascript">
						var ratingState = true;
					</script>
<div class="product_grid_cont_price_outer">
<div class="product_price ">
<span class="originalprice ">Rs
									1699</span> Rs 1460
							</div>
<div class="product_discount_outer ">
<div class="product_discount">
									14%
								</div>
</div>
</div>
<div class="freebie-ico"><label class="freebie-lang">Freebie</label></div>
<div class="cod-ico"><label class="lang">Cash on Delivery Available</label></div>
</a>
<a categoryid="66" class="hit-ss-logger" href="http://www.snapdeal.com/product/mitashi-playsmart-jazz-master-game/821916049?pos=14;55" ispartialsearch="false" pogid="821916049" pos="14;55" v="p">
<div atl="Mitashi Playsmart Jazz Master &amp; Game In Jet Combo" class="product-image">
<img border="0" class="" lazysrc="http://n1.sdlcdn.com/imgs/a/e/u/230x258/SDL011763168_1381918566_image1-91b5d.jpg" src="http://n1.sdlcdn.com/imgs/a/e/u/230x258/SDL011763168_1381918566_image1-91b5d.jpg" style="opacity: 1; "/>
</div>
<div class="product_grid_cont_heading">
				Mitashi Playsmart Jazz Master &amp; Game In Jet Combo</div>
<div class="product_grid_cont_price_outer">
<div class="product_price ">
<span class="originalprice ">Rs
									2215</span> Rs 1371
							</div>
<div class="product_discount_outer ">
<div class="product_discount">
									38%
								</div>
</div>
</div>
<div class="freebie-ico"><label class="freebie-lang">Freebie</label></div>
<div class="cod-ico"><label class="lang">Cash on Delivery Available</label></div>
</a>
<a categoryid="" class="hit-ss-logger" href="http://www.snapdeal.com/product/mitashi-sky-kidz-my-tutor/1391931691?pos=15;55" ispartialsearch="false" pogid="1391931691" pos="15;55" v="p"><div alt="Mitashi Sky Kidz My Tutor" atl="Mitashi Sky Kidz My Tutor" class="product-image"><img border="0" class="" lazysrc="http://n1.sdlcdn.com/imgs/a/c/7/230x258/SDL358381185_1375353740_image1-0a0cf.jpg" src="http://n1.sdlcdn.com/imgs/a/c/7/230x258/SDL358381185_1375353740_image1-0a0cf.jpg" style="opacity: 1; "/></div><div class="product_grid_cont_heading">Mitashi Sky Kidz My Tutor</div><div class="ratingStarsSmall ratingStarsBelowTitle" style="background-position: 0px -72px;"><span> (1) </span></div><div class="product_grid_cont_price_outer"><div class="product_price "><span class="originalprice ">Rs 679</span>  Rs 598</div><div class="product_discount_outer"><div class="product_discount">12%</div></div></div><div class="freebie-ico"><label class="lang freebie-lang">Freebie</label></div><div class="cod-ico"><label class="lang">Cash on Delivery Available</label></div></a>
<a categoryid="" class="hit-ss-logger" href="http://www.snapdeal.com/product/mitashi-skykidz-magic-pad/428079?pos=16;55" ispartialsearch="false" pogid="428079" pos="16;55" v="p"><div alt="Mitashi Skykidz Magic Pad" atl="Mitashi Skykidz Magic Pad" class="product-image"><img border="0" src="http://n1.sdlcdn.com/imgs/a/a/a/230x258/MT_59_M_1_2x-ab807.jpg" style="opacity: 1; "/></div><div class="product_grid_cont_heading">Mitashi Skykidz Magic Pad</div><div class="ratingStarsSmall ratingStarsBelowTitle" style="background-position: 0px -144px;"><span> (9) </span></div><div class="product_grid_cont_price_outer"><div class="product_price "><span class="originalprice ">Rs 599</span>  Rs 498</div><div class="product_discount_outer"><div class="product_discount">17%</div></div></div><div class="freebie-ico"><label class="lang freebie-lang">Freebie</label></div><div class="cod-ico"><label class="lang">Cash on Delivery Available</label></div></a>
<a categoryid="" class="hit-ss-logger" href="http://www.snapdeal.com/product/mitashi-playsmart-37-keyboard-synthesiser/428062?pos=17;55" ispartialsearch="false" pogid="428062" pos="17;55" v="p"><div alt="Mitashi Playsmart 37 Keyboard Synthesiser" atl="Mitashi Playsmart 37 Keyboard Synthesiser" class="product-image"><img border="0" class="" lazysrc="http://i4.sdlcdn.com/img/product/main/230x258/MT_34_M_1_2x.jpg" src="http://i4.sdlcdn.com/img/product/main/230x258/MT_34_M_1_2x.jpg" style="opacity: 1; "/></div><div class="product_grid_cont_heading">Mitashi Playsmart 37 Keyboard Synthesiser</div><div class="ratingStarsSmall ratingStarsBelowTitle" style="background-position: 0px -126px;"><span> (9) </span></div><div class="product_grid_cont_price_outer"><div class="product_price no-float"><span class="originalprice no-display">Rs 2499</span>  Rs 2499</div></div><div class="freebie-ico"><label class="lang freebie-lang">Freebie</label></div><div class="cod-ico"><label class="lang">Cash on Delivery Available</label></div></a>
<a categoryid="" class="hit-ss-logger" href="http://www.snapdeal.com/product/mitashi-skykidz-kiddy-tab/428080?pos=18;55" ispartialsearch="false" pogid="428080" pos="18;55" v="p"><div alt="Mitashi Skykidz Kiddy Tab" atl="Mitashi Skykidz Kiddy Tab" class="product-image"><img border="0" class="" lazysrc="http://i2.sdlcdn.com/img/product/main/230x258/SK_020_M_1_2x.jpg" src="http://i2.sdlcdn.com/img/product/main/230x258/SK_020_M_1_2x.jpg" style="opacity: 1; "/><div class="shippingImage tooltip"><span class="box"><span class="arw"></span><label class="lang dispatched-one-day-lang">Dispatched in 1 business day</label></span></div></div><div class="product_grid_cont_heading">Mitashi Skykidz Kiddy Tab</div><div class="ratingStarsSmall ratingStarsBelowTitle" style="background-position: 0px -126px;"><span> (41) </span></div><div class="product_grid_cont_price_outer"><div class="product_price "><span class="originalprice ">Rs 799</span>  Rs 677</div><div class="product_discount_outer"><div class="product_discount">15%</div></div></div><div class="freebie-ico"><label class="lang freebie-lang">Freebie</label></div><div class="cod-ico"><label class="lang">Cash on Delivery Available</label></div></a>
<a categoryid="" class="hit-ss-logger" href="http://www.snapdeal.com/product/mitashi-skykidz-fun-tabulus/428077?pos=19;55" ispartialsearch="false" pogid="428077" pos="19;55" v="p"><div alt="Mitashi Skykidz Fun Tabulus" atl="Mitashi Skykidz Fun Tabulus" class="product-image"><img border="0" class="" lazysrc="http://n4.sdlcdn.com/imgs/a/a/a/230x258/SK_43_M_1_2x-0ece8.jpg" src="http://n4.sdlcdn.com/imgs/a/a/a/230x258/SK_43_M_1_2x-0ece8.jpg" style="opacity: 1; "/></div><div class="product_grid_cont_heading">Mitashi Skykidz Fun Tabulus</div><div class="ratingStarsSmall ratingStarsBelowTitle" style="background-position: 0px -162px;"><span> (9) </span></div><div class="product_grid_cont_price_outer"><div class="product_price "><span class="originalprice ">Rs 599</span>  Rs 587</div><div class="product_discount_outer"><div class="product_discount">2%</div></div></div><div class="freebie-ico"><label class="lang freebie-lang">Freebie</label></div><div class="cod-ico"><label class="lang">Cash on Delivery Available</label></div></a>
<a categoryid="" class="hit-ss-logger" href="http://www.snapdeal.com/product/mitashi-game-in-i-sports/1155814344?pos=20;55" ispartialsearch="false" pogid="1155814344" pos="20;55" v="p"><div alt="Mitashi Game In I Sports Cricket" atl="Mitashi Game In I Sports Cricket" class="product-image"><img border="0" class="" lazysrc="http://n4.sdlcdn.com/imgs/a/c/7/230x258/SDL360311545_1375353742_image1-21baa.jpg" src="http://n4.sdlcdn.com/imgs/a/c/7/230x258/SDL360311545_1375353742_image1-21baa.jpg" style="opacity: 1; "/><div class="shippingImage tooltip"><span class="box"><span class="arw"></span><label class="lang dispatched-one-day-lang">Dispatched in 1 business day</label></span></div></div><div class="product_grid_cont_heading">Mitashi Game In I Sports Cricket</div><div class="ratingStarsSmall ratingStarsBelowTitle" style="background-position: 0px -90px;"><span> (3) </span></div><div class="product_grid_cont_price_outer"><div class="product_price "><span class="originalprice ">Rs 2999</span>  Rs 2369</div><div class="product_discount_outer"><div class="product_discount">21%</div></div></div><div class="freebie-ico"><label class="lang freebie-lang">Freebie</label></div><div class="cod-ico"><label class="lang">Cash on Delivery Available</label></div></a>
<a categoryid="" class="hit-ss-logger" href="http://www.snapdeal.com/product/mitashi-game-in-smarty-chotu/218406?pos=21;55" ispartialsearch="false" pogid="218406" pos="21;55" v="p"><div alt="Mitashi Game In Smarty Chotu Maroon (Video Game)" atl="Mitashi Game In Smarty Chotu Maroon (Video Game)" class="product-image"><img border="0" class="" lazysrc="http://i3.sdlcdn.com/img/product/main/230x258/Mitashi_Game_In_Smarty_Chotu_Maroon_M_1_2x.jpg" src="http://i3.sdlcdn.com/img/product/main/230x258/Mitashi_Game_In_Smarty_Chotu_Maroon_M_1_2x.jpg" style="opacity: 1; "/><div class="shippingImage tooltip"><span class="box"><span class="arw"></span><label class="lang dispatched-one-day-lang">Dispatched in 1 business day</label></span></div></div><div class="product_grid_cont_heading">Mitashi Game In Smarty Chotu Maroon (Video Game)</div><div class="ratingStarsSmall ratingStarsBelowTitle" style="background-position: 0px -108px;"><span> (14) </span></div><div class="product_grid_cont_price_outer"><div class="product_price "><span class="originalprice ">Rs 1699</span>  Rs 1460</div><div class="product_discount_outer"><div class="product_discount">14%</div></div></div><div class="freebie-ico"><label class="lang freebie-lang">Freebie</label></div><div class="cod-ico"><label class="lang">Cash on Delivery Available</label></div></a>
<a categoryid="" class="hit-ss-logger" href="http://www.snapdeal.com/product/mitashi-sky-kidz-musical-band/1055538632?pos=22;55" ispartialsearch="false" pogid="1055538632" pos="22;55" v="p"><div alt="Mitashi Sky Kidz Musical Band &amp; Game In Jet Combo" atl="Mitashi Sky Kidz Musical Band &amp; Game In Jet Combo" class="product-image"><img border="0" class="" lazysrc="http://n3.sdlcdn.com/imgs/a/e/u/230x258/SDL002044744_1381918582_image1-422b5.jpg" src="http://n3.sdlcdn.com/imgs/a/e/u/230x258/SDL002044744_1381918582_image1-422b5.jpg" style="opacity: 1; "/></div><div class="product_grid_cont_heading">Mitashi Sky Kidz Musical Band &amp; Game In Jet Combo</div><div class="product_grid_cont_price_outer"><div class="product_price no-float"><span class="originalprice no-display">Rs 2215</span>  Rs 2215</div></div><div class="freebie-ico"><label class="lang freebie-lang">Freebie</label></div><div class="cod-ico"><label class="lang">Cash on Delivery Available</label></div></a>
<a categoryid="" class="hit-ss-logger" href="http://www.snapdeal.com/product/mitashi-playsmart-smart-pro-v01/1575191480?pos=23;55" ispartialsearch="false" pogid="1575191480" pos="23;55" v="p"><div alt="Mitashi Playsmart Smart Pro V.01 &amp; Game In Jet Combo" atl="Mitashi Playsmart Smart Pro V.01 &amp; Game In Jet Combo" class="product-image"><img border="0" class="" lazysrc="http://n1.sdlcdn.com/imgs/a/e/u/230x258/SDL012514562_1381918569_image1-bbc17.jpg" src="http://n1.sdlcdn.com/imgs/a/e/u/230x258/SDL012514562_1381918569_image1-bbc17.jpg" style="opacity: 1; "/></div><div class="product_grid_cont_heading">Mitashi Playsmart Smart Pro V.01 &amp; Game In Jet Combo</div><div class="ratingStarsSmall ratingStarsBelowTitle" style="background-position: 0px -180px;"><span> (1) </span></div><div class="product_grid_cont_price_outer"><div class="product_price no-float"><span class="originalprice no-display">Rs 2815</span>  Rs 2815</div></div><div class="freebie-ico"><label class="lang freebie-lang">Freebie</label></div><div class="cod-ico"><label class="lang">Cash on Delivery Available</label></div></a>
<a categoryid="" class="hit-ss-logger" href="http://www.snapdeal.com/product/mitashi-sky-kidz-learning-phone/146632620?pos=24;55" ispartialsearch="false" pogid="146632620" pos="24;55" v="p"><div alt="Mitashi Sky Kidz Learning Phone" atl="Mitashi Sky Kidz Learning Phone" class="product-image"><img border="0" class="" lazysrc="http://n1.sdlcdn.com/imgs/a/g/4/230x258/SDL018037225_1391177403_image1-adb79.jpg" src="http://n1.sdlcdn.com/imgs/a/g/4/230x258/SDL018037225_1391177403_image1-adb79.jpg" style="opacity: 1; "/></div><div class="product_grid_cont_heading">Mitashi Sky Kidz Learning Phone</div><div class="product_grid_cont_price_outer"><div class="product_price no-float"><span class="originalprice no-display">Rs 1099</span>  Rs 1099</div></div></a>
<a categoryid="" class="hit-ss-logger" href="http://www.snapdeal.com/product/mitashi-game-in-smarty-touch/1483839?pos=25;55" ispartialsearch="false" pogid="1483839" pos="25;55" v="p"><div alt="Mitashi Game In Smarty Touch Midas" atl="Mitashi Game In Smarty Touch Midas" class="product-image"><img border="0" class="" lazysrc="http://n2.sdlcdn.com/imgs/a/e/2/230x258/SDL175410373_1372056671_image1-bc3b7.jpg" src="http://n2.sdlcdn.com/imgs/a/e/2/230x258/SDL175410373_1372056671_image1-bc3b7.jpg" style="opacity: 1; "/><div class="shippingImage tooltip"><span class="box"><span class="arw"></span><label class="lang dispatched-one-day-lang">Dispatched in 1 business day</label></span></div></div><div class="product_grid_cont_heading">Mitashi Game In Smarty Touch Midas</div><div class="ratingStarsSmall ratingStarsBelowTitle" style="background-position: 0px -180px;"><span> (1) </span></div><div class="product_grid_cont_price_outer"><div class="product_price "><span class="originalprice ">Rs 4499</span>  Rs 3563</div><div class="product_discount_outer"><div class="product_discount">21%</div></div></div><div class="freebie-ico"><label class="lang freebie-lang">Freebie</label></div><div class="cod-ico"><label class="lang">Cash on Delivery Available</label></div></a>
<a categoryid="" class="hit-ss-logger" href="http://www.snapdeal.com/product/mitashi-playsmart-i-piano-game/1434874971?pos=26;55" ispartialsearch="false" pogid="1434874971" pos="26;55" v="p"><div alt="Mitashi Playsmart I Piano &amp; Game In Jet Combo" atl="Mitashi Playsmart I Piano &amp; Game In Jet Combo" class="product-image"><img border="0" class="" lazysrc="http://n2.sdlcdn.com/imgs/a/e/u/230x258/SDL012100198_1381918558_image1-5a38c.jpg" src="http://n2.sdlcdn.com/imgs/a/e/u/230x258/SDL012100198_1381918558_image1-5a38c.jpg" style="opacity: 1; "/></div><div class="product_grid_cont_heading">Mitashi Playsmart I Piano &amp; Game In Jet Combo</div><div class="product_grid_cont_price_outer"><div class="product_price no-float"><span class="originalprice no-display">Rs 2715</span>  Rs 2715</div></div><div class="freebie-ico"><label class="lang freebie-lang">Freebie</label></div><div class="cod-ico"><label class="lang">Cash on Delivery Available</label></div></a>
<a categoryid="" class="hit-ss-logger" href="http://www.snapdeal.com/product/mitashi-sky-kidz-bumble-bee/1205080473?pos=27;55" ispartialsearch="false" pogid="1205080473" pos="27;55" v="p"><div alt="Mitashi Sky Kidz Bumble Bee" atl="Mitashi Sky Kidz Bumble Bee" class="product-image"><img border="0" class="" lazysrc="http://n2.sdlcdn.com/imgs/a/c/7/230x258/SDL358056294_1375353743_image1-1a3e0.jpg" src="http://n2.sdlcdn.com/imgs/a/c/7/230x258/SDL358056294_1375353743_image1-1a3e0.jpg" style="opacity: 1; "/></div><div class="product_grid_cont_heading">Mitashi Sky Kidz Bumble Bee</div><div class="ratingStarsSmall ratingStarsBelowTitle" style="background-position: 0px -180px;"><span> (1) </span></div><div class="product_grid_cont_price_outer"><div class="product_price no-float"><span class="originalprice no-display">Rs 879</span>  Rs 879</div></div><div class="freebie-ico"><label class="lang freebie-lang">Freebie</label></div><div class="cod-ico"><label class="lang">Cash on Delivery Available</label></div></a>
<a categoryid="" class="hit-ss-logger" href="http://www.snapdeal.com/product/mitashi-playsmart-musical-keyboard-ps/1803758886?pos=28;55" ispartialsearch="false" pogid="1803758886" pos="28;55" v="p"><div alt="Mitashi Playsmart Musical Keyboard PS 3232 &amp; Game In Jet Combo" atl="Mitashi Playsmart Musical Keyboard PS 3232 &amp; Game In Jet Combo" class="product-image"><img border="0" class="" lazysrc="http://n4.sdlcdn.com/imgs/a/e/u/230x258/SDL476603607_1381918578_image1-19f1f.jpg" src="http://n4.sdlcdn.com/imgs/a/e/u/230x258/SDL476603607_1381918578_image1-19f1f.jpg" style="opacity: 1; "/></div><div class="product_grid_cont_heading">Mitashi Playsmart Musical Keyboard PS 3232 &amp; Game In Jet Combo</div><div class="product_grid_cont_price_outer"><div class="product_price no-float"><span class="originalprice no-display">Rs 3215</span>  Rs 3215</div></div><div class="freebie-ico"><label class="lang freebie-lang">Freebie</label></div><div class="cod-ico"><label class="lang">Cash on Delivery Available</label></div></a>
<a categoryid="" class="hit-ss-logger" href="http://www.snapdeal.com/product/mitashi-skykidz-rock-star-guitar/428058?pos=29;55" ispartialsearch="false" pogid="428058" pos="29;55" v="p"><div alt="Mitashi Skykidz Rock Star Guitar" atl="Mitashi Skykidz Rock Star Guitar" class="product-image"><img border="0" class="" lazysrc="http://n4.sdlcdn.com/imgs/a/a/a/230x258/SK_022_M_1_2x-3ed1a.jpg" src="http://n4.sdlcdn.com/imgs/a/a/a/230x258/SK_022_M_1_2x-3ed1a.jpg" style="opacity: 1; "/></div><div class="product_grid_cont_heading">Mitashi Skykidz Rock Star Guitar</div><div class="ratingStarsSmall ratingStarsBelowTitle" style="background-position: 0px -162px;"><span> (5) </span></div><div class="product_grid_cont_price_outer"><div class="product_price "><span class="originalprice ">Rs 1199</span>  Rs 1083</div><div class="product_discount_outer"><div class="product_discount">10%</div></div></div><div class="freebie-ico"><label class="lang freebie-lang">Freebie</label></div><div class="cod-ico"><label class="lang">Cash on Delivery Available</label></div></a>
<a categoryid="" class="hit-ss-logger" href="http://www.snapdeal.com/product/mitashi-playsmart-maestro/428083?pos=30;55" ispartialsearch="false" pogid="428083" pos="30;55" v="p"><div alt="Mitashi Playsmart Maestro" atl="Mitashi Playsmart Maestro" class="product-image"><img border="0" class="" lazysrc="http://n2.sdlcdn.com/imgs/a/a/a/230x258/MT_58_M_1_2x-7ed93.jpg" src="http://n2.sdlcdn.com/imgs/a/a/a/230x258/MT_58_M_1_2x-7ed93.jpg" style="opacity: 1; "/></div><div class="product_grid_cont_heading">Mitashi Playsmart Maestro</div><div class="product_grid_cont_price_outer"><div class="product_price no-float"><span class="originalprice no-display">Rs 1499</span>  Rs 1499</div></div><div class="freebie-ico"><label class="lang freebie-lang">Freebie</label></div><div class="cod-ico"><label class="lang">Cash on Delivery Available</label></div></a>
<a categoryid="" class="hit-ss-logger" href="http://www.snapdeal.com/product/mitashi-skykidz-buddy/428078?pos=31;55" ispartialsearch="false" pogid="428078" pos="31;55" v="p"><div alt="Mitashi Skykidz Buddy" atl="Mitashi Skykidz Buddy" class="product-image"><img border="0" src="http://n4.sdlcdn.com/imgs/a/a/a/230x258/SK_44_M_1_2x-7b94d.jpg" style="opacity: 1; "/></div><div class="product_grid_cont_heading">Mitashi Skykidz Buddy</div><div class="product_grid_cont_price_outer"><div class="product_price "><span class="originalprice ">Rs 799</span>  Rs 665</div><div class="product_discount_outer"><div class="product_discount">17%</div></div></div><div class="freebie-ico"><label class="lang freebie-lang">Freebie</label></div><div class="cod-ico"><label class="lang">Cash on Delivery Available</label></div></a>
<a categoryid="" class="hit-ss-logger" href="http://www.snapdeal.com/product/mitashi-skykidz-hello-teacher/428075?pos=32;55" ispartialsearch="false" pogid="428075" pos="32;55" v="p"><div alt="Mitashi Skykidz Hello Teacher" atl="Mitashi Skykidz Hello Teacher" class="product-image"><img border="0" class="" lazysrc="http://n4.sdlcdn.com/imgs/a/a/a/230x258/SK_34_M_1_2x-c2bee.jpg" src="http://n4.sdlcdn.com/imgs/a/a/a/230x258/SK_34_M_1_2x-c2bee.jpg" style="opacity: 1; "/></div><div class="product_grid_cont_heading">Mitashi Skykidz Hello Teacher</div><div class="ratingStarsSmall ratingStarsBelowTitle" style="background-position: 0px -180px;"><span> (3) </span></div><div class="product_grid_cont_price_outer"><div class="product_price "><span class="originalprice ">Rs 899</span>  Rs 644</div><div class="product_discount_outer"><div class="product_discount">28%</div></div></div><div class="freebie-ico"><label class="lang freebie-lang">Freebie</label></div><div class="cod-ico"><label class="lang">Cash on Delivery Available</label></div></a>
<a categoryid="" class="hit-ss-logger" href="http://www.snapdeal.com/product/mitashi-game-in-handy-white/218416?pos=33;55" ispartialsearch="false" pogid="218416" pos="33;55" v="p"><div alt="Mitashi Game In Handy White (Video Game)" atl="Mitashi Game In Handy White (Video Game)" class="product-image"><img border="0" class="" lazysrc="http://i2.sdlcdn.com/img/product/main/230x258/Mitashi_Game_In_Handy_White_M_1_2x.jpg" src="http://i2.sdlcdn.com/img/product/main/230x258/Mitashi_Game_In_Handy_White_M_1_2x.jpg" style="opacity: 1; "/></div><div class="product_grid_cont_heading">Mitashi Game In Handy White (Video Game)</div><div class="ratingStarsSmall ratingStarsBelowTitle" style="background-position: 0px -90px;"><span> (9) </span></div><div class="product_grid_cont_price_outer"><div class="product_price "><span class="originalprice ">Rs 1299</span>  Rs 1157</div><div class="product_discount_outer"><div class="product_discount">11%</div></div></div><div class="freebie-ico"><label class="lang freebie-lang">Freebie</label></div><div class="cod-ico"><label class="lang">Cash on Delivery Available</label></div></a>
<a categoryid="" class="hit-ss-logger" href="http://www.snapdeal.com/product/mitashi-playsmart-maestro/218414?pos=34;55" ispartialsearch="false" pogid="218414" pos="34;55" v="p"><div alt="Mitashi Playsmart Maestro" atl="Mitashi Playsmart Maestro" class="product-image"><img border="0" class="" lazysrc="http://n2.sdlcdn.com/imgs/a/a/v/230x258/Mitashi_playsmart_maestro_M_1_2x-67723.jpg" src="http://n2.sdlcdn.com/imgs/a/a/v/230x258/Mitashi_playsmart_maestro_M_1_2x-67723.jpg" style="opacity: 1; "/></div><div class="product_grid_cont_heading">Mitashi Playsmart Maestro</div><div class="ratingStarsSmall ratingStarsBelowTitle" style="background-position: 0px -162px;"><span> (7) </span></div><div class="product_grid_cont_price_outer"><div class="product_price "><span class="originalprice ">Rs 1499</span>  Rs 1335</div><div class="product_discount_outer"><div class="product_discount">11%</div></div></div><div class="freebie-ico"><label class="lang freebie-lang">Freebie</label></div><div class="cod-ico"><label class="lang">Cash on Delivery Available</label></div></a>
<a categoryid="" class="hit-ss-logger" href="http://www.snapdeal.com/product/mitashi-sky-kidz-fun-tunes/539312?pos=35;55" ispartialsearch="false" pogid="539312" pos="35;55" v="p"><div alt="Mitashi Sky Kidz Fun Tunes" atl="Mitashi Sky Kidz Fun Tunes" class="product-image"><img border="0" class="" lazysrc="http://i4.sdlcdn.com/img/product/main/230x258/SK_42_M_1_2x.jpg" src="http://i4.sdlcdn.com/img/product/main/230x258/SK_42_M_1_2x.jpg" style="opacity: 1; "/></div><div class="product_grid_cont_heading">Mitashi Sky Kidz Fun Tunes</div><div class="ratingStarsSmall ratingStarsBelowTitle" style="background-position: 0px -126px;"><span> (29) </span></div><div class="product_grid_cont_price_outer"><div class="product_price "><span class="originalprice ">Rs 699</span>  Rs 589</div><div class="product_discount_outer"><div class="product_discount">16%</div></div></div><div class="freebie-ico"><label class="lang freebie-lang">Freebie</label></div><div class="cod-ico"><label class="lang">Cash on Delivery Available</label></div></a>
<a categoryid="" class="hit-ss-logger" href="http://www.snapdeal.com/product/mitashi-playsmart-i-piano/539314?pos=36;55" ispartialsearch="false" pogid="539314" pos="36;55" v="p"><div alt="Mitashi Playsmart I Piano" atl="Mitashi Playsmart I Piano" class="product-image"><img border="0" class="" lazysrc="http://n1.sdlcdn.com/imgs/a/a/e/230x258/MT_62_M_1_2x-774b4.jpg" src="http://n1.sdlcdn.com/imgs/a/a/e/230x258/MT_62_M_1_2x-774b4.jpg" style="opacity: 1; "/></div><div class="product_grid_cont_heading">Mitashi Playsmart I Piano</div><div class="product_grid_cont_price_outer"><div class="product_price no-float"><span class="originalprice no-display">Rs 1799</span>  Rs 1791</div></div><div class="freebie-ico"><label class="lang freebie-lang">Freebie</label></div><div class="cod-ico"><label class="lang">Cash on Delivery Available</label></div></a>
<a categoryid="" class="hit-ss-logger" href="http://www.snapdeal.com/product/mitashi-sky-kidz-kiddy-smart/652417132?pos=37;55" ispartialsearch="false" pogid="652417132" pos="37;55" v="p"><div alt="Mitashi Sky Kidz Kiddy Smart Phone" atl="Mitashi Sky Kidz Kiddy Smart Phone" class="product-image"><img border="0" class="" lazysrc="http://n3.sdlcdn.com/imgs/a/g/4/230x258/SDL018971435_1391177405_image1-5c9cc.jpg" src="http://n3.sdlcdn.com/imgs/a/g/4/230x258/SDL018971435_1391177405_image1-5c9cc.jpg" style="opacity: 1; "/></div><div class="product_grid_cont_heading">Mitashi Sky Kidz Kiddy Smart Phone</div><div class="product_grid_cont_price_outer"><div class="product_price no-float"><span class="originalprice no-display">Rs 699</span>  Rs 699</div></div></a>
<a categoryid="" class="hit-ss-logger" href="http://www.snapdeal.com/product/mitashi-sky-kidz-guitar-game/752320776?pos=38;55" ispartialsearch="false" pogid="752320776" pos="38;55" v="p"><div alt="Mitashi Sky Kidz Guitar &amp; Game In Jet Combo" atl="Mitashi Sky Kidz Guitar &amp; Game In Jet Combo" class="product-image"><img border="0" class="" lazysrc="http://n1.sdlcdn.com/imgs/a/e/u/230x258/SDL003445957_1381918573_image1-72a52.jpg" src="http://n1.sdlcdn.com/imgs/a/e/u/230x258/SDL003445957_1381918573_image1-72a52.jpg" style="opacity: 1; "/></div><div class="product_grid_cont_heading">Mitashi Sky Kidz Guitar &amp; Game In Jet Combo</div><div class="product_grid_cont_price_outer"><div class="product_price no-float"><span class="originalprice no-display">Rs 2115</span>  Rs 2115</div></div><div class="freebie-ico"><label class="lang freebie-lang">Freebie</label></div><div class="cod-ico"><label class="lang">Cash on Delivery Available</label></div></a>
<a categoryid="" class="hit-ss-logger" href="http://www.snapdeal.com/product/mitashi-playsmart-colour-cool/428064?pos=39;55" ispartialsearch="false" pogid="428064" pos="39;55" v="p"><div alt="Mitashi Playsmart Colour Cool" atl="Mitashi Playsmart Colour Cool" class="product-image"><img border="0" class="" lazysrc="http://n2.sdlcdn.com/imgs/a/a/a/230x258/MT_49_M_1_2x-83f0e.jpg" src="http://n2.sdlcdn.com/imgs/a/a/a/230x258/MT_49_M_1_2x-83f0e.jpg" style="opacity: 1; "/></div><div class="product_grid_cont_heading">Mitashi Playsmart Colour Cool</div><div class="ratingStarsSmall ratingStarsBelowTitle" style="background-position: 0px -126px;"><span> (5) </span></div><div class="product_grid_cont_price_outer"><div class="product_price no-float"><span class="originalprice no-display">Rs 3290</span>  Rs 3290</div></div><div class="freebie-ico"><label class="lang freebie-lang">Freebie</label></div><div class="cod-ico"><label class="lang">Cash on Delivery Available</label></div></a>
<a categoryid="" class="hit-ss-logger" href="http://www.snapdeal.com/product/mitashi-playsmart-32-keyboard-synthesiser/428061?pos=40;55" ispartialsearch="false" pogid="428061" pos="40;55" v="p"><div alt="Mitashi Playsmart 32 Keyboard Synthesiser" atl="Mitashi Playsmart 32 Keyboard Synthesiser" class="product-image"><img border="0" class="" lazysrc="http://n4.sdlcdn.com/imgs/a/a/a/230x258/MT_33_M_1_2x-200da.jpg" src="http://n4.sdlcdn.com/imgs/a/a/a/230x258/MT_33_M_1_2x-200da.jpg" style="opacity: 1; "/></div><div class="product_grid_cont_heading">Mitashi Playsmart 32 Keyboard Synthesiser</div><div class="ratingStarsSmall ratingStarsBelowTitle" style="background-position: 0px -126px;"><span> (2) </span></div><div class="product_grid_cont_price_outer"><div class="product_price "><span class="originalprice ">Rs 2299</span>  Rs 2191</div><div class="product_discount_outer"><div class="product_discount">5%</div></div></div><div class="freebie-ico"><label class="lang freebie-lang">Freebie</label></div><div class="cod-ico"><label class="lang">Cash on Delivery Available</label></div></a>
<a categoryid="" class="hit-ss-logger" href="http://www.snapdeal.com/product/mitashi-game-in-thunder/622695?pos=41;55" ispartialsearch="false" pogid="622695" pos="41;55" v="p"><div alt="Mitashi Game In Thunder (Video Game)" atl="Mitashi Game In Thunder (Video Game)" class="product-image"><img border="0" class="" lazysrc="http://n4.sdlcdn.com/imgs/a/a/h/230x258/Mitashi_007_M_1_2x-a1a5a.jpg" src="http://n4.sdlcdn.com/imgs/a/a/h/230x258/Mitashi_007_M_1_2x-a1a5a.jpg" style="opacity: 1; "/><div class="shippingImage tooltip"><span class="box"><span class="arw"></span><label class="lang dispatched-one-day-lang">Dispatched in 1 business day</label></span></div></div><div class="product_grid_cont_heading">Mitashi Game In Thunder (Video Game)</div><div class="ratingStarsSmall ratingStarsBelowTitle" style="background-position: 0px -162px;"><span> (6) </span></div><div class="product_grid_cont_price_outer"><div class="product_price "><span class="originalprice ">Rs 4979</span>  Rs 4166</div><div class="product_discount_outer"><div class="product_discount">16%</div></div></div><div class="freebie-ico"><label class="lang freebie-lang">Freebie</label></div><div class="cod-ico"><label class="lang">Cash on Delivery Available</label></div></a>
<a categoryid="" class="hit-ss-logger" href="http://www.snapdeal.com/product/mitashi-game-in-smarty-curve/622696?pos=42;55" ispartialsearch="false" pogid="622696" pos="42;55" v="p"><div alt="Mitashi Game In Smarty Curve (Video Game)" atl="Mitashi Game In Smarty Curve (Video Game)" class="product-image"><img border="0" class="" lazysrc="http://n1.sdlcdn.com/imgs/a/a/h/230x258/Mitashi_005_M_1_2x-b65e6.jpg" src="http://n1.sdlcdn.com/imgs/a/a/h/230x258/Mitashi_005_M_1_2x-b65e6.jpg" style="opacity: 1; "/><div class="shippingImage tooltip"><span class="box"><span class="arw"></span><label class="lang dispatched-one-day-lang">Dispatched in 1 business day</label></span></div></div><div class="product_grid_cont_heading">Mitashi Game In Smarty Curve (Video Game)</div><div class="ratingStarsSmall ratingStarsBelowTitle" style="background-position: 0px -108px;"><span> (8) </span></div><div class="product_grid_cont_price_outer"><div class="product_price "><span class="originalprice ">Rs 1999</span>  Rs 1706</div><div class="product_discount_outer"><div class="product_discount">15%</div></div></div><div class="freebie-ico"><label class="lang freebie-lang">Freebie</label></div><div class="cod-ico"><label class="lang">Cash on Delivery Available</label></div></a>
<a categoryid="" class="hit-ss-logger" href="http://www.snapdeal.com/product/mitashi-game-in-smarty-pro/622699?pos=43;55" ispartialsearch="false" pogid="622699" pos="43;55" v="p"><div alt="Mitashi Game In Smarty Pro v.02 (Video Game)" atl="Mitashi Game In Smarty Pro v.02 (Video Game)" class="product-image"><img border="0" class="" lazysrc="http://n3.sdlcdn.com/imgs/a/a/h/230x258/Mitashi_006_M_1_2x-9a1a1.jpg" src="http://n3.sdlcdn.com/imgs/a/a/h/230x258/Mitashi_006_M_1_2x-9a1a1.jpg" style="opacity: 1; "/><div class="shippingImage tooltip"><span class="box"><span class="arw"></span><label class="lang dispatched-one-day-lang">Dispatched in 1 business day</label></span></div></div><div class="product_grid_cont_heading">Mitashi Game In Smarty Pro v.02 (Video Game)</div><div class="ratingStarsSmall ratingStarsBelowTitle" style="background-position: 0px -108px;"><span> (6) </span></div><div class="product_grid_cont_price_outer"><div class="product_price "><span class="originalprice ">Rs 3699</span>  Rs 3098</div><div class="product_discount_outer"><div class="product_discount">16%</div></div></div><div class="freebie-ico"><label class="lang freebie-lang">Freebie</label></div><div class="cod-ico"><label class="lang">Cash on Delivery Available</label></div></a>
<a categoryid="" class="hit-ss-logger" href="http://www.snapdeal.com/product/mitashi-sky-kidz-spinner/1018164004?pos=44;55" ispartialsearch="false" pogid="1018164004" pos="44;55" v="p"><div alt="Mitashi Sky Kidz Spinner" atl="Mitashi Sky Kidz Spinner" class="product-image"><img border="0" class="" lazysrc="http://n4.sdlcdn.com/imgs/a/g/n/230x258/SDL879853131_1388130467_image1-2bcc4.jpg" src="http://n4.sdlcdn.com/imgs/a/g/n/230x258/SDL879853131_1388130467_image1-2bcc4.jpg" style="opacity: 1; "/></div><div class="product_grid_cont_heading">Mitashi Sky Kidz Spinner</div><div class="product_grid_cont_price_outer"><div class="product_price no-float"><span class="originalprice no-display">Rs 1299</span>  Rs 1299</div></div><div class="freebie-ico"><label class="lang freebie-lang">Freebie</label></div><div class="cod-ico"><label class="lang">Cash on Delivery Available</label></div></a>
<a categoryid="" class="hit-ss-logger" href="http://www.snapdeal.com/product/mitashi-playsmart-wonder/1177401?pos=45;55" ispartialsearch="false" pogid="1177401" pos="45;55" v="p"><div alt="Mitashi Playsmart Wonder (Video Game)" atl="Mitashi Playsmart Wonder (Video Game)" class="product-image"><img border="0" class="" lazysrc="http://n3.sdlcdn.com/imgs/a/e/2/230x258/SDL330855209_1364903162_image1-08aff.jpg" src="http://n3.sdlcdn.com/imgs/a/e/2/230x258/SDL330855209_1364903162_image1-08aff.jpg" style="opacity: 1; "/><div class="shippingImage tooltip"><span class="box"><span class="arw"></span><label class="lang dispatched-one-day-lang">Dispatched in 1 business day</label></span></div><div class="soldout prod-grid-sold-out-lang"></div></div><div class="product_grid_cont_heading">Mitashi Playsmart Wonder (Video Game)</div><div class="ratingStarsSmall ratingStarsBelowTitle" style="background-position: 0px -144px;"><span> (19) </span></div><div class="product_grid_cont_price_outer"><div class="product_price "><span class="originalprice ">Rs 1499</span>  Rs 1204</div><div class="product_discount_outer"><div class="product_discount">20%</div></div></div><div class="freebie-ico"><label class="lang freebie-lang">Freebie</label></div><div class="cod-ico"><label class="lang">Cash on Delivery Available</label></div></a>
<a categoryid="" class="hit-ss-logger" href="http://www.snapdeal.com/product/mitashi-playsmart-tablet-game-be/1483840?pos=46;55" ispartialsearch="false" pogid="1483840" pos="46;55" v="p"><div alt="Mitashi Playsmart Tablet Game BE 200 - 9 Inches (Video Game)" atl="Mitashi Playsmart Tablet Game BE 200 - 9 Inches (Video Game)" class="product-image"><img border="0" src="http://n1.sdlcdn.com/imgs/a/d/i/230x258/SDL175545815_1372056669_image1-8361e.jpg" style="opacity: 1; "/><div class="soldout prod-grid-sold-out-lang"></div></div><div class="product_grid_cont_heading">Mitashi Playsmart Tablet Game BE 200 - 9 Inches (Video Game)</div><div class="ratingStarsSmall ratingStarsBelowTitle" style="background-position: 0px -144px;"><span> (5) </span></div><div class="product_grid_cont_price_outer"><div class="product_price no-float"><span class="originalprice no-display">Rs 7990</span>  Rs 7990</div></div><div class="freebie-ico"><label class="lang freebie-lang">Freebie</label></div><div class="cod-ico"><label class="lang">Cash on Delivery Available</label></div></a>
<a categoryid="" class="hit-ss-logger" href="http://www.snapdeal.com/product/mitashi-playsmart-musical-keyboard-ps/200709876?pos=47;55" ispartialsearch="false" pogid="200709876" pos="47;55" v="p"><div alt="Mitashi Playsmart Musical Keyboard PS 3737 &amp; Game In Jet Combo" atl="Mitashi Playsmart Musical Keyboard PS 3737 &amp; Game In Jet Combo" class="product-image"><img border="0" class="" lazysrc="http://n2.sdlcdn.com/imgs/a/e/u/230x258/SDL478232497_1381918562_image1-cc9ce.jpg" src="http://n2.sdlcdn.com/imgs/a/e/u/230x258/SDL478232497_1381918562_image1-cc9ce.jpg" style="opacity: 1; "/><div class="soldout prod-grid-sold-out-lang"></div></div><div class="product_grid_cont_heading">Mitashi Playsmart Musical Keyboard PS 3737 &amp; Game In Jet Combo</div><div class="product_grid_cont_price_outer"><div class="product_price no-float"><span class="originalprice no-display">Rs 3415</span>  Rs 3415</div></div><div class="freebie-ico"><label class="lang freebie-lang">Freebie</label></div><div class="cod-ico"><label class="lang">Cash on Delivery Available</label></div></a>
<a categoryid="" class="hit-ss-logger" href="http://www.snapdeal.com/product/MitashiSma/73242?pos=48;55" ispartialsearch="false" pogid="73242" pos="48;55" v="p"><div alt="Mitashi Smarty Ver V.1.0 Gaming Console" atl="Mitashi Smarty Ver V.1.0 Gaming Console" class="product-image"><img border="0" class="" lazysrc="http://n3.sdlcdn.com/imgs/a/d/l/230x258/Mitashi_Smarty_m_1_2x-42bd0.jpg" src="http://n3.sdlcdn.com/imgs/a/d/l/230x258/Mitashi_Smarty_m_1_2x-42bd0.jpg" style="opacity: 1; "/><div class="shippingImage tooltip"><span class="box"><span class="arw"></span><label class="lang dispatched-one-day-lang">Dispatched in 1 business day</label></span></div><div class="soldout prod-grid-sold-out-lang"></div></div><div class="product_grid_cont_heading">Mitashi Smarty Ver V.1.0 Gaming Console</div><div class="product_grid_cont_price_outer"><div class="product_price "><span class="originalprice ">Rs 2499</span>  Rs 2446</div><div class="product_discount_outer"><div class="product_discount">2%</div></div></div><div class="freebie-ico"><label class="lang freebie-lang">Freebie</label></div><div class="cod-ico"><label class="lang">Cash on Delivery Available</label></div></a>
<a categoryid="" class="hit-ss-logger" href="http://www.snapdeal.com/product/mitashi-gamein-school-bag/428074?pos=49;55" ispartialsearch="false" pogid="428074" pos="49;55" v="p"><div alt="Mitashi Game-In School Bag" atl="Mitashi Game-In School Bag" class="product-image"><img border="0" class="" lazysrc="http://n3.sdlcdn.com/imgs/a/a/a/230x258/SK_037_M_1_2x-9064d.jpg" src="http://n3.sdlcdn.com/imgs/a/a/a/230x258/SK_037_M_1_2x-9064d.jpg" style="opacity: 1; "/><div class="shippingImage tooltip"><span class="box"><span class="arw"></span><label class="lang dispatched-one-day-lang">Dispatched in 1 business day</label></span></div><div class="soldout prod-grid-sold-out-lang"></div></div><div class="product_grid_cont_heading">Mitashi Game-In School Bag</div><div class="product_grid_cont_price_outer"><div class="product_price no-float"><span class="originalprice no-display">Rs 575</span>  Rs 575</div></div><div class="freebie-ico"><label class="lang freebie-lang">Freebie</label></div><div class="cod-ico"><label class="lang">Cash on Delivery Available</label></div></a>
<a categoryid="" class="hit-ss-logger" href="http://www.snapdeal.com/product/mitashi-game-in-smarty-pro/1177400?pos=50;55" ispartialsearch="false" pogid="1177400" pos="50;55" v="p"><div alt="Mitashi Game In Smarty Pro 2.0 (Video Game)" atl="Mitashi Game In Smarty Pro 2.0 (Video Game)" class="product-image"><img border="0" class="" lazysrc="http://n3.sdlcdn.com/imgs/a/b/d/230x258/SDL321256355_1364903160_image1-08e57.jpg" src="http://n3.sdlcdn.com/imgs/a/b/d/230x258/SDL321256355_1364903160_image1-08e57.jpg" style="opacity: 1; "/><div class="soldout prod-grid-sold-out-lang"></div></div><div class="product_grid_cont_heading">Mitashi Game In Smarty Pro 2.0 (Video Game)</div><div class="ratingStarsSmall ratingStarsBelowTitle" style="background-position: 0px -72px;"><span> (2) </span></div><div class="product_grid_cont_price_outer"><div class="product_price no-float"><span class="originalprice no-display">Rs 3699</span>  Rs 3699</div></div><div class="freebie-ico"><label class="lang freebie-lang">Freebie</label></div><div class="cod-ico"><label class="lang">Cash on Delivery Available</label></div></a>
<a categoryid="" class="hit-ss-logger" href="http://www.snapdeal.com/product/mitashi-playsmart-tablet-game-be/1483838?pos=51;55" ispartialsearch="false" pogid="1483838" pos="51;55" v="p"><div alt="Mitashi Playsmart Tablet Game BE 100 -7 Inches (Video Game)" atl="Mitashi Playsmart Tablet Game BE 100 -7 Inches (Video Game)" class="product-image"><img border="0" class="" lazysrc="http://n1.sdlcdn.com/imgs/a/d/i/230x258/SDL177140318_1372056672_image1-f585f.jpg" src="http://n1.sdlcdn.com/imgs/a/d/i/230x258/SDL177140318_1372056672_image1-f585f.jpg" style="opacity: 1; "/><div class="soldout prod-grid-sold-out-lang"></div></div><div class="product_grid_cont_heading">Mitashi Playsmart Tablet Game BE 100 -7 Inches (Video Game)</div><div class="ratingStarsSmall ratingStarsBelowTitle" style="background-position: 0px -108px;"><span> (1) </span></div><div class="product_grid_cont_price_outer"><div class="product_price "><span class="originalprice ">Rs 6790</span>  Rs 6490</div><div class="product_discount_outer"><div class="product_discount">4%</div></div></div><div class="freebie-ico"><label class="lang freebie-lang">Freebie</label></div><div class="cod-ico"><label class="lang">Cash on Delivery Available</label></div></a>
<a categoryid="" class="hit-ss-logger" href="http://www.snapdeal.com/product/mitashi-skykidz-tap-n-learn/428059?pos=52;55" ispartialsearch="false" pogid="428059" pos="52;55" v="p"><div alt="Mitashi Skykidz Tap N Learn Musical Drum" atl="Mitashi Skykidz Tap N Learn Musical Drum" class="product-image"><img border="0" class="" lazysrc="http://n4.sdlcdn.com/imgs/a/a/a/230x258/SK_47_M_1_2x-26320.jpg" src="http://n4.sdlcdn.com/imgs/a/a/a/230x258/SK_47_M_1_2x-26320.jpg" style="opacity: 1; "/><div class="soldout prod-grid-sold-out-lang"></div></div><div class="product_grid_cont_heading">Mitashi Skykidz Tap N Learn Musical Drum</div><div class="product_grid_cont_price_outer"><div class="product_price no-float"><span class="originalprice no-display">Rs 1249</span>  Rs 1249</div></div><div class="freebie-ico"><label class="lang freebie-lang">Freebie</label></div><div class="cod-ico"><label class="lang">Cash on Delivery Available</label></div></a>
<a categoryid="" class="hit-ss-logger" href="http://www.snapdeal.com/product/mitashi-pogo-mad-etching-art/428065?pos=53;55" ispartialsearch="false" pogid="428065" pos="53;55" v="p"><div alt="Mitashi Pogo Mad Etching Art - Charm Bracelet" atl="Mitashi Pogo Mad Etching Art - Charm Bracelet" class="product-image"><img border="0" class="" lazysrc="http://i1.sdlcdn.com/img/no-image.gif" src="http://i1.sdlcdn.com/img/no-image.gif" style="opacity: 1; "/><div class="soldout prod-grid-sold-out-lang"></div></div><div class="product_grid_cont_heading">Mitashi Pogo Mad Etching Art - Charm Bracelet</div><div class="product_grid_cont_price_outer"><div class="product_price "><span class="originalprice ">Rs 395</span>  Rs 291</div><div class="product_discount_outer"><div class="product_discount">26%</div></div></div><div class="freebie-ico"><label class="lang freebie-lang">Freebie</label></div><div class="cod-ico"><label class="lang">Cash on Delivery Available</label></div></a>
<a categoryid="" class="hit-ss-logger" href="http://www.snapdeal.com/product/mitashi-pogo-mad-etching-art/428067?pos=54;55" ispartialsearch="false" pogid="428067" pos="54;55" v="p"><div alt="Mitashi Pogo Mad Etching Art - Silicone Bracelet" atl="Mitashi Pogo Mad Etching Art - Silicone Bracelet" class="product-image"><img border="0" class="" lazysrc="http://i1.sdlcdn.com/img/no-image.gif" src="http://i1.sdlcdn.com/img/no-image.gif" style="opacity: 1; "/><div class="soldout prod-grid-sold-out-lang"></div></div><div class="product_grid_cont_heading">Mitashi Pogo Mad Etching Art - Silicone Bracelet</div><div class="product_grid_cont_price_outer"><div class="product_price "><span class="originalprice ">Rs 395</span>  Rs 291</div><div class="product_discount_outer"><div class="product_discount">26%</div></div></div><div class="freebie-ico"><label class="lang freebie-lang">Freebie</label></div><div class="cod-ico"><label class="lang">Cash on Delivery Available</label></div></a>
