<a categoryid="191" class="hit-ss-logger" href="http://www.snapdeal.com/product/mall-4-all-combo-of/368180136?pos=0;65" ispartialsearch="false" pogid="368180136" pos="0;65" v="p">
<div atl="Mall 4 All Combo Of Black Shirt With Valentine couple Watch Set" class="product-image">
<img border="0" class="lazy-effect" src="http://n2.sdlcdn.com/imgs/a/g/y/230x258/SDL013859155_1390290701_image1-0b895.jpg" style="opacity: 1; "/>
</div>
<div class="product_grid_cont_heading">
				Mall 4 All Combo Of Black Shirt With Valentine couple Watch Set</div>
<div class="ratingStarsSmall ratingStarsBelowTitle" pos="3.2" style="background-position: 0px -126px; "><span>(20)</span></div>
<script type="text/javascript">
						var ratingState = true;
					</script>
<div class="product_grid_cont_price_outer">
<div class="product_price ">
<span class="originalprice ">Rs
									1299</span> Rs 599
							</div>
<div class="product_discount_outer ">
<div class="product_discount">
									54%
								</div>
</div>
</div>
<div class="cod-ico"><label class="lang">Cash on Delivery Available</label></div>
</a>
<a categoryid="191" class="hit-ss-logger" href="http://www.snapdeal.com/product/mall-4-all-combo-of/115775762?pos=1;65" ispartialsearch="false" pogid="115775762" pos="1;65" v="p">
<div atl="Mall 4 All Combo Of Black Shirt With Valentine Couple Black Watch Set" class="product-image">
<img border="0" class="lazy-effect" src="http://n4.sdlcdn.com/imgs/a/g/7/230x258/SDL045168896_1390290609_image1_57b2c_M_1_2x-6ca6d.jpg" style="opacity: 1; "/>
</div>
<div class="product_grid_cont_heading">
				Mall 4 All Combo Of Black Shirt With Valentine Couple Black Watch Set</div>
<div class="ratingStarsSmall ratingStarsBelowTitle" pos="2.3" style="background-position: 0px -90px; "><span>(9)</span></div>
<script type="text/javascript">
						var ratingState = true;
					</script>
<div class="product_grid_cont_price_outer">
<div class="product_price ">
<span class="originalprice ">Rs
									1299</span> Rs 599
							</div>
<div class="product_discount_outer ">
<div class="product_discount">
									54%
								</div>
</div>
</div>
<div class="cod-ico"><label class="lang">Cash on Delivery Available</label></div>
</a>
<a categoryid="191" class="hit-ss-logger" href="http://www.snapdeal.com/product/mall-4-all-combo-of/2005520091?pos=2;65" ispartialsearch="false" pogid="2005520091" pos="2;65" v="p">
<div atl="Mall 4 All Combo Of White Shirt With Valentine Couple Black Watch Set" class="product-image">
<img border="0" class="lazy-effect" src="http://n3.sdlcdn.com/imgs/a/g/7/230x258/SDL036637920_1390290501_image1_2bc50_M_1_2x-6915a.jpg" style="opacity: 1; "/>
</div>
<div class="product_grid_cont_heading">
				Mall 4 All Combo Of White Shirt With Valentine Couple Black Watch Set</div>
<div class="ratingStarsSmall ratingStarsBelowTitle" pos="2.7" style="background-position: 0px -90px; "><span>(10)</span></div>
<script type="text/javascript">
						var ratingState = true;
					</script>
<div class="product_grid_cont_price_outer">
<div class="product_price ">
<span class="originalprice ">Rs
									1299</span> Rs 599
							</div>
<div class="product_discount_outer ">
<div class="product_discount">
									54%
								</div>
</div>
</div>
<div class="cod-ico"><label class="lang">Cash on Delivery Available</label></div>
</a>
<a categoryid="191" class="hit-ss-logger" href="http://www.snapdeal.com/product/mall-4-all-combo-of/1018197535?pos=3;65" ispartialsearch="false" pogid="1018197535" pos="3;65" v="p">
<div atl="Mall 4 All Combo Of Blue Shirt With Valentine Couple Black Watch Set" class="product-image">
<img border="0" class="lazy-effect" src="http://n1.sdlcdn.com/imgs/a/g/7/230x258/SDL033135645_1390290464_image1_822a6_M_1_2x-1b0a5.jpg" style="opacity: 1; "/>
</div>
<div class="product_grid_cont_heading">
				Mall 4 All Combo Of Blue Shirt With Valentine Couple Black Watch Set</div>
<div class="ratingStarsSmall ratingStarsBelowTitle" pos="3.3" style="background-position: 0px -126px; "><span>(7)</span></div>
<script type="text/javascript">
						var ratingState = true;
					</script>
<div class="product_grid_cont_price_outer">
<div class="product_price ">
<span class="originalprice ">Rs
									1299</span> Rs 599
							</div>
<div class="product_discount_outer ">
<div class="product_discount">
									54%
								</div>
</div>
</div>
<div class="cod-ico"><label class="lang">Cash on Delivery Available</label></div>
</a>
<a categoryid="191" class="hit-ss-logger" href="http://www.snapdeal.com/product/fidato-pack-of-blue-shirtlaptop/1384339435?pos=4;65" ispartialsearch="false" pogid="1384339435" pos="4;65" v="p">
<div atl="Fidato Pack of Blue Shirt,Laptop Bag,Men Wallet and Women Handbag &amp; Clutch Bag" class="product-image">
<img border="0" class="lazy-effect" src="http://n1.sdlcdn.com/imgs/a/g/z/230x258/SDL275267623_1390474717_image1-d14b7.jpg" style="opacity: 1; "/>
</div>
<div class="product_grid_cont_heading">
				Fidato Pack of Blue Shirt,Laptop Bag,Men Wallet and Women Handbag &amp; Clutch Bag</div>
<div class="product_grid_cont_price_outer">
<div class="product_price ">
<span class="originalprice ">Rs
									2999</span> Rs 999
							</div>
<div class="product_discount_outer ">
<div class="product_discount">
									67%
								</div>
</div>
</div>
<div class="cod-ico"><label class="lang">Cash on Delivery Available</label></div>
</a>
<a categoryid="191" class="hit-ss-logger" href="http://www.snapdeal.com/product/mall-4-all-combo-of/804871570?pos=5;65" ispartialsearch="false" pogid="804871570" pos="5;65" v="p">
<div atl="Mall 4 All Combo Of Maroon Shirt With Valentine Couple Black Watch Set" class="product-image">
<img border="0" class="lazy-effect" src="http://n2.sdlcdn.com/imgs/a/g/7/230x258/SDL023792862_1390290393_image1_f5328_M_1_2x-67c74.jpg" style="opacity: 1; "/>
</div>
<div class="product_grid_cont_heading">
				Mall 4 All Combo Of Maroon Shirt With Valentine Couple Black Watch Set</div>
<div class="ratingStarsSmall ratingStarsBelowTitle" pos="2.7" style="background-position: 0px -90px; "><span>(3)</span></div>
<script type="text/javascript">
						var ratingState = true;
					</script>
<div class="product_grid_cont_price_outer">
<div class="product_price ">
<span class="originalprice ">Rs
									1299</span> Rs 599
							</div>
<div class="product_discount_outer ">
<div class="product_discount">
									54%
								</div>
</div>
</div>
<div class="cod-ico"><label class="lang">Cash on Delivery Available</label></div>
</a>
<a categoryid="191" class="hit-ss-logger" href="http://www.snapdeal.com/product/mall-4-all-combo-of/848162906?pos=6;65" ispartialsearch="false" pogid="848162906" pos="6;65" v="p">
<div atl="Mall 4 All Combo Of Black Shirt With Valentine Gnex Black Watch" class="product-image">
<img border="0" class="lazy-effect" src="http://n2.sdlcdn.com/imgs/a/g/y/230x258/SDL016486988_1390290721_image1-a0e2e.jpg" style="opacity: 1; "/>
</div>
<div class="product_grid_cont_heading">
				Mall 4 All Combo Of Black Shirt With Valentine Gnex Black Watch</div>
<div class="ratingStarsSmall ratingStarsBelowTitle" pos="1.0" style="background-position: 0px -36px; "><span>(1)</span></div>
<script type="text/javascript">
						var ratingState = true;
					</script>
<div class="product_grid_cont_price_outer">
<div class="product_price ">
<span class="originalprice ">Rs
									1299</span> Rs 525
							</div>
<div class="product_discount_outer ">
<div class="product_discount">
									60%
								</div>
</div>
</div>
<div class="cod-ico"><label class="lang">Cash on Delivery Available</label></div>
</a>
<a categoryid="191" class="hit-ss-logger" href="http://www.snapdeal.com/product/locomotive-red-checkered-shirt/1368986336?pos=7;65" ispartialsearch="false" pogid="1368986336" pos="7;65" v="p">
<div atl="Locomotive Red Checkered Shirt" class="product-image">
<img border="0" class="lazy-effect" src="http://n3.sdlcdn.com/imgs/a/g/k/230x258/SDL962703709_1387431384_image1-305a6.jpg" style="opacity: 1; "/>
</div>
<div class="product_grid_cont_heading">
				Locomotive Red Checkered Shirt</div>
<div class="product_grid_cont_price_outer">
<div class="product_price ">
<span class="originalprice ">Rs
									1169</span> Rs 935
							</div>
<div class="product_discount_outer ">
<div class="product_discount">
									20%
								</div>
</div>
</div>
<div class="cod-ico"><label class="lang">Cash on Delivery Available</label></div>
</a>
<a categoryid="191" class="hit-ss-logger" href="http://www.snapdeal.com/product/fidato-pack-of-white-check/1955445613?pos=8;65" ispartialsearch="false" pogid="1955445613" pos="8;65" v="p">
<div atl="Fidato Pack of White Check Shirt,1 Men Wallet &amp; 1 Women Clutch Bag" class="product-image">
<img border="0" class="lazy-effect" src="http://n2.sdlcdn.com/imgs/a/g/z/230x258/SDL219198256_1390474529_image1-627ee.jpg" style="opacity: 1; "/>
</div>
<div class="product_grid_cont_heading">
				Fidato Pack of White Check Shirt,1 Men Wallet &amp; 1 Women Clutch Bag</div>
<div class="product_grid_cont_price_outer">
<div class="product_price ">
<span class="originalprice ">Rs
									1999</span> Rs 699
							</div>
<div class="product_discount_outer ">
<div class="product_discount">
									65%
								</div>
</div>
</div>
<div class="cod-ico"><label class="lang">Cash on Delivery Available</label></div>
</a>
<a categoryid="191" class="hit-ss-logger" href="http://www.snapdeal.com/product/fidato-pack-of-elegant-white/1872809787?pos=9;65" ispartialsearch="false" pogid="1872809787" pos="9;65" v="p">
<div atl="Fidato Pack of Elegant White Check Shirt, 1 Laptop Bag &amp; 1 Women Handbag" class="product-image">
<img border="0" class="lazy-effect" src="http://n3.sdlcdn.com/imgs/a/g/z/230x258/SDL040958185_1390474611_image1-bb3b8.jpg" style="opacity: 1; "/>
</div>
<div class="product_grid_cont_heading">
				Fidato Pack of Elegant White Check Shirt, 1 Laptop Bag &amp; 1 Women Handbag</div>
<div class="product_grid_cont_price_outer">
<div class="product_price ">
<span class="originalprice ">Rs
									2499</span> Rs 999
							</div>
<div class="product_discount_outer ">
<div class="product_discount">
									60%
								</div>
</div>
</div>
<div class="cod-ico"><label class="lang">Cash on Delivery Available</label></div>
</a>
<a categoryid="191" class="hit-ss-logger" href="http://www.snapdeal.com/product/mall-4-all-combo-of/160204879?pos=10;65" ispartialsearch="false" pogid="160204879" pos="10;65" v="p">
<div atl="Mall 4 All Combo Of Blue Shirt With Valentine ' X' Model Watch" class="product-image">
<img border="0" class="lazy-effect" src="http://n1.sdlcdn.com/imgs/a/g/y/230x258/SDL034935750_1390290726_image1-9b8fd.jpg" style="opacity: 1; "/>
</div>
<div class="product_grid_cont_heading">
				Mall 4 All Combo Of Blue Shirt With Valentine ' X' Model Watch</div>
<div class="ratingStarsSmall ratingStarsBelowTitle" pos="5.0" style="background-position: 0px -180px; "><span>(1)</span></div>
<script type="text/javascript">
						var ratingState = true;
					</script>
<div class="product_grid_cont_price_outer">
<div class="product_price ">
<span class="originalprice ">Rs
									1299</span> Rs 525
							</div>
<div class="product_discount_outer ">
<div class="product_discount">
									60%
								</div>
</div>
</div>
<div class="cod-ico"><label class="lang">Cash on Delivery Available</label></div>
</a>
<a categoryid="191" class="hit-ss-logger" href="http://www.snapdeal.com/product/mall-4-all-combo-of/25546207?pos=11;65" ispartialsearch="false" pogid="25546207" pos="11;65" v="p">
<div atl="Mall 4 All Combo Of White Shirt With Valentine ' X' Model Watch" class="product-image">
<img border="0" class="lazy-effect" src="http://n4.sdlcdn.com/imgs/a/g/y/230x258/SDL011644254_1390290418_image1-4b753.jpg" style="opacity: 1; "/>
</div>
<div class="product_grid_cont_heading">
				Mall 4 All Combo Of White Shirt With Valentine ' X' Model Watch</div>
<div class="product_grid_cont_price_outer">
<div class="product_price ">
<span class="originalprice ">Rs
									1299</span> Rs 525
							</div>
<div class="product_discount_outer ">
<div class="product_discount">
									60%
								</div>
</div>
</div>
<div class="cod-ico"><label class="lang">Cash on Delivery Available</label></div>
</a>
<a categoryid="191" class="hit-ss-logger" href="http://www.snapdeal.com/product/mall-4-all-combo-of/532556166?pos=12;65" ispartialsearch="false" pogid="532556166" pos="12;65" v="p">
<div atl="Mall 4 All Combo Of Maroon Shirt With Valentine Gnex Red Watch" class="product-image">
<img border="0" class="lazy-effect" src="http://n4.sdlcdn.com/imgs/a/g/y/230x258/SDL022996521_1390290657_image1-1620f.jpg" style="opacity: 1; "/>
</div>
<div class="product_grid_cont_heading">
				Mall 4 All Combo Of Maroon Shirt With Valentine Gnex Red Watch</div>
<div class="product_grid_cont_price_outer">
<div class="product_price ">
<span class="originalprice ">Rs
									1299</span> Rs 525
							</div>
<div class="product_discount_outer ">
<div class="product_discount">
									60%
								</div>
</div>
</div>
<div class="cod-ico"><label class="lang">Cash on Delivery Available</label></div>
</a>
<a categoryid="191" class="hit-ss-logger" href="http://www.snapdeal.com/product/19sixty6-checked-shirt-with-flap/1625623470?pos=13;65" ispartialsearch="false" pogid="1625623470" pos="13;65" v="p">
<div atl="19sixty6 Checked Shirt With Flap Pockets" class="product-image">
<img border="0" class="lazy-effect" src="http://n4.sdlcdn.com/imgs/a/f/6/230x258/SDL157235232_1384938339_image1-35a6c.jpg" style="opacity: 1; "/>
<div class="shippingImage tooltip">
<span class="box">
<span class="arw"></span>
<label class="dispatched-one-day-lang">Dispatched in 1 business day</label>
</span>
</div>
</div>
<div class="product_grid_cont_heading">
				19sixty6 Checked Shirt With Flap Pockets</div>
<div class="product_grid_cont_price_outer">
<div class="product_price ">
<span class="originalprice ">Rs
									1299</span> Rs 908
							</div>
<div class="product_discount_outer ">
<div class="product_discount">
									30%
								</div>
</div>
</div>
<div class="cod-ico"><label class="lang">Cash on Delivery Available</label></div>
</a>
<a categoryid="191" class="hit-ss-logger" href="http://www.snapdeal.com/product/fidato-pack-of-white-shirtmen/1250912468?pos=14;65" ispartialsearch="false" pogid="1250912468" pos="14;65" v="p">
<div atl="Fidato Pack of White Shirt,Men Wallet &amp; Watch and Women Clutch Bag &amp; Watch" class="product-image">
<img border="0" class="lazy-effect" src="http://n3.sdlcdn.com/imgs/a/g/z/230x258/SDL278072857_1390474745_image1-5a1b8.jpg" style="opacity: 1; "/>
</div>
<div class="product_grid_cont_heading">
				Fidato Pack of White Shirt,Men Wallet &amp; Watch and Women Clutch Bag &amp; Watch</div>
<div class="product_grid_cont_price_outer">
<div class="product_price ">
<span class="originalprice ">Rs
									3299</span> Rs 1199
							</div>
<div class="product_discount_outer ">
<div class="product_discount">
									64%
								</div>
</div>
</div>
<div class="cod-ico"><label class="lang">Cash on Delivery Available</label></div>
</a>
<a categoryid="17" class="hit-ss-logger" href="http://www.snapdeal.com/product/wrangler-red-checkered-shirt/1169969420?pos=15;65" ispartialsearch="false" pogid="1169969420" pos="15;65" v="p"><div alt="Wrangler Red Checkered Shirt" atl="Wrangler Red Checkered Shirt" class="product-image"><img border="0" class="" lazysrc="http://n4.sdlcdn.com/imgs/a/d/p/230x258/SDL602293963_1379480959_image1-7ea7b.jpg" src="http://n4.sdlcdn.com/imgs/a/d/p/230x258/SDL602293963_1379480959_image1-7ea7b.jpg" style="opacity: 1; "/><div class="shippingImage tooltip"><span class="box"><span class="arw"></span><label class="lang dispatched-one-day-lang">Dispatched in 1 business day</label></span></div></div><div class="product_grid_cont_heading">Wrangler Red Checkered Shirt</div><div class="ratingStarsSmall ratingStarsBelowTitle" style="background-position: 0px -180px;"><span> (1) </span></div><div class="product_grid_cont_price_outer"><div class="product_price "><span class="originalprice ">Rs 1495</span>  Rs 1047</div><div class="product_discount_outer"><div class="product_discount">30%</div></div></div><div class="cod-ico"><label class="lang">Cash on Delivery Available</label></div></a>
<a categoryid="17" class="hit-ss-logger" href="http://www.snapdeal.com/product/mall-4-all-combo-of/446495808?pos=16;65" ispartialsearch="false" pogid="446495808" pos="16;65" v="p"><div alt="Mall 4 All Combo Of Black Shirt With Valentine ' X' Model Watch" atl="Mall 4 All Combo Of Black Shirt With Valentine ' X' Model Watch" class="product-image"><img border="0" src="http://n1.sdlcdn.com/imgs/a/g/y/230x258/SDL103643225_1390290490_image1-c0cc2.jpg" style="opacity: 1; "/></div><div class="product_grid_cont_heading">Mall 4 All Combo Of Black Shirt With Valentine ' X' Model Watch</div><div class="product_grid_cont_price_outer"><div class="product_price "><span class="originalprice ">Rs 1299</span>  Rs 525</div><div class="product_discount_outer"><div class="product_discount">60%</div></div></div><div class="cod-ico"><label class="lang">Cash on Delivery Available</label></div></a>
<a categoryid="17" class="hit-ss-logger" href="http://www.snapdeal.com/product/zion-red-checkered-shirt/1736744939?pos=17;65" ispartialsearch="false" pogid="1736744939" pos="17;65" v="p"><div alt="Zion Red Checkered Shirt" atl="Zion Red Checkered Shirt" class="product-image"><img border="0" class="" lazysrc="http://n4.sdlcdn.com/imgs/a/f/h/230x258/SDL082981089_1382797475_image1-67a94.jpg" src="http://n4.sdlcdn.com/imgs/a/f/h/230x258/SDL082981089_1382797475_image1-67a94.jpg" style="opacity: 1; "/></div><div class="product_grid_cont_heading">Zion Red Checkered Shirt</div><div class="product_grid_cont_price_outer"><div class="product_price "><span class="originalprice ">Rs 893</span>  Rs 625</div><div class="product_discount_outer"><div class="product_discount">30%</div></div></div><div class="cod-ico"><label class="lang">Cash on Delivery Available</label></div></a>
<a categoryid="17" class="hit-ss-logger" href="http://www.snapdeal.com/product/mall-4-all-combo-of/1304795954?pos=18;65" ispartialsearch="false" pogid="1304795954" pos="18;65" v="p"><div alt="Mall 4 All Combo Of Blue Shirt With Valentine Gnex Black Watch" atl="Mall 4 All Combo Of Blue Shirt With Valentine Gnex Black Watch" class="product-image"><img border="0" class="" lazysrc="http://n3.sdlcdn.com/imgs/a/g/y/230x258/SDL034883764_1390290449_image1-48e67.jpg" src="http://n3.sdlcdn.com/imgs/a/g/y/230x258/SDL034883764_1390290449_image1-48e67.jpg" style="opacity: 1; "/></div><div class="product_grid_cont_heading">Mall 4 All Combo Of Blue Shirt With Valentine Gnex Black Watch</div><div class="ratingStarsSmall ratingStarsBelowTitle" style="background-position: 0px -180px;"><span> (1) </span></div><div class="product_grid_cont_price_outer"><div class="product_price "><span class="originalprice ">Rs 1299</span>  Rs 525</div><div class="product_discount_outer"><div class="product_discount">60%</div></div></div><div class="cod-ico"><label class="lang">Cash on Delivery Available</label></div></a>
<a categoryid="17" class="hit-ss-logger" href="http://www.snapdeal.com/product/zumero-red-checks-flannel-shirt/786041890?pos=19;65" ispartialsearch="false" pogid="786041890" pos="19;65" v="p"><div alt="Zumero Red Checks Flannel Shirt" atl="Zumero Red Checks Flannel Shirt" class="product-image"><img border="0" class="" lazysrc="http://n2.sdlcdn.com/imgs/a/g/a/230x258/SDL563831064_1385459696_image1-292e1.jpg" src="http://n2.sdlcdn.com/imgs/a/g/a/230x258/SDL563831064_1385459696_image1-292e1.jpg" style="opacity: 1; "/><div class="shippingImage tooltip"><span class="box"><span class="arw"></span><label class="lang dispatched-one-day-lang">Dispatched in 1 business day</label></span></div></div><div class="product_grid_cont_heading">Zumero Red Checks Flannel Shirt</div><div class="ratingStarsSmall ratingStarsBelowTitle" style="background-position: 0px -126px;"><span> (12) </span></div><div class="product_grid_cont_price_outer"><div class="product_price "><span class="originalprice ">Rs 939</span>  Rs 449</div><div class="product_discount_outer"><div class="product_discount">52%</div></div></div><div class="cod-ico"><label class="lang">Cash on Delivery Available</label></div></a>
<a categoryid="17" class="hit-ss-logger" href="http://www.snapdeal.com/product/mall-4-all-combo-of/402223943?pos=20;65" ispartialsearch="false" pogid="402223943" pos="20;65" v="p"><div alt="Mall 4 All Combo Of Black Shirt With Valentine Gnex Red Watch" atl="Mall 4 All Combo Of Black Shirt With Valentine Gnex Red Watch" class="product-image"><img border="0" class="" lazysrc="http://n3.sdlcdn.com/imgs/a/g/y/230x258/SDL011258765_1390290517_image1-48853.jpg" src="http://n3.sdlcdn.com/imgs/a/g/y/230x258/SDL011258765_1390290517_image1-48853.jpg" style="opacity: 1; "/></div><div class="product_grid_cont_heading">Mall 4 All Combo Of Black Shirt With Valentine Gnex Red Watch</div><div class="product_grid_cont_price_outer"><div class="product_price "><span class="originalprice ">Rs 1299</span>  Rs 525</div><div class="product_discount_outer"><div class="product_discount">60%</div></div></div><div class="cod-ico"><label class="lang">Cash on Delivery Available</label></div></a>
<a categoryid="17" class="hit-ss-logger" href="http://www.snapdeal.com/product/mall-4-all-combo-of/297887305?pos=21;65" ispartialsearch="false" pogid="297887305" pos="21;65" v="p"><div alt="Mall 4 All Combo Of Blue Shirt With Valentine Jewel Watch" atl="Mall 4 All Combo Of Blue Shirt With Valentine Jewel Watch" class="product-image"><img border="0" class="" lazysrc="http://n4.sdlcdn.com/imgs/a/g/y/230x258/SDL046566638_1390290452_image1-e4d3f.jpg" src="http://n4.sdlcdn.com/imgs/a/g/y/230x258/SDL046566638_1390290452_image1-e4d3f.jpg" style="opacity: 1; "/></div><div class="product_grid_cont_heading">Mall 4 All Combo Of Blue Shirt With Valentine Jewel Watch</div><div class="ratingStarsSmall ratingStarsBelowTitle" style="background-position: 0px -90px;"><span> (2) </span></div><div class="product_grid_cont_price_outer"><div class="product_price "><span class="originalprice ">Rs 1299</span>  Rs 599</div><div class="product_discount_outer"><div class="product_discount">54%</div></div></div><div class="cod-ico"><label class="lang">Cash on Delivery Available</label></div></a>
<a categoryid="17" class="hit-ss-logger" href="http://www.snapdeal.com/product/mall-4-all-combo-of/1905326637?pos=22;65" ispartialsearch="false" pogid="1905326637" pos="22;65" v="p"><div alt="Mall 4 All Combo Of Blue Shirt With Valentine Gnex Red Watch" atl="Mall 4 All Combo Of Blue Shirt With Valentine Gnex Red Watch" class="product-image"><img border="0" class="" lazysrc="http://n1.sdlcdn.com/imgs/a/g/y/230x258/SDL029172156_1390290682_image1-d6153.jpg" src="http://n1.sdlcdn.com/imgs/a/g/y/230x258/SDL029172156_1390290682_image1-d6153.jpg" style="opacity: 1; "/></div><div class="product_grid_cont_heading">Mall 4 All Combo Of Blue Shirt With Valentine Gnex Red Watch</div><div class="product_grid_cont_price_outer"><div class="product_price "><span class="originalprice ">Rs 1299</span>  Rs 525</div><div class="product_discount_outer"><div class="product_discount">60%</div></div></div><div class="cod-ico"><label class="lang">Cash on Delivery Available</label></div></a>
<a categoryid="17" class="hit-ss-logger" href="http://www.snapdeal.com/product/mall-4-all-combo-of/485436788?pos=23;65" ispartialsearch="false" pogid="485436788" pos="23;65" v="p"><div alt="Mall 4 All Combo Of Maroon Shirt With Valentine Gnex Black Watch" atl="Mall 4 All Combo Of Maroon Shirt With Valentine Gnex Black Watch" class="product-image"><img border="0" class="" lazysrc="http://n4.sdlcdn.com/imgs/a/g/y/230x258/SDL025078019_1390290426_image1-a965f.jpg" src="http://n4.sdlcdn.com/imgs/a/g/y/230x258/SDL025078019_1390290426_image1-a965f.jpg" style="opacity: 1; "/></div><div class="product_grid_cont_heading">Mall 4 All Combo Of Maroon Shirt With Valentine Gnex Black Watch</div><div class="product_grid_cont_price_outer"><div class="product_price "><span class="originalprice ">Rs 1299</span>  Rs 525</div><div class="product_discount_outer"><div class="product_discount">60%</div></div></div><div class="cod-ico"><label class="lang">Cash on Delivery Available</label></div></a>
<a categoryid="17" class="hit-ss-logger" href="http://www.snapdeal.com/product/fidato-pack-of-purple-shirtmen/126419167?pos=24;65" ispartialsearch="false" pogid="126419167" pos="24;65" v="p"><div alt="Fidato Pack of Purple Shirt,Men Wallet &amp; Watch, Women Clutch Bag &amp; Watch" atl="Fidato Pack of Purple Shirt,Men Wallet &amp; Watch, Women Clutch Bag &amp; Watch" class="product-image"><img border="0" class="" lazysrc="http://n2.sdlcdn.com/imgs/a/g/z/230x258/SDL276465578_1390474787_image1-10ae7.jpg" src="http://n2.sdlcdn.com/imgs/a/g/z/230x258/SDL276465578_1390474787_image1-10ae7.jpg" style="opacity: 1; "/></div><div class="product_grid_cont_heading">Fidato Pack of Purple Shirt,Men Wallet &amp; Watch, Women Clutch Bag &amp; Watch</div><div class="product_grid_cont_price_outer"><div class="product_price "><span class="originalprice ">Rs 3299</span>  Rs 1199</div><div class="product_discount_outer"><div class="product_discount">64%</div></div></div><div class="cod-ico"><label class="lang">Cash on Delivery Available</label></div></a>
<a categoryid="17" class="hit-ss-logger" href="http://www.snapdeal.com/product/fidato-pack-of-elegant-white/1557671737?pos=25;65" ispartialsearch="false" pogid="1557671737" pos="25;65" v="p"><div alt="Fidato Pack of Elegant White Check Shirt, 1 Laptop Bag &amp; 1 Women Clutch Bag" atl="Fidato Pack of Elegant White Check Shirt, 1 Laptop Bag &amp; 1 Women Clutch Bag" class="product-image"><img border="0" class="" lazysrc="http://n3.sdlcdn.com/imgs/a/g/z/230x258/SDL106287099_1390474660_image1-a86a1.jpg" src="http://n3.sdlcdn.com/imgs/a/g/z/230x258/SDL106287099_1390474660_image1-a86a1.jpg" style="opacity: 1; "/></div><div class="product_grid_cont_heading">Fidato Pack of Elegant White Check Shirt, 1 Laptop Bag &amp; 1 Women Clutch Bag</div><div class="product_grid_cont_price_outer"><div class="product_price "><span class="originalprice ">Rs 2199</span>  Rs 799</div><div class="product_discount_outer"><div class="product_discount">64%</div></div></div><div class="cod-ico"><label class="lang">Cash on Delivery Available</label></div></a>
<a categoryid="17" class="hit-ss-logger" href="http://www.snapdeal.com/product/mall-4-all-combo-of/131990908?pos=26;65" ispartialsearch="false" pogid="131990908" pos="26;65" v="p"><div alt="Mall 4 All Combo Of White Shirt With Valentine Gnex Black Watch" atl="Mall 4 All Combo Of White Shirt With Valentine Gnex Black Watch" class="product-image"><img border="0" class="" lazysrc="http://n1.sdlcdn.com/imgs/a/g/y/230x258/SDL011758275_1390290622_image1-4689a.jpg" src="http://n1.sdlcdn.com/imgs/a/g/y/230x258/SDL011758275_1390290622_image1-4689a.jpg" style="opacity: 1; "/></div><div class="product_grid_cont_heading">Mall 4 All Combo Of White Shirt With Valentine Gnex Black Watch</div><div class="product_grid_cont_price_outer"><div class="product_price "><span class="originalprice ">Rs 1299</span>  Rs 525</div><div class="product_discount_outer"><div class="product_discount">60%</div></div></div><div class="cod-ico"><label class="lang">Cash on Delivery Available</label></div></a>
<a categoryid="17" class="hit-ss-logger" href="http://www.snapdeal.com/product/fidato-pack-of-cool-white/1523658653?pos=27;65" ispartialsearch="false" pogid="1523658653" pos="27;65" v="p"><div alt="Fidato Pack of Cool White Check Shirt, 1 Laptop Bag &amp; 1 Women Clutch Bag" atl="Fidato Pack of Cool White Check Shirt, 1 Laptop Bag &amp; 1 Women Clutch Bag" class="product-image"><img border="0" class="" lazysrc="http://n1.sdlcdn.com/imgs/a/g/0/230x258/SDL113093070_1390544606_image1-39cf0.jpg" src="http://n1.sdlcdn.com/imgs/a/g/0/230x258/SDL113093070_1390544606_image1-39cf0.jpg" style="opacity: 1; "/></div><div class="product_grid_cont_heading">Fidato Pack of Cool White Check Shirt, 1 Laptop Bag &amp; 1 Women Clutch Bag</div><div class="product_grid_cont_price_outer"><div class="product_price "><span class="originalprice ">Rs 2199</span>  Rs 799</div><div class="product_discount_outer"><div class="product_discount">64%</div></div></div><div class="cod-ico"><label class="lang">Cash on Delivery Available</label></div></a>
<a categoryid="17" class="hit-ss-logger" href="http://www.snapdeal.com/product/mall-4-all-combo-of/713901190?pos=28;65" ispartialsearch="false" pogid="713901190" pos="28;65" v="p"><div alt="Mall 4 All Combo Of White Shirt With Valentine Gnex red Watch" atl="Mall 4 All Combo Of White Shirt With Valentine Gnex red Watch" class="product-image"><img border="0" class="" lazysrc="http://n4.sdlcdn.com/imgs/a/g/y/230x258/SDL010175719_1390290422_image1-0943b.jpg" src="http://n4.sdlcdn.com/imgs/a/g/y/230x258/SDL010175719_1390290422_image1-0943b.jpg" style="opacity: 1; "/></div><div class="product_grid_cont_heading">Mall 4 All Combo Of White Shirt With Valentine Gnex red Watch</div><div class="product_grid_cont_price_outer"><div class="product_price "><span class="originalprice ">Rs 1299</span>  Rs 525</div><div class="product_discount_outer"><div class="product_discount">60%</div></div></div><div class="cod-ico"><label class="lang">Cash on Delivery Available</label></div></a>
<a categoryid="17" class="hit-ss-logger" href="http://www.snapdeal.com/product/fidato-pack-of-white-check/115562650?pos=29;65" ispartialsearch="false" pogid="115562650" pos="29;65" v="p"><div alt="Fidato Pack of White Check Shirt, 1 Men &amp; 1 Women Wallet" atl="Fidato Pack of White Check Shirt, 1 Men &amp; 1 Women Wallet" class="product-image"><img border="0" class="" lazysrc="http://n3.sdlcdn.com/imgs/a/g/z/230x258/SDL206283949_1390474646_image1-50b3d.jpg" src="http://n3.sdlcdn.com/imgs/a/g/z/230x258/SDL206283949_1390474646_image1-50b3d.jpg" style="opacity: 1; "/></div><div class="product_grid_cont_heading">Fidato Pack of White Check Shirt, 1 Men &amp; 1 Women Wallet</div><div class="product_grid_cont_price_outer"><div class="product_price "><span class="originalprice ">Rs 1999</span>  Rs 699</div><div class="product_discount_outer"><div class="product_discount">65%</div></div></div><div class="cod-ico"><label class="lang">Cash on Delivery Available</label></div></a>
<a categoryid="17" class="hit-ss-logger" href="http://www.snapdeal.com/product/fidato-pack-of-white-check/1271968572?pos=30;65" ispartialsearch="false" pogid="1271968572" pos="30;65" v="p"><div alt="Fidato Pack of White Check Shirt, 1 Men &amp; 1 Women Strap Watch" atl="Fidato Pack of White Check Shirt, 1 Men &amp; 1 Women Strap Watch" class="product-image"><img border="0" class="" lazysrc="http://n3.sdlcdn.com/imgs/a/g/z/230x258/SDL138506387_1390474544_image1-744a3.jpg" src="http://n3.sdlcdn.com/imgs/a/g/z/230x258/SDL138506387_1390474544_image1-744a3.jpg" style="opacity: 1; "/></div><div class="product_grid_cont_heading">Fidato Pack of White Check Shirt, 1 Men &amp; 1 Women Strap Watch</div><div class="product_grid_cont_price_outer"><div class="product_price "><span class="originalprice ">Rs 1999</span>  Rs 699</div><div class="product_discount_outer"><div class="product_discount">65%</div></div></div><div class="cod-ico"><label class="lang">Cash on Delivery Available</label></div></a>
<a categoryid="17" class="hit-ss-logger" href="http://www.snapdeal.com/product/silver-streak-bluered-warm-flannel/1038691358?pos=31;65" ispartialsearch="false" pogid="1038691358" pos="31;65" v="p"><div alt="Silver Streak Blue-Red Warm Flannel Shirt" atl="Silver Streak Blue-Red Warm Flannel Shirt" class="product-image"><img border="0" src="http://n1.sdlcdn.com/imgs/a/g/i/230x258/SDL549234070_1386825693_image4-fc68c.jpg" style="opacity: 1; "/></div><div class="product_grid_cont_heading">Silver Streak Blue-Red Warm Flannel Shirt</div><div class="ratingStarsSmall ratingStarsBelowTitle" style="background-position: 0px -36px;"><span> (2) </span></div><div class="product_grid_cont_price_outer"><div class="product_price "><span class="originalprice ">Rs 999</span>  Rs 435</div><div class="product_discount_outer"><div class="product_discount">56%</div></div></div><div class="cod-ico"><label class="lang">Cash on Delivery Available</label></div></a>
<a categoryid="17" class="hit-ss-logger" href="http://www.snapdeal.com/product/fidato-pack-of-white-check/1504774744?pos=32;65" ispartialsearch="false" pogid="1504774744" pos="32;65" v="p"><div alt="Fidato Pack of White Check Shirt, 1 Laptop Bag &amp; 1 Women Handbag" atl="Fidato Pack of White Check Shirt, 1 Laptop Bag &amp; 1 Women Handbag" class="product-image"><img border="0" class="" lazysrc="http://n4.sdlcdn.com/imgs/a/g/z/230x258/SDL250336402_1390474895_image1-f79c6.jpg" src="http://n4.sdlcdn.com/imgs/a/g/z/230x258/SDL250336402_1390474895_image1-f79c6.jpg" style="opacity: 1; "/></div><div class="product_grid_cont_heading">Fidato Pack of White Check Shirt, 1 Laptop Bag &amp; 1 Women Handbag</div><div class="ratingStarsSmall ratingStarsBelowTitle" style="background-position: 0px -180px;"><span> (1) </span></div><div class="product_grid_cont_price_outer"><div class="product_price "><span class="originalprice ">Rs 2499</span>  Rs 999</div><div class="product_discount_outer"><div class="product_discount">60%</div></div></div><div class="cod-ico"><label class="lang">Cash on Delivery Available</label></div></a>
<a categoryid="17" class="hit-ss-logger" href="http://www.snapdeal.com/product/mall-4-all-combo-of/818264364?pos=33;65" ispartialsearch="false" pogid="818264364" pos="33;65" v="p"><div alt="Mall 4 All Combo Of White Shirt With Valentine Jewel Watch" atl="Mall 4 All Combo Of White Shirt With Valentine Jewel Watch" class="product-image"><img border="0" class="" lazysrc="http://n4.sdlcdn.com/imgs/a/g/y/230x258/SDL042242158_1390290546_image1-e8823.jpg" src="http://n4.sdlcdn.com/imgs/a/g/y/230x258/SDL042242158_1390290546_image1-e8823.jpg" style="opacity: 1; "/></div><div class="product_grid_cont_heading">Mall 4 All Combo Of White Shirt With Valentine Jewel Watch</div><div class="product_grid_cont_price_outer"><div class="product_price "><span class="originalprice ">Rs 1299</span>  Rs 599</div><div class="product_discount_outer"><div class="product_discount">54%</div></div></div><div class="cod-ico"><label class="lang">Cash on Delivery Available</label></div></a>
<a categoryid="17" class="hit-ss-logger" href="http://www.snapdeal.com/product/fidato-pack-of-white-check/717256240?pos=34;65" ispartialsearch="false" pogid="717256240" pos="34;65" v="p"><div alt="Fidato Pack of White Check Shirt, 1 Men &amp; 1 Women Watch" atl="Fidato Pack of White Check Shirt, 1 Men &amp; 1 Women Watch" class="product-image"><img border="0" class="" lazysrc="http://n1.sdlcdn.com/imgs/a/g/z/230x258/SDL189463064_1390474551_image1-058d2.jpg" src="http://n1.sdlcdn.com/imgs/a/g/z/230x258/SDL189463064_1390474551_image1-058d2.jpg" style="opacity: 1; "/></div><div class="product_grid_cont_heading">Fidato Pack of White Check Shirt, 1 Men &amp; 1 Women Watch</div><div class="product_grid_cont_price_outer"><div class="product_price "><span class="originalprice ">Rs 2499</span>  Rs 999</div><div class="product_discount_outer"><div class="product_discount">60%</div></div></div><div class="cod-ico"><label class="lang">Cash on Delivery Available</label></div></a>
<a categoryid="17" class="hit-ss-logger" href="http://www.snapdeal.com/product/mall-4-all-combo-of/632555233?pos=35;65" ispartialsearch="false" pogid="632555233" pos="35;65" v="p"><div alt="Mall 4 All Combo Of Maroon Shirt With Valentine ' X' Model Watch" atl="Mall 4 All Combo Of Maroon Shirt With Valentine ' X' Model Watch" class="product-image"><img border="0" class="" lazysrc="http://n1.sdlcdn.com/imgs/a/g/y/230x258/SDL027529650_1390290429_image1-f6601.jpg" src="http://n1.sdlcdn.com/imgs/a/g/y/230x258/SDL027529650_1390290429_image1-f6601.jpg" style="opacity: 1; "/></div><div class="product_grid_cont_heading">Mall 4 All Combo Of Maroon Shirt With Valentine ' X' Model Watch</div><div class="product_grid_cont_price_outer"><div class="product_price "><span class="originalprice ">Rs 1299</span>  Rs 525</div><div class="product_discount_outer"><div class="product_discount">60%</div></div></div><div class="cod-ico"><label class="lang">Cash on Delivery Available</label></div></a>
<a categoryid="17" class="hit-ss-logger" href="http://www.snapdeal.com/product/mall-4-all-combo-of/295045360?pos=36;65" ispartialsearch="false" pogid="295045360" pos="36;65" v="p"><div alt="Mall 4 All Combo Of Maroon Shirt With Valentine Jewel Watch" atl="Mall 4 All Combo Of Maroon Shirt With Valentine Jewel Watch" class="product-image"><img border="0" class="" lazysrc="http://n1.sdlcdn.com/imgs/a/g/y/230x258/SDL029107600_1390290505_image1-3a9b6.jpg" src="http://n1.sdlcdn.com/imgs/a/g/y/230x258/SDL029107600_1390290505_image1-3a9b6.jpg" style="opacity: 1; "/></div><div class="product_grid_cont_heading">Mall 4 All Combo Of Maroon Shirt With Valentine Jewel Watch</div><div class="product_grid_cont_price_outer"><div class="product_price "><span class="originalprice ">Rs 1299</span>  Rs 599</div><div class="product_discount_outer"><div class="product_discount">54%</div></div></div><div class="cod-ico"><label class="lang">Cash on Delivery Available</label></div></a>
<a categoryid="17" class="hit-ss-logger" href="http://www.snapdeal.com/product/fidato-pack-of-blue-shirt/212059462?pos=37;65" ispartialsearch="false" pogid="212059462" pos="37;65" v="p"><div alt="Fidato Pack of Blue Shirt, Laptop Bag and Men Wallet,Women Clutch Bag &amp; Wallet" atl="Fidato Pack of Blue Shirt, Laptop Bag and Men Wallet,Women Clutch Bag &amp; Wallet" class="product-image"><img border="0" class="" lazysrc="http://n1.sdlcdn.com/imgs/a/g/z/230x258/SDL263056610_1390474780_image1-c416e.jpg" src="http://n1.sdlcdn.com/imgs/a/g/z/230x258/SDL263056610_1390474780_image1-c416e.jpg" style="opacity: 1; "/></div><div class="product_grid_cont_heading">Fidato Pack of Blue Shirt, Laptop Bag and Men Wallet,Women Clutch Bag &amp; Wallet</div><div class="product_grid_cont_price_outer"><div class="product_price "><span class="originalprice ">Rs 2999</span>  Rs 999</div><div class="product_discount_outer"><div class="product_discount">67%</div></div></div><div class="cod-ico"><label class="lang">Cash on Delivery Available</label></div></a>
<a categoryid="17" class="hit-ss-logger" href="http://www.snapdeal.com/product/fidato-pack-of-white-check/1989547535?pos=38;65" ispartialsearch="false" pogid="1989547535" pos="38;65" v="p"><div alt="Fidato Pack of White Check Shirt, 1 Men Watch &amp; 1 Women Watch" atl="Fidato Pack of White Check Shirt, 1 Men Watch &amp; 1 Women Watch" class="product-image"><img border="0" class="" lazysrc="http://n3.sdlcdn.com/imgs/a/g/z/230x258/SDL162212017_1390474874_image1-eddd9.jpg" src="http://n3.sdlcdn.com/imgs/a/g/z/230x258/SDL162212017_1390474874_image1-eddd9.jpg" style="opacity: 1; "/></div><div class="product_grid_cont_heading">Fidato Pack of White Check Shirt, 1 Men Watch &amp; 1 Women Watch</div><div class="ratingStarsSmall ratingStarsBelowTitle" style="background-position: 0px -180px;"><span> (2) </span></div><div class="product_grid_cont_price_outer"><div class="product_price "><span class="originalprice ">Rs 2499</span>  Rs 999</div><div class="product_discount_outer"><div class="product_discount">60%</div></div></div><div class="cod-ico"><label class="lang">Cash on Delivery Available</label></div></a>
<a categoryid="17" class="hit-ss-logger" href="http://www.snapdeal.com/product/fidato-pack-of-classy-white/2092014590?pos=39;65" ispartialsearch="false" pogid="2092014590" pos="39;65" v="p"><div alt="Fidato Pack of Classy White Check Shirt, 1 Men &amp; 1 Women Wallet" atl="Fidato Pack of Classy White Check Shirt, 1 Men &amp; 1 Women Wallet" class="product-image"><img border="0" class="" lazysrc="http://n2.sdlcdn.com/imgs/a/g/z/230x258/SDL240681295_1390474867_image1-588e8.jpg" src="http://n2.sdlcdn.com/imgs/a/g/z/230x258/SDL240681295_1390474867_image1-588e8.jpg" style="opacity: 1; "/></div><div class="product_grid_cont_heading">Fidato Pack of Classy White Check Shirt, 1 Men &amp; 1 Women Wallet</div><div class="product_grid_cont_price_outer"><div class="product_price "><span class="originalprice ">Rs 1999</span>  Rs 699</div><div class="product_discount_outer"><div class="product_discount">65%</div></div></div><div class="cod-ico"><label class="lang">Cash on Delivery Available</label></div></a>
<a categoryid="17" class="hit-ss-logger" href="http://www.snapdeal.com/product/mall-4-all-combo-of/1303637573?pos=40;65" ispartialsearch="false" pogid="1303637573" pos="40;65" v="p"><div alt="Mall 4 All Combo Of Black Shirt With Valentine Jewel Watch" atl="Mall 4 All Combo Of Black Shirt With Valentine Jewel Watch" class="product-image"><img border="0" class="" lazysrc="http://n2.sdlcdn.com/imgs/a/g/y/230x258/SDL108368655_1390290630_image1-034b7.jpg" src="http://n2.sdlcdn.com/imgs/a/g/y/230x258/SDL108368655_1390290630_image1-034b7.jpg" style="opacity: 1; "/></div><div class="product_grid_cont_heading">Mall 4 All Combo Of Black Shirt With Valentine Jewel Watch</div><div class="product_grid_cont_price_outer"><div class="product_price "><span class="originalprice ">Rs 1299</span>  Rs 599</div><div class="product_discount_outer"><div class="product_discount">54%</div></div></div><div class="cod-ico"><label class="lang">Cash on Delivery Available</label></div></a>
<a categoryid="17" class="hit-ss-logger" href="http://www.snapdeal.com/product/mark-anderson-dark-red-partywear/1355289006?pos=41;65" ispartialsearch="false" pogid="1355289006" pos="41;65" v="p"><div alt="Mark Anderson Aristo Silk Shirt With Concealed Placket" atl="Mark Anderson Aristo Silk Shirt With Concealed Placket" class="product-image"><img border="0" class="" lazysrc="http://n4.sdlcdn.com/imgs/a/g/u/230x258/SDL912674907_1389365598_image1-3505f.jpg" src="http://n4.sdlcdn.com/imgs/a/g/u/230x258/SDL912674907_1389365598_image1-3505f.jpg" style="opacity: 1; "/></div><div class="product_grid_cont_heading">Mark Anderson Aristo Silk Shirt With Concealed Placket</div><div class="product_grid_cont_price_outer"><div class="product_price no-float"><span class="originalprice no-display">Rs 3295</span>  Rs 3295</div></div><div class="cod-ico"><label class="lang">Cash on Delivery Available</label></div></a>
<a categoryid="17" class="hit-ss-logger" href="http://www.snapdeal.com/product/dockweilee-red-checkered-shirt/989793519?pos=42;65" ispartialsearch="false" pogid="989793519" pos="42;65" v="p"><div alt="Dockweilee Red Checkered Shirt" atl="Dockweilee Red Checkered Shirt" class="product-image"><img border="0" class="" lazysrc="http://n3.sdlcdn.com/imgs/a/g/p/230x258/SDL151547946_1388491613_image1-7e605.JPG" src="http://n3.sdlcdn.com/imgs/a/g/p/230x258/SDL151547946_1388491613_image1-7e605.JPG" style="opacity: 1; "/></div><div class="product_grid_cont_heading">Dockweilee Red Checkered Shirt</div><div class="product_grid_cont_price_outer"><div class="product_price "><span class="originalprice ">Rs 1099</span>  Rs 999</div><div class="product_discount_outer"><div class="product_discount">9%</div></div></div><div class="cod-ico"><label class="lang">Cash on Delivery Available</label></div></a>
<a categoryid="17" class="hit-ss-logger" href="http://www.snapdeal.com/product/dockweilee-smart-red-checkered-shirt/1438888959?pos=43;65" ispartialsearch="false" pogid="1438888959" pos="43;65" v="p"><div alt="Dockweilee Smart Red Checkered Shirt" atl="Dockweilee Smart Red Checkered Shirt" class="product-image"><img border="0" class="" lazysrc="http://n1.sdlcdn.com/imgs/a/g/p/230x258/SDL101828846_1388491546_image1-b803a.JPG" src="http://n1.sdlcdn.com/imgs/a/g/p/230x258/SDL101828846_1388491546_image1-b803a.JPG" style="opacity: 1; "/></div><div class="product_grid_cont_heading">Dockweilee Smart Red Checkered Shirt</div><div class="product_grid_cont_price_outer"><div class="product_price "><span class="originalprice ">Rs 1099</span>  Rs 999</div><div class="product_discount_outer"><div class="product_discount">9%</div></div></div><div class="cod-ico"><label class="lang">Cash on Delivery Available</label></div></a>
<a categoryid="17" class="hit-ss-logger" href="http://www.snapdeal.com/product/united-colors-of-benetton-modern/2074371096?pos=44;65" ispartialsearch="false" pogid="2074371096" pos="44;65" v="p"><div alt="United Colors of Benetton Modern Red Checkered Shirt" atl="United Colors of Benetton Modern Red Checkered Shirt" class="product-image"><img border="0" class="" lazysrc="http://n2.sdlcdn.com/imgs/a/g/t/230x258/SDL648948144_1389340913_image1-2b03d.jpg" src="http://n2.sdlcdn.com/imgs/a/g/t/230x258/SDL648948144_1389340913_image1-2b03d.jpg" style="opacity: 1; "/></div><div class="product_grid_cont_heading">United Colors of Benetton Modern Red Checkered Shirt</div><div class="product_grid_cont_price_outer"><div class="product_price "><span class="originalprice ">Rs 2299</span>  Rs 1609</div><div class="product_discount_outer"><div class="product_discount">30%</div></div></div><div class="cod-ico"><label class="lang">Cash on Delivery Available</label></div></a>
<a categoryid="17" class="hit-ss-logger" href="http://www.snapdeal.com/product/sting-red-casual-shirt-half/1217905504?pos=45;65" ispartialsearch="false" pogid="1217905504" pos="45;65" v="p"><div alt="Sting Red Casual Shirt- Half Sleeve" atl="Sting Red Casual Shirt- Half Sleeve" class="product-image"><img border="0" class="" lazysrc="http://n2.sdlcdn.com/imgs/a/g/g/230x258/SDL221290380_1386317814_image1-d2f13.JPG" src="http://n2.sdlcdn.com/imgs/a/g/g/230x258/SDL221290380_1386317814_image1-d2f13.JPG" style="opacity: 1; "/><div class="shippingImage tooltip"><span class="box"><span class="arw"></span><label class="lang dispatched-one-day-lang">Dispatched in 1 business day</label></span></div></div><div class="product_grid_cont_heading">Sting Red Casual Shirt- Half Sleeve</div><div class="product_grid_cont_price_outer"><div class="product_price "><span class="originalprice ">Rs 1095</span>  Rs 986</div><div class="product_discount_outer"><div class="product_discount">10%</div></div></div><div class="cod-ico"><label class="lang">Cash on Delivery Available</label></div></a>
<a categoryid="17" class="hit-ss-logger" href="http://www.snapdeal.com/product/tog-redwhite-checkered-shirt/1169555292?pos=46;65" ispartialsearch="false" pogid="1169555292" pos="46;65" v="p"><div alt="TOG Red-White Checkered Shirt" atl="TOG Red-White Checkered Shirt" class="product-image"><img border="0" src="http://n2.sdlcdn.com/imgs/a/g/y/230x258/SDL873235539_1390224463_image1-dd859.jpg" style="opacity: 1; "/><div class="shippingImage tooltip"><span class="box"><span class="arw"></span><label class="lang dispatched-one-day-lang">Dispatched in 1 business day</label></span></div></div><div class="product_grid_cont_heading">TOG Red-White Checkered Shirt</div><div class="product_grid_cont_price_outer"><div class="product_price "><span class="originalprice ">Rs 899</span>  Rs 699</div><div class="product_discount_outer"><div class="product_discount">22%</div></div></div><div class="cod-ico"><label class="lang">Cash on Delivery Available</label></div></a>
<a categoryid="17" class="hit-ss-logger" href="http://www.snapdeal.com/product/manchester-red-casual-shirt/81640654?pos=47;65" ispartialsearch="false" pogid="81640654" pos="47;65" v="p"><div alt="Manchester Red Casual Shirt" atl="Manchester Red Casual Shirt" class="product-image"><img border="0" class="" lazysrc="http://n4.sdlcdn.com/imgs/a/g/g/230x258/SDL244661571_1386223039_image1-ea26b.jpg" src="http://n4.sdlcdn.com/imgs/a/g/g/230x258/SDL244661571_1386223039_image1-ea26b.jpg" style="opacity: 1; "/></div><div class="product_grid_cont_heading">Manchester Red Casual Shirt</div><div class="product_grid_cont_price_outer"><div class="product_price no-float"><span class="originalprice no-display">Rs 2199</span>  Rs 2199</div></div><div class="cod-ico"><label class="lang">Cash on Delivery Available</label></div></a>
<a categoryid="17" class="hit-ss-logger" href="http://www.snapdeal.com/product/highlander-cool-red-striped-shirt/233761674?pos=48;65" ispartialsearch="false" pogid="233761674" pos="48;65" v="p"><div alt="Highlander Cool Red Striped Shirt" atl="Highlander Cool Red Striped Shirt" class="product-image"><img border="0" class="" lazysrc="http://n2.sdlcdn.com/imgs/a/g/f/230x258/SDL613977966_1386071260_image1-d214e.jpg" src="http://n2.sdlcdn.com/imgs/a/g/f/230x258/SDL613977966_1386071260_image1-d214e.jpg" style="opacity: 1; "/></div><div class="product_grid_cont_heading">Highlander Cool Red Striped Shirt</div><div class="product_grid_cont_price_outer"><div class="product_price "><span class="originalprice ">Rs 1299</span>  Rs 974</div><div class="product_discount_outer"><div class="product_discount">25%</div></div></div><div class="cod-ico"><label class="lang">Cash on Delivery Available</label></div></a>
<a categoryid="17" class="hit-ss-logger" href="http://www.snapdeal.com/product/locomotive-red-solid-shirt/2029683388?pos=49;65" ispartialsearch="false" pogid="2029683388" pos="49;65" v="p"><div alt="Locomotive Red Solid Shirt" atl="Locomotive Red Solid Shirt" class="product-image"><img border="0" class="" lazysrc="http://n4.sdlcdn.com/imgs/a/g/f/230x258/SDL549647246_1386070312_image1-bdb59.jpg" src="http://n4.sdlcdn.com/imgs/a/g/f/230x258/SDL549647246_1386070312_image1-bdb59.jpg" style="opacity: 1; "/></div><div class="product_grid_cont_heading">Locomotive Red Solid Shirt</div><div class="product_grid_cont_price_outer"><div class="product_price "><span class="originalprice ">Rs 1169</span>  Rs 877</div><div class="product_discount_outer"><div class="product_discount">25%</div></div></div><div class="cod-ico"><label class="lang">Cash on Delivery Available</label></div></a>
<a categoryid="17" class="hit-ss-logger" href="http://www.snapdeal.com/product/highlander-smart-red-casual-shirt/632347820?pos=50;65" ispartialsearch="false" pogid="632347820" pos="50;65" v="p"><div alt="Highlander Smart Red Casual Shirt" atl="Highlander Smart Red Casual Shirt" class="product-image"><img border="0" class="" lazysrc="http://n4.sdlcdn.com/imgs/a/g/f/230x258/SDL506781594_1386071069_image1-6cabf.jpg" src="http://n4.sdlcdn.com/imgs/a/g/f/230x258/SDL506781594_1386071069_image1-6cabf.jpg" style="opacity: 1; "/></div><div class="product_grid_cont_heading">Highlander Smart Red Casual Shirt</div><div class="product_grid_cont_price_outer"><div class="product_price "><span class="originalprice ">Rs 1429</span>  Rs 1072</div><div class="product_discount_outer"><div class="product_discount">25%</div></div></div><div class="cod-ico"><label class="lang">Cash on Delivery Available</label></div></a>
<a categoryid="17" class="hit-ss-logger" href="http://www.snapdeal.com/product/highlander-redblue-striped-shirt/1760557842?pos=51;65" ispartialsearch="false" pogid="1760557842" pos="51;65" v="p"><div alt="Highlander Red-Blue Striped Shirt" atl="Highlander Red-Blue Striped Shirt" class="product-image"><img border="0" class="" lazysrc="http://n2.sdlcdn.com/imgs/a/g/f/230x258/SDL603212764_1386071125_image1-303f1.jpg" src="http://n2.sdlcdn.com/imgs/a/g/f/230x258/SDL603212764_1386071125_image1-303f1.jpg" style="opacity: 1; "/></div><div class="product_grid_cont_heading">Highlander Red-Blue Striped Shirt</div><div class="product_grid_cont_price_outer"><div class="product_price "><span class="originalprice ">Rs 1299</span>  Rs 974</div><div class="product_discount_outer"><div class="product_discount">25%</div></div></div><div class="cod-ico"><label class="lang">Cash on Delivery Available</label></div></a>
<a categoryid="17" class="hit-ss-logger" href="http://www.snapdeal.com/product/highlander-cool-redblue-striped-shirt/1910429105?pos=52;65" ispartialsearch="false" pogid="1910429105" pos="52;65" v="p"><div alt="Highlander Cool Red-Blue Striped Shirt" atl="Highlander Cool Red-Blue Striped Shirt" class="product-image"><img border="0" class="" lazysrc="http://n4.sdlcdn.com/imgs/a/g/f/230x258/SDL617483836_1386070351_image1-f6d57.jpg" src="http://n4.sdlcdn.com/imgs/a/g/f/230x258/SDL617483836_1386070351_image1-f6d57.jpg" style="opacity: 1; "/></div><div class="product_grid_cont_heading">Highlander Cool Red-Blue Striped Shirt</div><div class="product_grid_cont_price_outer"><div class="product_price "><span class="originalprice ">Rs 1299</span>  Rs 974</div><div class="product_discount_outer"><div class="product_discount">25%</div></div></div><div class="cod-ico"><label class="lang">Cash on Delivery Available</label></div></a>
<a categoryid="17" class="hit-ss-logger" href="http://www.snapdeal.com/product/numero-uno-tonal-checked-shirt/1491377227?pos=53;65" ispartialsearch="false" pogid="1491377227" pos="53;65" v="p"><div alt="NUMERO UNO Tonal Checked Shirt" atl="NUMERO UNO Tonal Checked Shirt" class="product-image"><img border="0" class="" lazysrc="http://n2.sdlcdn.com/imgs/a/f/6/230x258/SDL544301224_1384938850_image1-f60da.jpg" src="http://n2.sdlcdn.com/imgs/a/f/6/230x258/SDL544301224_1384938850_image1-f60da.jpg" style="opacity: 1; "/><div class="shippingImage tooltip"><span class="box"><span class="arw"></span><label class="lang dispatched-one-day-lang">Dispatched in 1 business day</label></span></div></div><div class="product_grid_cont_heading">NUMERO UNO Tonal Checked Shirt</div><div class="product_grid_cont_price_outer"><div class="product_price "><span class="originalprice ">Rs 1749</span>  Rs 1048</div><div class="product_discount_outer"><div class="product_discount">40%</div></div></div><div class="cod-ico"><label class="lang">Cash on Delivery Available</label></div></a>
<a categoryid="17" class="hit-ss-logger" href="http://www.snapdeal.com/product/lee-criss-cross-check-shirt/1205065579?pos=54;65" ispartialsearch="false" pogid="1205065579" pos="54;65" v="p"><div alt="Lee Criss- Cross Check Shirt" atl="Lee Criss- Cross Check Shirt" class="product-image"><img border="0" class="" lazysrc="http://n4.sdlcdn.com/imgs/a/f/7/230x258/SDL386931539_1384953389_image1-74012.jpg" src="http://n4.sdlcdn.com/imgs/a/f/7/230x258/SDL386931539_1384953389_image1-74012.jpg" style="opacity: 1; "/><div class="shippingImage tooltip"><span class="box"><span class="arw"></span><label class="lang dispatched-one-day-lang">Dispatched in 1 business day</label></span></div></div><div class="product_grid_cont_heading">Lee Criss- Cross Check Shirt</div><div class="product_grid_cont_price_outer"><div class="product_price "><span class="originalprice ">Rs 1799</span>  Rs 1259</div><div class="product_discount_outer"><div class="product_discount">30%</div></div></div><div class="cod-ico"><label class="lang">Cash on Delivery Available</label></div></a>
<a categoryid="17" class="hit-ss-logger" href="http://www.snapdeal.com/product/ucb-checked-short-sleeve-shirt/1172909344?pos=55;65" ispartialsearch="false" pogid="1172909344" pos="55;65" v="p"><div alt="UCB Checked Short Sleeve Shirt" atl="UCB Checked Short Sleeve Shirt" class="product-image"><img border="0" class="" lazysrc="http://n2.sdlcdn.com/imgs/a/f/7/230x258/SDL331797614_1384953803_image1-2d56f.jpg" src="http://n2.sdlcdn.com/imgs/a/f/7/230x258/SDL331797614_1384953803_image1-2d56f.jpg" style="opacity: 1; "/></div><div class="product_grid_cont_heading">UCB Checked Short Sleeve Shirt</div><div class="product_grid_cont_price_outer"><div class="product_price "><span class="originalprice ">Rs 2299</span>  Rs 1609</div><div class="product_discount_outer"><div class="product_discount">30%</div></div></div><div class="cod-ico"><label class="lang">Cash on Delivery Available</label></div></a>
<a categoryid="17" class="hit-ss-logger" href="http://www.snapdeal.com/product/mark-anderson-smart-silk-brocade/654284178?pos=56;65" ispartialsearch="false" pogid="654284178" pos="56;65" v="p"><div alt="MARK ANDERSON Smart Silk Brocade Shirt" atl="MARK ANDERSON Smart Silk Brocade Shirt" class="product-image"><img border="0" class="" lazysrc="http://n4.sdlcdn.com/imgs/a/f/6/230x258/SDL260120830_1384931889_image1-d0a33.jpg" src="http://n4.sdlcdn.com/imgs/a/f/6/230x258/SDL260120830_1384931889_image1-d0a33.jpg" style="opacity: 1; "/><div class="shippingImage tooltip"><span class="box"><span class="arw"></span><label class="lang dispatched-one-day-lang">Dispatched in 1 business day</label></span></div></div><div class="product_grid_cont_heading">MARK ANDERSON Smart Silk Brocade Shirt</div><div class="product_grid_cont_price_outer"><div class="product_price no-float"><span class="originalprice no-display">Rs 4395</span>  Rs 4395</div></div><div class="cod-ico"><label class="lang">Cash on Delivery Available</label></div></a>
<a categoryid="17" class="hit-ss-logger" href="http://www.snapdeal.com/product/fashion-unfolded-redblack-checkered-shirt/549294536?pos=57;65" ispartialsearch="false" pogid="549294536" pos="57;65" v="p"><div alt="Fashion Unfolded Red-Black Checkered Shirt" atl="Fashion Unfolded Red-Black Checkered Shirt" class="product-image"><img border="0" class="" lazysrc="http://n4.sdlcdn.com/imgs/a/f/0/230x258/SDL147021263_1384322129_image1-840ea.jpg" src="http://n4.sdlcdn.com/imgs/a/f/0/230x258/SDL147021263_1384322129_image1-840ea.jpg" style="opacity: 1; "/></div><div class="product_grid_cont_heading">Fashion Unfolded Red-Black Checkered Shirt</div><div class="product_grid_cont_price_outer"><div class="product_price no-float"><span class="originalprice no-display">Rs 795</span>  Rs 795</div></div><div class="cod-ico"><label class="lang">Cash on Delivery Available</label></div></a>
<a categoryid="17" class="hit-ss-logger" href="http://www.snapdeal.com/product/chewingum-red-half-sleeve-shirt/1285018038?pos=58;65" ispartialsearch="false" pogid="1285018038" pos="58;65" v="p"><div alt="Chewingum Red Half Sleeve Shirt" atl="Chewingum Red Half Sleeve Shirt" class="product-image"><img border="0" class="" lazysrc="http://n2.sdlcdn.com/imgs/a/d/c/230x258/SDL348999763_1377260204_image1-57dac.JPG" src="http://n2.sdlcdn.com/imgs/a/d/c/230x258/SDL348999763_1377260204_image1-57dac.JPG" style="opacity: 1; "/></div><div class="product_grid_cont_heading">Chewingum Red Half Sleeve Shirt</div><div class="product_grid_cont_price_outer"><div class="product_price "><span class="originalprice ">Rs 1199</span>  Rs 766</div><div class="product_discount_outer"><div class="product_discount">36%</div></div></div><div class="cod-ico"><label class="lang">Cash on Delivery Available</label></div></a>
<a categoryid="17" class="hit-ss-logger" href="http://www.snapdeal.com/product/street-junkies-red-checkered-shirt/246793325?pos=59;65" ispartialsearch="false" pogid="246793325" pos="59;65" v="p"><div alt="Street Junkies Red Checkered Shirt" atl="Street Junkies Red Checkered Shirt" class="product-image"><img border="0" class="" lazysrc="http://n4.sdlcdn.com/imgs/a/d/f/230x258/SDL652672563_1378360056_image1-ed6f7.jpg" src="http://n4.sdlcdn.com/imgs/a/d/f/230x258/SDL652672563_1378360056_image1-ed6f7.jpg" style="opacity: 1; "/><div class="shippingImage tooltip"><span class="box"><span class="arw"></span><label class="lang dispatched-one-day-lang">Dispatched in 1 business day</label></span></div></div><div class="product_grid_cont_heading">Street Junkies Red Checkered Shirt</div><div class="ratingStarsSmall ratingStarsBelowTitle" style="background-position: 0px -162px;"><span> (8) </span></div><div class="product_grid_cont_price_outer"><div class="product_price "><span class="originalprice ">Rs 1199</span>  Rs 529</div><div class="product_discount_outer"><div class="product_discount">56%</div></div></div><div class="cod-ico"><label class="lang">Cash on Delivery Available</label></div></a>
<a categoryid="17" class="hit-ss-logger" href="http://www.snapdeal.com/product/club-avis-usa-red-checkered/1267589435?pos=60;65" ispartialsearch="false" pogid="1267589435" pos="60;65" v="p"><div alt="Club Avis Usa Red Checkered Shirt" atl="Club Avis Usa Red Checkered Shirt" class="product-image"><img border="0" class="" lazysrc="http://n3.sdlcdn.com/imgs/a/d/d/230x258/SDL244022137_1377608833_image1-cdf6f.jpg" src="http://n3.sdlcdn.com/imgs/a/d/d/230x258/SDL244022137_1377608833_image1-cdf6f.jpg" style="opacity: 1; "/><div class="shippingImage tooltip"><span class="box"><span class="arw"></span><label class="lang dispatched-one-day-lang">Dispatched in 1 business day</label></span></div></div><div class="product_grid_cont_heading">Club Avis Usa Red Checkered Shirt</div><div class="product_grid_cont_price_outer"><div class="product_price "><span class="originalprice ">Rs 1399</span>  Rs 700</div><div class="product_discount_outer"><div class="product_discount">50%</div></div></div><div class="cod-ico"><label class="lang">Cash on Delivery Available</label></div></a>
<a categoryid="17" class="hit-ss-logger" href="http://www.snapdeal.com/product/chemize-red-black-stripes-shirt/462228?pos=61;65" ispartialsearch="false" pogid="462228" pos="61;65" v="p"><div alt="Chemize Red &amp; Black Stripes Shirt" atl="Chemize Red &amp; Black Stripes Shirt" class="product-image"><img border="0" src="http://n4.sdlcdn.com/imgs/a/a/l/230x258/Angelo_S_M_1_2x-ba1d2.jpg" style="opacity: 1; "/></div><div class="product_grid_cont_heading">Chemize Red &amp; Black Stripes Shirt</div><div class="ratingStarsSmall ratingStarsBelowTitle" style="background-position: 0px -180px;"><span> (1) </span></div><div class="product_grid_cont_price_outer"><div class="product_price "><span class="originalprice ">Rs 1485</span>  Rs 1279</div><div class="product_discount_outer"><div class="product_discount">14%</div></div></div><div class="cod-ico"><label class="lang">Cash on Delivery Available</label></div></a>
<a categoryid="17" class="hit-ss-logger" href="http://www.snapdeal.com/product/alvaro-castagnino-classic-red-white/1741805237?pos=62;65" ispartialsearch="false" pogid="1741805237" pos="62;65" v="p"><div alt="Alvaro Castagnino Classic Red &amp; White Shirt" atl="Alvaro Castagnino Classic Red &amp; White Shirt" class="product-image"><img border="0" class="" lazysrc="http://n4.sdlcdn.com/imgs/a/c/2/230x258/SDL267889526_1374131698_image1-ca215.jpg" src="http://n4.sdlcdn.com/imgs/a/c/2/230x258/SDL267889526_1374131698_image1-ca215.jpg" style="opacity: 1; "/></div><div class="product_grid_cont_heading">Alvaro Castagnino Classic Red &amp; White Shirt</div><div class="product_grid_cont_price_outer"><div class="product_price "><span class="originalprice ">Rs 1999</span>  Rs 1824</div><div class="product_discount_outer"><div class="product_discount">9%</div></div></div><div class="cod-ico"><label class="lang">Cash on Delivery Available</label></div></a>
<a categoryid="17" class="hit-ss-logger" href="http://www.snapdeal.com/product/genesis-classy-red-checkered-shirt/1855913056?pos=63;65" ispartialsearch="false" pogid="1855913056" pos="63;65" v="p"><div alt="Genesis Classy Red Checkered Shirt" atl="Genesis Classy Red Checkered Shirt" class="product-image"><img border="0" class="" lazysrc="http://n1.sdlcdn.com/imgs/a/d/f/230x258/SDL895033542_1378366539_image1-0991e.jpg" src="http://n1.sdlcdn.com/imgs/a/d/f/230x258/SDL895033542_1378366539_image1-0991e.jpg" style="opacity: 1; "/></div><div class="product_grid_cont_heading">Genesis Classy Red Checkered Shirt</div><div class="product_grid_cont_price_outer"><div class="product_price no-float"><span class="originalprice no-display">Rs 1399</span>  Rs 1399</div></div><div class="cod-ico"><label class="lang">Cash on Delivery Available</label></div></a>
<a categoryid="17" class="hit-ss-logger" href="http://www.snapdeal.com/product/locomotive-stylish-red-shirt/2139301444?pos=64;65" ispartialsearch="false" pogid="2139301444" pos="64;65" v="p"><div alt="Locomotive Stylish Red Shirt" atl="Locomotive Stylish Red Shirt" class="product-image"><img border="0" class="" lazysrc="http://n3.sdlcdn.com/imgs/a/e/9/230x258/SDL226946847_1382530918_image1-4c53c.jpg" src="http://n3.sdlcdn.com/imgs/a/e/9/230x258/SDL226946847_1382530918_image1-4c53c.jpg" style="opacity: 1; "/><div class="soldout prod-grid-sold-out-lang"></div></div><div class="product_grid_cont_heading">Locomotive Stylish Red Shirt</div><div class="ratingStarsSmall ratingStarsBelowTitle" style="background-position: 0px -108px;"><span> (1) </span></div><div class="product_grid_cont_price_outer"><div class="product_price "><span class="originalprice ">Rs 1169</span>  Rs 818</div><div class="product_discount_outer"><div class="product_discount">30%</div></div></div><div class="cod-ico"><label class="lang">Cash on Delivery Available</label></div></a>
