<a categoryid="171" class="hit-ss-logger" href="http://www.snapdeal.com/product/fitnext-taiwan-as1000-ab-slimmer/1322390946?pos=0;33" ispartialsearch="false" pogid="1322390946" pos="0;33" v="p">
<div atl="Fit-Next Taiwan AS-1000 AB Slimmer" class="product-image">
<img border="0" class="" lazysrc="http://n3.sdlcdn.com/imgs/a/g/k/230x258/SDL892349707_1387437635_image1-0244f.jpg" src="http://n3.sdlcdn.com/imgs/a/g/k/230x258/SDL892349707_1387437635_image1-0244f.jpg" style="opacity: 1; "/>
</div>
<div class="product_grid_cont_heading">
				Fit-Next Taiwan AS-1000 AB Slimmer</div>
<div class="ratingStarsSmall ratingStarsBelowTitle" pos="3.9" style="background-position: 0px -144px; "><span>(8)</span></div>
<script type="text/javascript">
						var ratingState = true;
					</script>
<div class="product_grid_cont_price_outer">
<div class="product_price ">
<span class="originalprice ">Rs
									1999</span> Rs 1355
							</div>
<div class="product_discount_outer ">
<div class="product_discount">
									32%
								</div>
</div>
</div>
<div class="cod-ico"><label class="lang">Cash on Delivery Available</label></div>
</a>
<a categoryid="171" class="hit-ss-logger" href="http://www.snapdeal.com/product/kamachi-ab-proyoung-exerciser-fat/1177261?pos=1;33" ispartialsearch="false" pogid="1177261" pos="1;33" v="p">
<div atl="Kamachi Ab Proyoung Exerciser Fat Burner With Computer" class="product-image">
<img border="0" class="" lazysrc="http://n1.sdlcdn.com/imgs/a/e/f/230x258/SDL010727336_1365584815_image1-5a72c.jpg" src="http://n1.sdlcdn.com/imgs/a/e/f/230x258/SDL010727336_1365584815_image1-5a72c.jpg" style="opacity: 1; "/>
<div class="shippingImage tooltip">
<span class="box">
<span class="arw"></span>
<label class="dispatched-one-day-lang">Dispatched in 1 business day</label>
</span>
</div>
</div>
<div class="product_grid_cont_heading">
				Kamachi Ab Proyoung Exerciser Fat Burner With Computer</div>
<div class="ratingStarsSmall ratingStarsBelowTitle" pos="4.2" style="background-position: 0px -162px; "><span>(12)</span></div>
<script type="text/javascript">
						var ratingState = true;
					</script>
<div class="product_grid_cont_price_outer">
<div class="product_price ">
<span class="originalprice ">Rs
									6600</span> Rs 3853
							</div>
<div class="product_discount_outer ">
<div class="product_discount">
									42%
								</div>
</div>
</div>
<div class="cod-ico"><label class="lang">Cash on Delivery Available</label></div>
</a>
<a categoryid="171" class="hit-ss-logger" href="http://www.snapdeal.com/product/protoner-double-exercise-wheel-with/1490257788?pos=2;33" ispartialsearch="false" pogid="1490257788" pos="2;33" v="p">
<div atl="Protoner Double Exercise Wheel With Knee Cushion" class="product-image">
<img border="0" class="" lazysrc="http://n2.sdlcdn.com/imgs/a/e/f/230x258/SDL729241185_1378458787_image1-6d249.jpg" src="http://n2.sdlcdn.com/imgs/a/e/f/230x258/SDL729241185_1378458787_image1-6d249.jpg" style="opacity: 1; "/>
</div>
<div class="product_grid_cont_heading">
				Protoner Double Exercise Wheel With Knee Cushion</div>
<div class="ratingStarsSmall ratingStarsBelowTitle" pos="3.8" style="background-position: 0px -144px; "><span>(62)</span></div>
<script type="text/javascript">
						var ratingState = true;
					</script>
<div class="product_grid_cont_price_outer">
<div class="product_price ">
<span class="originalprice ">Rs
									799</span> Rs 455
							</div>
<div class="product_discount_outer ">
<div class="product_discount">
									43%
								</div>
</div>
</div>
<div class="cod-ico"><label class="lang">Cash on Delivery Available</label></div>
</a>
<a categoryid="171" class="hit-ss-logger" href="http://www.snapdeal.com/product/gofitindia-ab-slider-exercise-machine/603353?pos=3;33" ispartialsearch="false" pogid="603353" pos="3;33" v="p">
<div atl="Gofitindia Ab Slider Exercise Machine Toner for Abdominal Muscles." class="product-image">
<img border="0" class="" lazysrc="http://n4.sdlcdn.com/imgs/a/a/f/230x258/TK02_ONESTOP_Gofitindia_M_1_2x_a-053e8.jpg" src="http://n4.sdlcdn.com/imgs/a/a/f/230x258/TK02_ONESTOP_Gofitindia_M_1_2x_a-053e8.jpg" style="opacity: 1; "/>
</div>
<div class="product_grid_cont_heading">
				Gofitindia Ab Slider Exercise Machine Toner for Abdominal Muscles.</div>
<div class="ratingStarsSmall ratingStarsBelowTitle" pos="4.0" style="background-position: 0px -144px; "><span>(3)</span></div>
<script type="text/javascript">
						var ratingState = true;
					</script>
<div class="product_grid_cont_price_outer">
<div class="product_price ">
<span class="originalprice ">Rs
									1200</span> Rs 848
							</div>
<div class="product_discount_outer ">
<div class="product_discount">
									29%
								</div>
</div>
</div>
<div class="cod-ico"><label class="lang">Cash on Delivery Available</label></div>
</a>
<a categoryid="171" class="hit-ss-logger" href="http://www.snapdeal.com/product/kamachi-ab-proyoung-exerciser-fat/1177239?pos=4;33" ispartialsearch="false" pogid="1177239" pos="4;33" v="p">
<div atl="Kamachi Ab Proyoung Exerciser Fat Burner" class="product-image">
<img border="0" class="" lazysrc="http://n1.sdlcdn.com/imgs/a/d/x/230x258/SDL001349816_1365584814_image1-2aa3d.jpg" src="http://n1.sdlcdn.com/imgs/a/d/x/230x258/SDL001349816_1365584814_image1-2aa3d.jpg" style="opacity: 1; "/>
</div>
<div class="product_grid_cont_heading">
				Kamachi Ab Proyoung Exerciser Fat Burner</div>
<div class="ratingStarsSmall ratingStarsBelowTitle" pos="3.4" style="background-position: 0px -126px; "><span>(17)</span></div>
<script type="text/javascript">
						var ratingState = true;
					</script>
<div class="product_grid_cont_price_outer">
<div class="product_price ">
<span class="originalprice ">Rs
									5700</span> Rs 3403
							</div>
<div class="product_discount_outer ">
<div class="product_discount">
									40%
								</div>
</div>
</div>
<div class="cod-ico"><label class="lang">Cash on Delivery Available</label></div>
</a>
<a categoryid="171" class="hit-ss-logger" href="http://www.snapdeal.com/product/aquafit-ab-slimmer-sculpter-abdo/616152?pos=5;33" ispartialsearch="false" pogid="616152" pos="5;33" v="p">
<div atl="Aquafit Ab Slimmer - Sculpter Abdo" class="product-image">
<img border="0" class="" lazysrc="http://i2.sdlcdn.com/img/product/main/230x258/AQA6_BHASEEN_Aquafit_M_1_52x.jpg" src="http://i2.sdlcdn.com/img/product/main/230x258/AQA6_BHASEEN_Aquafit_M_1_52x.jpg" style="opacity: 1; "/>
<div class="shippingImage tooltip">
<span class="box">
<span class="arw"></span>
<label class="dispatched-one-day-lang">Dispatched in 1 business day</label>
</span>
</div>
</div>
<div class="product_grid_cont_heading">
				Aquafit Ab Slimmer - Sculpter Abdo</div>
<div class="ratingStarsSmall ratingStarsBelowTitle" pos="3.0" style="background-position: 0px -108px; "><span>(32)</span></div>
<script type="text/javascript">
						var ratingState = true;
					</script>
<div class="product_grid_cont_price_outer">
<div class="product_price ">
<span class="originalprice ">Rs
									2700</span> Rs 1407
							</div>
<div class="product_discount_outer ">
<div class="product_discount">
									48%
								</div>
</div>
</div>
<div class="cod-ico"><label class="lang">Cash on Delivery Available</label></div>
</a>
<a categoryid="171" class="hit-ss-logger" href="http://www.snapdeal.com/product/kamachi-1000-ab-slimmer/1382114?pos=6;33" ispartialsearch="false" pogid="1382114" pos="6;33" v="p">
<div atl="Kamachi 1000 Ab Slimmer" class="product-image">
<img border="0" class="" lazysrc="http://n3.sdlcdn.com/imgs/a/b/n/230x258/SDL749524684_1368607049_image1-a22a1.jpg" src="http://n3.sdlcdn.com/imgs/a/b/n/230x258/SDL749524684_1368607049_image1-a22a1.jpg" style="opacity: 1; "/>
</div>
<div class="product_grid_cont_heading">
				Kamachi 1000 Ab Slimmer</div>
<div class="ratingStarsSmall ratingStarsBelowTitle" pos="3.5" style="background-position: 0px -126px; "><span>(26)</span></div>
<script type="text/javascript">
						var ratingState = true;
					</script>
<div class="product_grid_cont_price_outer">
<div class="product_price ">
<span class="originalprice ">Rs
									2100</span> Rs 1582
							</div>
<div class="product_discount_outer ">
<div class="product_discount">
									25%
								</div>
</div>
</div>
<div class="cod-ico"><label class="lang">Cash on Delivery Available</label></div>
</a>
<a categoryid="171" class="hit-ss-logger" href="http://www.snapdeal.com/product/gofitindia-360-total-core-for/1610503610?pos=7;33" ispartialsearch="false" pogid="1610503610" pos="7;33" v="p">
<div atl="Gofitindia 360 Total Core for Ab &amp; Total Workout Exercise" class="product-image">
<img border="0" class="" lazysrc="http://n1.sdlcdn.com/imgs/a/g/r/230x258/SDL846749310_1389068724_image1-e1166.jpg" src="http://n1.sdlcdn.com/imgs/a/g/r/230x258/SDL846749310_1389068724_image1-e1166.jpg" style="opacity: 1; "/>
</div>
<div class="product_grid_cont_heading">
				Gofitindia 360 Total Core for Ab &amp; Total Workout Exercise</div>
<div class="product_grid_cont_price_outer">
<div class="product_price ">
<span class="originalprice ">Rs
									7500</span> Rs 4386
							</div>
<div class="product_discount_outer ">
<div class="product_discount">
									42%
								</div>
</div>
</div>
<div class="cod-ico"><label class="lang">Cash on Delivery Available</label></div>
</a>
<a categoryid="171" class="hit-ss-logger" href="http://www.snapdeal.com/product/aquafit-ab-roller/1417127?pos=8;33" ispartialsearch="false" pogid="1417127" pos="8;33" v="p">
<div atl="Aquafit Ab Roller" class="product-image">
<img border="0" class="" lazysrc="http://n1.sdlcdn.com/imgs/a/e/f/230x258/SDL057746188_1369902220_image1-dd922.jpg" src="http://n1.sdlcdn.com/imgs/a/e/f/230x258/SDL057746188_1369902220_image1-dd922.jpg" style="opacity: 1; "/>
<div class="shippingImage tooltip">
<span class="box">
<span class="arw"></span>
<label class="dispatched-one-day-lang">Dispatched in 1 business day</label>
</span>
</div>
</div>
<div class="product_grid_cont_heading">
				Aquafit Ab Roller</div>
<div class="ratingStarsSmall ratingStarsBelowTitle" pos="3.4" style="background-position: 0px -126px; "><span>(32)</span></div>
<script type="text/javascript">
						var ratingState = true;
					</script>
<div class="product_grid_cont_price_outer">
<div class="product_price ">
<span class="originalprice ">Rs
									1449</span> Rs 787
							</div>
<div class="product_discount_outer ">
<div class="product_discount">
									46%
								</div>
</div>
</div>
<div class="cod-ico"><label class="lang">Cash on Delivery Available</label></div>
</a>
<a categoryid="171" class="hit-ss-logger" href="http://www.snapdeal.com/product/novafit-abdominal-pro/593267?pos=9;33" ispartialsearch="false" pogid="593267" pos="9;33" v="p">
<div atl="Novafit Abdominal Pro" class="product-image">
<img border="0" class="" lazysrc="http://i3.sdlcdn.com/img/product/main/230x258/NF3_ONESTOP_Novafit_M_1_2x.jpg" src="http://i3.sdlcdn.com/img/product/main/230x258/NF3_ONESTOP_Novafit_M_1_2x.jpg" style="opacity: 1; "/>
</div>
<div class="product_grid_cont_heading">
				Novafit Abdominal Pro</div>
<div class="ratingStarsSmall ratingStarsBelowTitle" pos="4.2" style="background-position: 0px -162px; "><span>(13)</span></div>
<script type="text/javascript">
						var ratingState = true;
					</script>
<div class="product_grid_cont_price_outer">
<div class="product_price ">
<span class="originalprice ">Rs
									4400</span> Rs 3163
							</div>
<div class="product_discount_outer ">
<div class="product_discount">
									28%
								</div>
</div>
</div>
</a>
<a categoryid="171" class="hit-ss-logger" href="http://www.snapdeal.com/product/lifeline-ab-care-111/1391715234?pos=10;33" ispartialsearch="false" pogid="1391715234" pos="10;33" v="p">
<div atl="Lifeline Ab care 111 Abdominal Ab King Pro" class="product-image">
<img border="0" class="" lazysrc="http://n1.sdlcdn.com/imgs/a/e/f/230x258/SDL284710273_1374833974_image1-954ee.jpg" src="http://n1.sdlcdn.com/imgs/a/e/f/230x258/SDL284710273_1374833974_image1-954ee.jpg" style="opacity: 1; "/>
</div>
<div class="product_grid_cont_heading">
				Lifeline Ab care 111 Abdominal Ab King Pro</div>
<div class="ratingStarsSmall ratingStarsBelowTitle" pos="3.0" style="background-position: 0px -108px; "><span>(5)</span></div>
<script type="text/javascript">
						var ratingState = true;
					</script>
<div class="product_grid_cont_price_outer">
<div class="product_price ">
<span class="originalprice ">Rs
									3750</span> Rs 2827
							</div>
<div class="product_discount_outer ">
<div class="product_discount">
									25%
								</div>
</div>
</div>
</a>
<a categoryid="171" class="hit-ss-logger" href="http://www.snapdeal.com/product/pro-bodyline-abdominal-machine-3in1/1102528751?pos=11;33" ispartialsearch="false" pogid="1102528751" pos="11;33" v="p">
<div atl="Pro Bodyline Abdominal Machine + 3in1 Sauna &amp; Vibra belt" class="product-image">
<img border="0" class="" lazysrc="http://n2.sdlcdn.com/imgs/a/d/r/230x258/SDL142680263_1379944374_image1-a4a1e.jpg" src="http://n2.sdlcdn.com/imgs/a/d/r/230x258/SDL142680263_1379944374_image1-a4a1e.jpg" style="opacity: 1; "/>
</div>
<div class="product_grid_cont_heading">
				Pro Bodyline Abdominal Machine + 3in1 Sauna &amp; Vibra belt</div>
<div class="product_grid_cont_price_outer">
<div class="product_price ">
<span class="originalprice ">Rs
									7000</span> Rs 6432
							</div>
<div class="product_discount_outer ">
<div class="product_discount">
									8%
								</div>
</div>
</div>
</a>
<a categoryid="171" class="hit-ss-logger" href="http://www.snapdeal.com/product/easy-living-ab-slide/1402284?pos=12;33" ispartialsearch="false" pogid="1402284" pos="12;33" v="p">
<div atl="Easy Living Ab Slide" class="product-image">
<img border="0" class="" lazysrc="http://n4.sdlcdn.com/imgs/a/e/f/230x258/SDL016282759_1369311260_image1-31d84.jpg" src="http://n4.sdlcdn.com/imgs/a/e/f/230x258/SDL016282759_1369311260_image1-31d84.jpg" style="opacity: 1; "/>
</div>
<div class="product_grid_cont_heading">
				Easy Living Ab Slide</div>
<div class="ratingStarsSmall ratingStarsBelowTitle" pos="2.5" style="background-position: 0px -90px; "><span>(4)</span></div>
<script type="text/javascript">
						var ratingState = true;
					</script>
<div class="product_grid_cont_price_outer">
<div class="product_price ">
<span class="originalprice ">Rs
									2999</span> Rs 1999
							</div>
<div class="product_discount_outer ">
<div class="product_discount">
									33%
								</div>
</div>
</div>
<div class="cod-ico"><label class="lang">Cash on Delivery Available</label></div>
</a>
<a categoryid="171" class="hit-ss-logger" href="http://www.snapdeal.com/product/aquafit-ab-x-commercial/1417133?pos=13;33" ispartialsearch="false" pogid="1417133" pos="13;33" v="p">
<div atl="Aquafit Ab X Commercial" class="product-image">
<img border="0" class="" lazysrc="http://n3.sdlcdn.com/imgs/a/e/f/230x258/SDL056879452_1369902225_image1-6da25.jpg" src="http://n3.sdlcdn.com/imgs/a/e/f/230x258/SDL056879452_1369902225_image1-6da25.jpg" style="opacity: 1; "/>
</div>
<div class="product_grid_cont_heading">
				Aquafit Ab X Commercial</div>
<div class="ratingStarsSmall ratingStarsBelowTitle" pos="1.0" style="background-position: 0px -36px; "><span>(1)</span></div>
<script type="text/javascript">
						var ratingState = true;
					</script>
<div class="product_grid_cont_price_outer">
<div class="product_price ">
<span class="originalprice ">Rs
									5999</span> Rs 3646
							</div>
<div class="product_discount_outer ">
<div class="product_discount">
									39%
								</div>
</div>
</div>
<div class="cod-ico"><label class="lang">Cash on Delivery Available</label></div>
</a>
<a categoryid="171" class="hit-ss-logger" href="http://www.snapdeal.com/product/scs-ab-excerciser/1323593115?pos=14;33" ispartialsearch="false" pogid="1323593115" pos="14;33" v="p">
<div atl="SCS Ab Excerciser" class="product-image">
<img border="0" class="" lazysrc="http://n2.sdlcdn.com/imgs/a/f/z/230x258/SDL633442276_1384168656_image1-24251.jpg" src="http://n2.sdlcdn.com/imgs/a/f/z/230x258/SDL633442276_1384168656_image1-24251.jpg" style="opacity: 1; "/>
</div>
<div class="product_grid_cont_heading">
				SCS Ab Excerciser</div>
<div class="ratingStarsSmall ratingStarsBelowTitle" pos="2.0" style="background-position: 0px -72px; "><span>(1)</span></div>
<script type="text/javascript">
						var ratingState = true;
					</script>
<div class="product_grid_cont_price_outer">
<div class="product_price ">
<span class="originalprice ">Rs
									4990</span> Rs 2762
							</div>
<div class="product_discount_outer ">
<div class="product_discount">
									45%
								</div>
</div>
</div>
</a>
<a categoryid="159" class="hit-ss-logger" href="http://www.snapdeal.com/product/tunturi-abtrainer/1462272?pos=15;33" ispartialsearch="false" pogid="1462272" pos="15;33" v="p"><div alt="Tunturi Abtrainer" atl="Tunturi Abtrainer" class="product-image"><img border="0" class="" lazysrc="http://n3.sdlcdn.com/imgs/a/e/f/230x258/SDL302514548_1371459465_image1-ab669.jpg" src="http://n3.sdlcdn.com/imgs/a/e/f/230x258/SDL302514548_1371459465_image1-ab669.jpg" style="opacity: 1; "/></div><div class="product_grid_cont_heading">Tunturi Abtrainer</div><div class="ratingStarsSmall ratingStarsBelowTitle" style="background-position: 0px -108px;"><span> (1) </span></div><div class="product_grid_cont_price_outer"><div class="product_price "><span class="originalprice ">Rs 3200</span>  Rs 2529</div><div class="product_discount_outer"><div class="product_discount">21%</div></div></div></a>
<a categoryid="159" class="hit-ss-logger" href="http://www.snapdeal.com/product/aquafit-abs-perfect-exerciser/1151734326?pos=16;33" ispartialsearch="false" pogid="1151734326" pos="16;33" v="p"><div alt="Aquafit ABS - Perfect Exerciser" atl="Aquafit ABS - Perfect Exerciser" class="product-image"><img border="0" src="http://n4.sdlcdn.com/imgs/a/d/9/230x258/SDL002055061_1381235592_image1-90e22.jpg" style="opacity: 1; "/></div><div class="product_grid_cont_heading">Aquafit ABS - Perfect Exerciser</div><div class="product_grid_cont_price_outer"><div class="product_price "><span class="originalprice ">Rs 1999</span>  Rs 1221</div><div class="product_discount_outer"><div class="product_discount">39%</div></div></div><div class="cod-ico"><label class="lang">Cash on Delivery Available</label></div></a>
<a categoryid="159" class="hit-ss-logger" href="http://www.snapdeal.com/product/zeal-ab-rounder-2013-model/1397345?pos=17;33" ispartialsearch="false" pogid="1397345" pos="17;33" v="p"><div alt="Zeal Ab Rounder 2013 Model" atl="Zeal Ab Rounder 2013 Model" class="product-image"><img border="0" class="" lazysrc="http://n2.sdlcdn.com/imgs/a/b/o/230x258/SDL373643628_1369216738_image1-a6c73.jpg" src="http://n2.sdlcdn.com/imgs/a/b/o/230x258/SDL373643628_1369216738_image1-a6c73.jpg" style="opacity: 1; "/></div><div class="product_grid_cont_heading">Zeal Ab Rounder 2013 Model</div><div class="ratingStarsSmall ratingStarsBelowTitle" style="background-position: 0px -90px;"><span> (3) </span></div><div class="product_grid_cont_price_outer"><div class="product_price "><span class="originalprice ">Rs 7600</span>  Rs 4714</div><div class="product_discount_outer"><div class="product_discount">38%</div></div></div></a>
<a categoryid="159" class="hit-ss-logger" href="http://www.snapdeal.com/product/deemark-ab-gym/1891206861?pos=18;33" ispartialsearch="false" pogid="1891206861" pos="18;33" v="p"><div alt="Deemark Ab Gym" atl="Deemark Ab Gym" class="product-image"><img border="0" class="" lazysrc="http://n1.sdlcdn.com/imgs/a/g/s/230x258/SDL774258696_1389170922_image1-d2538.jpg" src="http://n1.sdlcdn.com/imgs/a/g/s/230x258/SDL774258696_1389170922_image1-d2538.jpg" style="opacity: 1; "/></div><div class="product_grid_cont_heading">Deemark Ab Gym</div><div class="product_grid_cont_price_outer"><div class="product_price "><span class="originalprice ">Rs 4990</span>  Rs 3499</div><div class="product_discount_outer"><div class="product_discount">30%</div></div></div></a>
<a categoryid="159" class="hit-ss-logger" href="http://www.snapdeal.com/product/scs-back-magic105/31335772?pos=19;33" ispartialsearch="false" pogid="31335772" pos="19;33" v="p"><div alt="SCS Back Magic-105" atl="SCS Back Magic-105" class="product-image"><img border="0" class="" lazysrc="http://n1.sdlcdn.com/imgs/a/f/z/230x258/SDL632625839_1384168646_image1-c73d0.jpg" src="http://n1.sdlcdn.com/imgs/a/f/z/230x258/SDL632625839_1384168646_image1-c73d0.jpg" style="opacity: 1; "/></div><div class="product_grid_cont_heading">SCS Back Magic-105</div><div class="product_grid_cont_price_outer"><div class="product_price "><span class="originalprice ">Rs 1490</span>  Rs 880</div><div class="product_discount_outer"><div class="product_discount">41%</div></div></div><div class="cod-ico"><label class="lang">Cash on Delivery Available</label></div></a>
<a categoryid="159" class="hit-ss-logger" href="http://www.snapdeal.com/product/aquafit-aq119-ab-coaster-trifit/270949?pos=20;33" ispartialsearch="false" pogid="270949" pos="20;33" v="p"><div alt="AquaFit AQ119 AB Coaster + Trifit Free" atl="AquaFit AQ119 AB Coaster + Trifit Free" class="product-image"><img border="0" class="" lazysrc="http://i3.sdlcdn.com/img/product/main/230x258/AQ119_BHASEEN_AquaFit_M_1_2x.jpg" src="http://i3.sdlcdn.com/img/product/main/230x258/AQ119_BHASEEN_AquaFit_M_1_2x.jpg" style="opacity: 1; "/></div><div class="product_grid_cont_heading">AquaFit AQ119 AB Coaster + Trifit Free</div><div class="ratingStarsSmall ratingStarsBelowTitle" style="background-position: 0px -144px;"><span> (1) </span></div><div class="product_grid_cont_price_outer"><div class="product_price "><span class="originalprice ">Rs 15000</span>  Rs 11120</div><div class="product_discount_outer"><div class="product_discount">26%</div></div></div><div class="cod-ico"><label class="lang">Cash on Delivery Available</label></div></a>
<a categoryid="159" class="hit-ss-logger" href="http://www.snapdeal.com/product/body-sculpture-ab-tonner-bb/549367448?pos=21;33" ispartialsearch="false" pogid="549367448" pos="21;33" v="p"><div alt="Body Sculpture Ab Tonner Bb 008" atl="Body Sculpture Ab Tonner Bb 008" class="product-image"><img border="0" class="" lazysrc="http://n1.sdlcdn.com/imgs/a/d/u/230x258/SDL175128649_1380192256_image1-30f8f.jpg" src="http://n1.sdlcdn.com/imgs/a/d/u/230x258/SDL175128649_1380192256_image1-30f8f.jpg" style="opacity: 1; "/></div><div class="product_grid_cont_heading">Body Sculpture Ab Tonner Bb 008</div><div class="ratingStarsSmall ratingStarsBelowTitle" style="background-position: 0px -162px;"><span> (2) </span></div><div class="product_grid_cont_price_outer"><div class="product_price "><span class="originalprice ">Rs 1300</span>  Rs 1184</div><div class="product_discount_outer"><div class="product_discount">9%</div></div></div><div class="cod-ico"><label class="lang">Cash on Delivery Available</label></div></a>
<a categoryid="159" class="hit-ss-logger" href="http://www.snapdeal.com/product/gofitindia-ab-king-slimmer-pro/603355?pos=22;33" ispartialsearch="false" pogid="603355" pos="22;33" v="p"><div alt="Gofitindia Ab King Slimmer Pro 1000" atl="Gofitindia Ab King Slimmer Pro 1000" class="product-image"><img border="0" class="" lazysrc="http://i3.sdlcdn.com/img/product/main/230x258/TK05_ONESTOP_Gofitindia_M_1_2x_a.jpg" src="http://i3.sdlcdn.com/img/product/main/230x258/TK05_ONESTOP_Gofitindia_M_1_2x_a.jpg" style="opacity: 1; "/><div class="shippingImage tooltip"><span class="box"><span class="arw"></span><label class="lang dispatched-one-day-lang">Dispatched in 1 business day</label></span></div></div><div class="product_grid_cont_heading">Gofitindia Ab King Slimmer Pro 1000</div><div class="ratingStarsSmall ratingStarsBelowTitle" style="background-position: 0px -162px;"><span> (24) </span></div><div class="product_grid_cont_price_outer"><div class="product_price "><span class="originalprice ">Rs 2400</span>  Rs 2050</div><div class="product_discount_outer"><div class="product_discount">15%</div></div></div></a>
<a categoryid="159" class="hit-ss-logger" href="http://www.snapdeal.com/product/novafit-ab-rounder/593266?pos=23;33" ispartialsearch="false" pogid="593266" pos="23;33" v="p"><div alt="Novafit Ab Rounder" atl="Novafit Ab Rounder" class="product-image"><img border="0" class="" lazysrc="http://n4.sdlcdn.com/imgs/a/a/f/230x258/NF2_ONESTOP_Novafit_M_1_2x-7c03b.jpg" src="http://n4.sdlcdn.com/imgs/a/a/f/230x258/NF2_ONESTOP_Novafit_M_1_2x-7c03b.jpg" style="opacity: 1; "/></div><div class="product_grid_cont_heading">Novafit Ab Rounder</div><div class="product_grid_cont_price_outer"><div class="product_price "><span class="originalprice ">Rs 9030</span>  Rs 5495</div><div class="product_discount_outer"><div class="product_discount">39%</div></div></div></a>
<a categoryid="159" class="hit-ss-logger" href="http://www.snapdeal.com/product/novafit-abdominal-pro-commercial/593272?pos=24;33" ispartialsearch="false" pogid="593272" pos="24;33" v="p"><div alt="Novafit Abdominal Pro Commercial" atl="Novafit Abdominal Pro Commercial" class="product-image"><img border="0" class="" lazysrc="http://n4.sdlcdn.com/imgs/a/a/f/230x258/NF4_ONESTOP_Novafit_M_1_2x-d518c.jpg" src="http://n4.sdlcdn.com/imgs/a/a/f/230x258/NF4_ONESTOP_Novafit_M_1_2x-d518c.jpg" style="opacity: 1; "/></div><div class="product_grid_cont_heading">Novafit Abdominal Pro Commercial</div><div class="product_grid_cont_price_outer"><div class="product_price "><span class="originalprice ">Rs 9999</span>  Rs 6597</div><div class="product_discount_outer"><div class="product_discount">34%</div></div></div></a>
<a categoryid="159" class="hit-ss-logger" href="http://www.snapdeal.com/product/domyos-abdo-gain-fitness-abdominal/599667509?pos=25;33" ispartialsearch="false" pogid="599667509" pos="25;33" v="p"><div alt="Domyos ABDO GAIN Fitness ABDOMINAL EQUIPMENT 8214607" atl="Domyos ABDO GAIN Fitness ABDOMINAL EQUIPMENT 8214607" class="product-image"><img border="0" class="" lazysrc="http://n1.sdlcdn.com/imgs/a/g/8/230x258/SDL483098730_1391773582_image1-d8cbb.jpg" src="http://n1.sdlcdn.com/imgs/a/g/8/230x258/SDL483098730_1391773582_image1-d8cbb.jpg" style="opacity: 1; "/></div><div class="product_grid_cont_heading">Domyos ABDO GAIN Fitness ABDOMINAL EQUIPMENT 8214607</div><div class="product_grid_cont_price_outer"><div class="product_price "><span class="originalprice ">Rs 3599</span>  Rs 3577</div><div class="product_discount_outer"><div class="product_discount">1%</div></div></div><div class="cod-ico"><label class="lang">Cash on Delivery Available</label></div></a>
<a categoryid="159" class="hit-ss-logger" href="http://www.snapdeal.com/product/domyos-balance-board-fitness-abdominal/78802082?pos=26;33" ispartialsearch="false" pogid="78802082" pos="26;33" v="p"><div alt="Domyos BALANCE BOARD Fitness ABDOMINAL EQUIPMENT 8229125" atl="Domyos BALANCE BOARD Fitness ABDOMINAL EQUIPMENT 8229125" class="product-image"><img border="0" class="" lazysrc="http://n3.sdlcdn.com/imgs/a/g/8/230x258/SDL437232947_1391773578_image1-d97c2.jpg" src="http://n3.sdlcdn.com/imgs/a/g/8/230x258/SDL437232947_1391773578_image1-d97c2.jpg" style="opacity: 1; "/></div><div class="product_grid_cont_heading">Domyos BALANCE BOARD Fitness ABDOMINAL EQUIPMENT 8229125</div><div class="product_grid_cont_price_outer"><div class="product_price "><span class="originalprice ">Rs 2999</span>  Rs 2532</div><div class="product_discount_outer"><div class="product_discount">16%</div></div></div><div class="cod-ico"><label class="lang">Cash on Delivery Available</label></div></a>
<a categoryid="159" class="hit-ss-logger" href="http://www.snapdeal.com/product/vibro-abslimmer-pro/881310048?pos=27;33" ispartialsearch="false" pogid="881310048" pos="27;33" v="p"><div alt="Vibro AB-Slimmer Pro" atl="Vibro AB-Slimmer Pro" class="product-image"><img border="0" class="" lazysrc="http://n2.sdlcdn.com/imgs/a/g/8/230x258/SDL067257756_1391774894_image1-95521.jpg" src="http://n2.sdlcdn.com/imgs/a/g/8/230x258/SDL067257756_1391774894_image1-95521.jpg" style="opacity: 1; "/></div><div class="product_grid_cont_heading">Vibro AB-Slimmer Pro</div><div class="ratingStarsSmall ratingStarsBelowTitle" style="background-position: 0px -180px;"><span> (1) </span></div><div class="product_grid_cont_price_outer"><div class="product_price "><span class="originalprice ">Rs 2500</span>  Rs 1499</div><div class="product_discount_outer"><div class="product_discount">40%</div></div></div></a>
<a categoryid="159" class="hit-ss-logger" href="http://www.snapdeal.com/product/aquafit-ab-circle-pro/1417140?pos=28;33" ispartialsearch="false" pogid="1417140" pos="28;33" v="p"><div alt="Aquafit Ab Circle Pro" atl="Aquafit Ab Circle Pro" class="product-image"><img border="0" class="" lazysrc="http://n2.sdlcdn.com/imgs/a/e/f/230x258/SDL055621804_1369902224_image1-cdbfd.jpg" src="http://n2.sdlcdn.com/imgs/a/e/f/230x258/SDL055621804_1369902224_image1-cdbfd.jpg" style="opacity: 1; "/><div class="soldout prod-grid-sold-out-lang"></div></div><div class="product_grid_cont_heading">Aquafit Ab Circle Pro</div><div class="ratingStarsSmall ratingStarsBelowTitle" style="background-position: 0px -90px;"><span> (21) </span></div><div class="product_grid_cont_price_outer"><div class="product_price "><span class="originalprice ">Rs 8000</span>  Rs 3434</div><div class="product_discount_outer"><div class="product_discount">57%</div></div></div><div class="cod-ico"><label class="lang">Cash on Delivery Available</label></div></a>
<a categoryid="159" class="hit-ss-logger" href="http://www.snapdeal.com/product/tunturi-power-roller/1462215?pos=29;33" ispartialsearch="false" pogid="1462215" pos="29;33" v="p"><div alt="Tunturi Power Roller" atl="Tunturi Power Roller" class="product-image"><img border="0" class="" lazysrc="http://n3.sdlcdn.com/imgs/a/e/f/230x258/SDL303624119_1371459452_image1-3d15f.jpg" src="http://n3.sdlcdn.com/imgs/a/e/f/230x258/SDL303624119_1371459452_image1-3d15f.jpg" style="opacity: 1; "/><div class="shippingImage tooltip"><span class="box"><span class="arw"></span><label class="lang dispatched-one-day-lang">Dispatched in 1 business day</label></span></div><div class="soldout prod-grid-sold-out-lang"></div></div><div class="product_grid_cont_heading">Tunturi Power Roller</div><div class="ratingStarsSmall ratingStarsBelowTitle" style="background-position: 0px -126px;"><span> (28) </span></div><div class="product_grid_cont_price_outer"><div class="product_price "><span class="originalprice ">Rs 5150</span>  Rs 4309</div><div class="product_discount_outer"><div class="product_discount">16%</div></div></div><div class="cod-ico"><label class="lang">Cash on Delivery Available</label></div></a>
<a categoryid="159" class="hit-ss-logger" href="http://www.snapdeal.com/product/domyos-abdo-gain-red-fitness/1992412748?pos=30;33" ispartialsearch="false" pogid="1992412748" pos="30;33" v="p"><div alt="Domyos ABDO GAIN RED Fitness ABDOMINAL EQUIPMENT 8214611" atl="Domyos ABDO GAIN RED Fitness ABDOMINAL EQUIPMENT 8214611" class="product-image"><img border="0" class="" lazysrc="http://n3.sdlcdn.com/imgs/a/g/8/230x258/SDL434899737_1391773546_image1-f296f.jpg" src="http://n3.sdlcdn.com/imgs/a/g/8/230x258/SDL434899737_1391773546_image1-f296f.jpg" style="opacity: 1; "/><div class="soldout prod-grid-sold-out-lang"></div></div><div class="product_grid_cont_heading">Domyos ABDO GAIN RED Fitness ABDOMINAL EQUIPMENT 8214611</div><div class="product_grid_cont_price_outer"><div class="product_price "><span class="originalprice ">Rs 4999</span>  Rs 3454</div><div class="product_discount_outer"><div class="product_discount">31%</div></div></div><div class="cod-ico"><label class="lang">Cash on Delivery Available</label></div></a>
<a categoryid="159" class="hit-ss-logger" href="http://www.snapdeal.com/product/aquafit-aq119a-ab-circle/270924?pos=31;33" ispartialsearch="false" pogid="270924" pos="31;33" v="p"><div alt="AquaFit AQ119A AB Circle" atl="AquaFit AQ119A AB Circle" class="product-image"><img border="0" src="http://i3.sdlcdn.com/img/product/main/230x258/AQ119A_BHASEEN_AquaFit_M_1_2xnew_n.jpg" style="opacity: 1; "/><div class="soldout prod-grid-sold-out-lang"></div></div><div class="product_grid_cont_heading">AquaFit AQ119A AB Circle</div><div class="ratingStarsSmall ratingStarsBelowTitle" style="background-position: 0px -108px;"><span> (2) </span></div><div class="product_grid_cont_price_outer"><div class="product_price "><span class="originalprice ">Rs 8000</span>  Rs 4702</div><div class="product_discount_outer"><div class="product_discount">41%</div></div></div><div class="cod-ico"><label class="lang">Cash on Delivery Available</label></div></a>
<a categoryid="159" class="hit-ss-logger" href="http://www.snapdeal.com/product/protoner-ab-slimmer-with-user/758529?pos=32;33" ispartialsearch="false" pogid="758529" pos="32;33" v="p"><div alt="Protoner Ab Slimmer with User manual" atl="Protoner Ab Slimmer with User manual" class="product-image"><img border="0" class="" lazysrc="http://n2.sdlcdn.com/imgs/a/a/n/230x258/SDL169842427_1362723911_image1-65661.jpg" src="http://n2.sdlcdn.com/imgs/a/a/n/230x258/SDL169842427_1362723911_image1-65661.jpg" style="opacity: 1; "/><div class="soldout prod-grid-sold-out-lang"></div></div><div class="product_grid_cont_heading">Protoner Ab Slimmer with User manual</div><div class="ratingStarsSmall ratingStarsBelowTitle" style="background-position: 0px -108px;"><span> (7) </span></div><div class="product_grid_cont_price_outer"><div class="product_price "><span class="originalprice ">Rs 3500</span>  Rs 2810</div><div class="product_discount_outer"><div class="product_discount">20%</div></div></div><div class="cod-ico"><label class="lang">Cash on Delivery Available</label></div></a>
