http://www.snapdeal.com/product/lianas-flower-slimming-tea/1391438?pos=0;96
http://www.snapdeal.com/product/laci-le-beau-lemon-mint/235196?pos=1;96
http://www.snapdeal.com/product/gaia-mint-green-tea-25/1482146?pos=2;96
http://www.snapdeal.com/product/gaia-green-tea-25-tea/1482141?pos=3;96
http://www.snapdeal.com/product/gaia-tulsi-green-tea-25/1482129?pos=4;96
http://www.snapdeal.com/product/gaia-ginger-green-tea-25/1482166?pos=5;96
http://www.snapdeal.com/product/planet-ayurveda-detox-tea-125/237316?pos=6;96
http://www.snapdeal.com/product/gaia-assorted-flavours-green-tea/1482158?pos=7;96
http://www.snapdeal.com/product/gaia-lemon-green-tea-25/1482126?pos=8;96
http://www.snapdeal.com/product/nirvana-green-tea-50-gm/407609?pos=9;96
http://www.snapdeal.com/product/organic-india-tulsi-tea-india/431186?pos=10;96
http://www.snapdeal.com/product/tea-hawthorne-berries-24-bags/1244421?pos=11;96
http://www.snapdeal.com/product/alvita-caffeine-free-tea-panax/1242687?pos=12;96
http://www.snapdeal.com/product/alvita-hyssop-herb-caffeine-free/1242618?pos=13;96
http://www.snapdeal.com/product/tvc-dr-slim-tea-2/1187801754?pos=14;96
http://www.snapdeal.com/product/organic-india-wooden-box-big/431156?pos=15;96
http://www.snapdeal.com/product/organic-india-tulsi-honey-chamomile/431159?pos=16;96
http://www.snapdeal.com/product/unived-health-tea-organic-soap/1536842182?pos=17;96
http://www.snapdeal.com/product/gaia-lemon-green-ice-tea/1482173?pos=18;96
http://www.snapdeal.com/product/gaia-peach-green-ice-tea/1482164?pos=19;96
