<a categoryid="17" class="hit-ss-logger" href="http://www.snapdeal.com/product/adidas-grey-printed-t-shirt/933785912?pos=0;79" ispartialsearch="false" pogid="933785912" pos="0;79" v="p">
<div atl="Adidas Grey Printed T Shirt" class="product-image">
<img border="0" class="" lazysrc="http://n3.sdlcdn.com/imgs/a/e/y/230x258/SDL401076242_1381992411_image1-f695e.jpg" src="http://n3.sdlcdn.com/imgs/a/e/y/230x258/SDL401076242_1381992411_image1-f695e.jpg" style="opacity: 1; "/>
<div class="shippingImage tooltip">
<span class="box">
<span class="arw"></span>
<label class="dispatched-one-day-lang">Dispatched in 1 business day</label>
</span>
</div>
</div>
<div class="product_grid_cont_heading">
				Adidas Grey Printed T Shirt</div>
<div class="ratingStarsSmall ratingStarsBelowTitle" pos="4.4" style="background-position: 0px -162px; "><span>(15)</span></div>
<script type="text/javascript">
						var ratingState = true;
					</script>
<div class="product_grid_cont_price_outer">
<div class="product_price ">
<span class="originalprice ">Rs
									849</span> Rs 424
							</div>
<div class="product_discount_outer ">
<div class="product_discount">
									50%
								</div>
</div>
</div>
<div class="cod-ico"><label class="lang">Cash on Delivery Available</label></div>
</a>
<a categoryid="17" class="hit-ss-logger" href="http://www.snapdeal.com/product/adidas-black-polo-t-shirt/1250126224?pos=1;79" ispartialsearch="false" pogid="1250126224" pos="1;79" v="p">
<div atl="Adidas Black Polo T Shirt" class="product-image">
<img border="0" class="" lazysrc="http://n4.sdlcdn.com/imgs/a/e/y/230x258/SDL398751373_1381992404_image1-cdc08.jpg" src="http://n4.sdlcdn.com/imgs/a/e/y/230x258/SDL398751373_1381992404_image1-cdc08.jpg" style="opacity: 1; "/>
<div class="shippingImage tooltip">
<span class="box">
<span class="arw"></span>
<label class="dispatched-one-day-lang">Dispatched in 1 business day</label>
</span>
</div>
</div>
<div class="product_grid_cont_heading">
				Adidas Black Polo T Shirt</div>
<div class="ratingStarsSmall ratingStarsBelowTitle" pos="4.1" style="background-position: 0px -144px; "><span>(18)</span></div>
<script type="text/javascript">
						var ratingState = true;
					</script>
<div class="product_grid_cont_price_outer">
<div class="product_price ">
<span class="originalprice ">Rs
									1199</span> Rs 481
							</div>
<div class="product_discount_outer ">
<div class="product_discount">
									60%
								</div>
</div>
</div>
<div class="cod-ico"><label class="lang">Cash on Delivery Available</label></div>
</a>
<a categoryid="17" class="hit-ss-logger" href="http://www.snapdeal.com/product/adidas-black-trackpants/1890536552?pos=2;79" ispartialsearch="false" pogid="1890536552" pos="2;79" v="p">
<div atl="Adidas Black Trackpants" class="product-image">
<img border="0" class="" lazysrc="http://n3.sdlcdn.com/imgs/a/d/o/230x258/SDL834464777_1379333527_image1-97a2c.jpg" src="http://n3.sdlcdn.com/imgs/a/d/o/230x258/SDL834464777_1379333527_image1-97a2c.jpg" style="opacity: 1; "/>
<div class="shippingImage tooltip">
<span class="box">
<span class="arw"></span>
<label class="dispatched-one-day-lang">Dispatched in 1 business day</label>
</span>
</div>
</div>
<div class="product_grid_cont_heading">
				Adidas Black Trackpants</div>
<div class="ratingStarsSmall ratingStarsBelowTitle" pos="4.0" style="background-position: 0px -144px; "><span>(1)</span></div>
<script type="text/javascript">
						var ratingState = true;
					</script>
<div class="product_grid_cont_price_outer">
<div class="product_price ">
<span class="originalprice ">Rs
									1899</span> Rs 1424
							</div>
<div class="product_discount_outer ">
<div class="product_discount">
									25%
								</div>
</div>
</div>
<div class="cod-ico"><label class="lang">Cash on Delivery Available</label></div>
</a>
<a categoryid="17" class="hit-ss-logger" href="http://www.snapdeal.com/product/adidas-medium-blue-striped-climalite/1425606777?pos=3;79" ispartialsearch="false" pogid="1425606777" pos="3;79" v="p">
<div atl="Adidas Medium Blue Striped ClimaLite T-Shirt" class="product-image">
<img border="0" class="" lazysrc="http://n3.sdlcdn.com/imgs/a/f/6/230x258/SDL964540318_1384930497_image1-f6248.jpg" src="http://n3.sdlcdn.com/imgs/a/f/6/230x258/SDL964540318_1384930497_image1-f6248.jpg" style="opacity: 1; "/>
<div class="shippingImage tooltip">
<span class="box">
<span class="arw"></span>
<label class="dispatched-one-day-lang">Dispatched in 1 business day</label>
</span>
</div>
</div>
<div class="product_grid_cont_heading">
				Adidas Medium Blue Striped ClimaLite T-Shirt</div>
<div class="product_grid_cont_price_outer">
<div class="product_price ">
<span class="originalprice ">Rs
									799</span> Rs 599
							</div>
<div class="product_discount_outer ">
<div class="product_discount">
									25%
								</div>
</div>
</div>
<div class="cod-ico"><label class="lang">Cash on Delivery Available</label></div>
</a>
<a categoryid="17" class="hit-ss-logger" href="http://www.snapdeal.com/product/adidas-double-shade-black-polo/451179883?pos=4;79" ispartialsearch="false" pogid="451179883" pos="4;79" v="p">
<div atl="Adidas Double Shade Black Polo T Shirt" class="product-image">
<img border="0" class="" lazysrc="http://n3.sdlcdn.com/imgs/a/d/o/230x258/SDL856760488_1379055341_image1-e3dcd.jpg" src="http://n3.sdlcdn.com/imgs/a/d/o/230x258/SDL856760488_1379055341_image1-e3dcd.jpg" style="opacity: 1; "/>
<div class="shippingImage tooltip">
<span class="box">
<span class="arw"></span>
<label class="dispatched-one-day-lang">Dispatched in 1 business day</label>
</span>
</div>
</div>
<div class="product_grid_cont_heading">
				Adidas Double Shade Black Polo T Shirt</div>
<div class="product_grid_cont_price_outer">
<div class="product_price ">
<span class="originalprice ">Rs
									2299</span> Rs 1609
							</div>
<div class="product_discount_outer ">
<div class="product_discount">
									30%
								</div>
</div>
</div>
<div class="cod-ico"><label class="lang">Cash on Delivery Available</label></div>
</a>
<a categoryid="17" class="hit-ss-logger" href="http://www.snapdeal.com/product/adidas-cool-black-polo-t/853924074?pos=5;79" ispartialsearch="false" pogid="853924074" pos="5;79" v="p">
<div atl="Adidas Cool Black Polo T Shirt" class="product-image">
<img border="0" class="" lazysrc="http://n3.sdlcdn.com/imgs/a/d/o/230x258/SDL857721971_1379056198_image1-46f43.jpg" src="http://n3.sdlcdn.com/imgs/a/d/o/230x258/SDL857721971_1379056198_image1-46f43.jpg" style="opacity: 1; "/>
<div class="shippingImage tooltip">
<span class="box">
<span class="arw"></span>
<label class="dispatched-one-day-lang">Dispatched in 1 business day</label>
</span>
</div>
</div>
<div class="product_grid_cont_heading">
				Adidas Cool Black Polo T Shirt</div>
<div class="product_grid_cont_price_outer">
<div class="product_price ">
<span class="originalprice ">Rs
									2499</span> Rs 1749
							</div>
<div class="product_discount_outer ">
<div class="product_discount">
									30%
								</div>
</div>
</div>
<div class="cod-ico"><label class="lang">Cash on Delivery Available</label></div>
</a>
<a categoryid="17" class="hit-ss-logger" href="http://www.snapdeal.com/product/adidas-black-sporty-shorts/1828418063?pos=6;79" ispartialsearch="false" pogid="1828418063" pos="6;79" v="p">
<div atl="Adidas Black Sporty Shorts" class="product-image">
<img border="0" class="" lazysrc="http://n4.sdlcdn.com/imgs/a/d/o/230x258/SDL828303800_1379333459_image1-27813.jpg" src="http://n4.sdlcdn.com/imgs/a/d/o/230x258/SDL828303800_1379333459_image1-27813.jpg" style="opacity: 1; "/>
<div class="shippingImage tooltip">
<span class="box">
<span class="arw"></span>
<label class="dispatched-one-day-lang">Dispatched in 1 business day</label>
</span>
</div>
</div>
<div class="product_grid_cont_heading">
				Adidas Black Sporty Shorts</div>
<div class="product_grid_cont_price_outer">
<div class="product_price ">
<span class="originalprice ">Rs
									1399</span> Rs 1049
							</div>
<div class="product_discount_outer ">
<div class="product_discount">
									25%
								</div>
</div>
</div>
<div class="cod-ico"><label class="lang">Cash on Delivery Available</label></div>
</a>
<a categoryid="17" class="hit-ss-logger" href="http://www.snapdeal.com/product/adidas-light-grey-sporty-patch/685457509?pos=7;79" ispartialsearch="false" pogid="685457509" pos="7;79" v="p">
<div atl="Adidas Light Grey Sporty Patch Shoulder T Shirt" class="product-image">
<img border="0" class="" lazysrc="http://n4.sdlcdn.com/imgs/a/d/o/230x258/SDL891670201_1379055826_image1-0e2c6.jpg" src="http://n4.sdlcdn.com/imgs/a/d/o/230x258/SDL891670201_1379055826_image1-0e2c6.jpg" style="opacity: 1; "/>
<div class="shippingImage tooltip">
<span class="box">
<span class="arw"></span>
<label class="dispatched-one-day-lang">Dispatched in 1 business day</label>
</span>
</div>
</div>
<div class="product_grid_cont_heading">
				Adidas Light Grey Sporty Patch Shoulder T Shirt</div>
<div class="product_grid_cont_price_outer">
<div class="product_price ">
<span class="originalprice ">Rs
									999</span> Rs 699
							</div>
<div class="product_discount_outer ">
<div class="product_discount">
									30%
								</div>
</div>
</div>
<div class="cod-ico"><label class="lang">Cash on Delivery Available</label></div>
</a>
<a categoryid="17" class="hit-ss-logger" href="http://www.snapdeal.com/product/adidas-light-purple-half-sweater/1138504711?pos=8;79" ispartialsearch="false" pogid="1138504711" pos="8;79" v="p">
<div atl="Adidas Light Purple Half Sweater" class="product-image">
<img border="0" class="" lazysrc="http://n4.sdlcdn.com/imgs/a/d/o/230x258/SDL597889179_1379074670_image1-a4c50.jpg" src="http://n4.sdlcdn.com/imgs/a/d/o/230x258/SDL597889179_1379074670_image1-a4c50.jpg" style="opacity: 1; "/>
<div class="shippingImage tooltip">
<span class="box">
<span class="arw"></span>
<label class="dispatched-one-day-lang">Dispatched in 1 business day</label>
</span>
</div>
</div>
<div class="product_grid_cont_heading">
				Adidas Light Purple Half Sweater</div>
<div class="product_grid_cont_price_outer">
<div class="product_price ">
<span class="originalprice ">Rs
									2399</span> Rs 1679
							</div>
<div class="product_discount_outer ">
<div class="product_discount">
									30%
								</div>
</div>
</div>
<div class="cod-ico"><label class="lang">Cash on Delivery Available</label></div>
</a>
<a categoryid="17" class="hit-ss-logger" href="http://www.snapdeal.com/product/adidas-purple-striped-half-sweater/1607900233?pos=9;79" ispartialsearch="false" pogid="1607900233" pos="9;79" v="p">
<div atl="Adidas Purple Striped Half Sweater" class="product-image">
<img border="0" class="" lazysrc="http://n3.sdlcdn.com/imgs/a/d/o/230x258/SDL599138982_1379074088_image1-52f2e.jpg" src="http://n3.sdlcdn.com/imgs/a/d/o/230x258/SDL599138982_1379074088_image1-52f2e.jpg" style="opacity: 1; "/>
<div class="shippingImage tooltip">
<span class="box">
<span class="arw"></span>
<label class="dispatched-one-day-lang">Dispatched in 1 business day</label>
</span>
</div>
</div>
<div class="product_grid_cont_heading">
				Adidas Purple Striped Half Sweater</div>
<div class="product_grid_cont_price_outer">
<div class="product_price ">
<span class="originalprice ">Rs
									2499</span> Rs 1749
							</div>
<div class="product_discount_outer ">
<div class="product_discount">
									30%
								</div>
</div>
</div>
<div class="cod-ico"><label class="lang">Cash on Delivery Available</label></div>
</a>
<a categoryid="17" class="hit-ss-logger" href="http://www.snapdeal.com/product/adidas-blue-vivid-sports-t/1490411954?pos=10;79" ispartialsearch="false" pogid="1490411954" pos="10;79" v="p">
<div atl="Adidas Blue Vivid Sports T Shirt" class="product-image">
<img border="0" class="" lazysrc="http://n4.sdlcdn.com/imgs/a/d/o/230x258/SDL886046610_1379055253_image1-37494.jpg" src="http://n4.sdlcdn.com/imgs/a/d/o/230x258/SDL886046610_1379055253_image1-37494.jpg" style="opacity: 1; "/>
<div class="shippingImage tooltip">
<span class="box">
<span class="arw"></span>
<label class="dispatched-one-day-lang">Dispatched in 1 business day</label>
</span>
</div>
</div>
<div class="product_grid_cont_heading">
				Adidas Blue Vivid Sports T Shirt</div>
<div class="product_grid_cont_price_outer">
<div class="product_price ">
<span class="originalprice ">Rs
									799</span> Rs 559
							</div>
<div class="product_discount_outer ">
<div class="product_discount">
									30%
								</div>
</div>
</div>
<div class="cod-ico"><label class="lang">Cash on Delivery Available</label></div>
</a>
<a categoryid="17" class="hit-ss-logger" href="http://www.snapdeal.com/product/adidas-white-printed-t-shirt/1301145453?pos=11;79" ispartialsearch="false" pogid="1301145453" pos="11;79" v="p">
<div atl="Adidas White Printed T Shirt" class="product-image">
<img border="0" class="" lazysrc="http://n1.sdlcdn.com/imgs/a/d/o/230x258/SDL883518988_1379056255_image1-27641.jpg" src="http://n1.sdlcdn.com/imgs/a/d/o/230x258/SDL883518988_1379056255_image1-27641.jpg" style="opacity: 1; "/>
<div class="shippingImage tooltip">
<span class="box">
<span class="arw"></span>
<label class="dispatched-one-day-lang">Dispatched in 1 business day</label>
</span>
</div>
</div>
<div class="product_grid_cont_heading">
				Adidas White Printed T Shirt</div>
<div class="product_grid_cont_price_outer">
<div class="product_price ">
<span class="originalprice ">Rs
									1199</span> Rs 899
							</div>
<div class="product_discount_outer ">
<div class="product_discount">
									25%
								</div>
</div>
</div>
<div class="cod-ico"><label class="lang">Cash on Delivery Available</label></div>
</a>
<a categoryid="17" class="hit-ss-logger" href="http://www.snapdeal.com/product/adidas-light-grey-sporty-retro/283722700?pos=12;79" ispartialsearch="false" pogid="283722700" pos="12;79" v="p">
<div atl="Adidas Light Grey Sporty Retro Print T Shirt" class="product-image">
<img border="0" class="" lazysrc="http://n1.sdlcdn.com/imgs/a/d/o/230x258/SDL890184845_1379056129_image1-3a1d2.jpg" src="http://n1.sdlcdn.com/imgs/a/d/o/230x258/SDL890184845_1379056129_image1-3a1d2.jpg" style="opacity: 1; "/>
<div class="shippingImage tooltip">
<span class="box">
<span class="arw"></span>
<label class="dispatched-one-day-lang">Dispatched in 1 business day</label>
</span>
</div>
</div>
<div class="product_grid_cont_heading">
				Adidas Light Grey Sporty Retro Print T Shirt</div>
<div class="product_grid_cont_price_outer">
<div class="product_price ">
<span class="originalprice ">Rs
									1099</span> Rs 824
							</div>
<div class="product_discount_outer ">
<div class="product_discount">
									25%
								</div>
</div>
</div>
<div class="cod-ico"><label class="lang">Cash on Delivery Available</label></div>
</a>
<a categoryid="17" class="hit-ss-logger" href="http://www.snapdeal.com/product/adidas-dark-blue-printed-t/466873869?pos=13;79" ispartialsearch="false" pogid="466873869" pos="13;79" v="p">
<div atl="Adidas Dark Blue Printed T Shirt" class="product-image">
<img border="0" class="" lazysrc="http://n1.sdlcdn.com/imgs/a/d/o/230x258/SDL892655758_1379055539_image1-3074e.jpg" src="http://n1.sdlcdn.com/imgs/a/d/o/230x258/SDL892655758_1379055539_image1-3074e.jpg" style="opacity: 1; "/>
<div class="shippingImage tooltip">
<span class="box">
<span class="arw"></span>
<label class="dispatched-one-day-lang">Dispatched in 1 business day</label>
</span>
</div>
</div>
<div class="product_grid_cont_heading">
				Adidas Dark Blue Printed T Shirt</div>
<div class="product_grid_cont_price_outer">
<div class="product_price ">
<span class="originalprice ">Rs
									1099</span> Rs 824
							</div>
<div class="product_discount_outer ">
<div class="product_discount">
									25%
								</div>
</div>
</div>
<div class="cod-ico"><label class="lang">Cash on Delivery Available</label></div>
</a>
<a categoryid="17" class="hit-ss-logger" href="http://www.snapdeal.com/product/adidas-blue-sleeveless-t-shirt/382140228?pos=14;79" ispartialsearch="false" pogid="382140228" pos="14;79" v="p">
<div atl="Adidas Blue Sleeveless T Shirt" class="product-image">
<img border="0" class="" lazysrc="http://n4.sdlcdn.com/imgs/a/d/o/230x258/SDL500429531_1379055868_image1-01fb6.jpg" src="http://n4.sdlcdn.com/imgs/a/d/o/230x258/SDL500429531_1379055868_image1-01fb6.jpg" style="opacity: 1; "/>
<div class="shippingImage tooltip">
<span class="box">
<span class="arw"></span>
<label class="dispatched-one-day-lang">Dispatched in 1 business day</label>
</span>
</div>
</div>
<div class="product_grid_cont_heading">
				Adidas Blue Sleeveless T Shirt</div>
<div class="product_grid_cont_price_outer">
<div class="product_price ">
<span class="originalprice ">Rs
									1599</span> Rs 1119
							</div>
<div class="product_discount_outer ">
<div class="product_discount">
									30%
								</div>
</div>
</div>
<div class="cod-ico"><label class="lang">Cash on Delivery Available</label></div>
</a>
<a categoryid="" class="hit-ss-logger" href="http://www.snapdeal.com/product/adidas-white-chelsea-shorts/1942062261?pos=15;79" ispartialsearch="false" pogid="1942062261" pos="15;79" v="p"><div alt="Adidas White Chelsea Shorts" atl="Adidas White Chelsea Shorts" class="product-image"><img border="0" class="" lazysrc="http://n4.sdlcdn.com/imgs/a/d/o/230x258/SDL826980966_1379333573_image1-c7df2.jpg" src="http://n4.sdlcdn.com/imgs/a/d/o/230x258/SDL826980966_1379333573_image1-c7df2.jpg" style="opacity: 1; "/><div class="shippingImage tooltip"><span class="box"><span class="arw"></span><label class="lang dispatched-one-day-lang">Dispatched in 1 business day</label></span></div></div><div class="product_grid_cont_heading">Adidas White Chelsea Shorts</div><div class="ratingStarsSmall ratingStarsBelowTitle" style="background-position: 0px -144px;"><span> (1) </span></div><div class="product_grid_cont_price_outer"><div class="product_price "><span class="originalprice ">Rs 899</span>  Rs 674</div><div class="product_discount_outer"><div class="product_discount">25%</div></div></div><div class="cod-ico"><label class="lang">Cash on Delivery Available</label></div></a>
<a categoryid="" class="hit-ss-logger" href="http://www.snapdeal.com/product/adidas-medium-blue-t-shirt/865668090?pos=16;79" ispartialsearch="false" pogid="865668090" pos="16;79" v="p"><div alt="Adidas Medium Blue T Shirt" atl="Adidas Medium Blue T Shirt" class="product-image"><img border="0" src="http://n3.sdlcdn.com/imgs/a/d/7/230x258/SDL884800930_1379056122_image1-a77e9.jpg" style="opacity: 1; "/><div class="shippingImage tooltip"><span class="box"><span class="arw"></span><label class="lang dispatched-one-day-lang">Dispatched in 1 business day</label></span></div></div><div class="product_grid_cont_heading">Adidas Medium Blue T Shirt</div><div class="ratingStarsSmall ratingStarsBelowTitle" style="background-position: 0px -162px;"><span> (4) </span></div><div class="product_grid_cont_price_outer"><div class="product_price "><span class="originalprice ">Rs 999</span>  Rs 699</div><div class="product_discount_outer"><div class="product_discount">30%</div></div></div><div class="cod-ico"><label class="lang">Cash on Delivery Available</label></div></a>
<a categoryid="" class="hit-ss-logger" href="http://www.snapdeal.com/product/adidas-green-printed-t-shirt/66447285?pos=17;79" ispartialsearch="false" pogid="66447285" pos="17;79" v="p"><div alt="Adidas Green Vibrant Typo Print Tee" atl="Adidas Green Vibrant Typo Print Tee" class="product-image"><img border="0" class="" lazysrc="http://n4.sdlcdn.com/imgs/a/f/6/230x258/SDL890663843_1384929744_image1-f781a.jpg" src="http://n4.sdlcdn.com/imgs/a/f/6/230x258/SDL890663843_1384929744_image1-f781a.jpg" style="opacity: 1; "/><div class="shippingImage tooltip"><span class="box"><span class="arw"></span><label class="lang dispatched-one-day-lang">Dispatched in 1 business day</label></span></div></div><div class="product_grid_cont_heading">Adidas Green Vibrant Typo Print Tee</div><div class="product_grid_cont_price_outer"><div class="product_price "><span class="originalprice ">Rs 899</span>  Rs 629</div><div class="product_discount_outer"><div class="product_discount">30%</div></div></div><div class="cod-ico"><label class="lang">Cash on Delivery Available</label></div></a>
<a categoryid="" class="hit-ss-logger" href="http://www.snapdeal.com/product/adidas-white-polo-t-shirt/116689890?pos=18;79" ispartialsearch="false" pogid="116689890" pos="18;79" v="p"><div alt="Adidas White Polo T Shirt" atl="Adidas White Polo T Shirt" class="product-image"><img border="0" class="" lazysrc="http://n4.sdlcdn.com/imgs/a/d/o/230x258/SDL477514267_1379056069_image1-cff33.jpg" src="http://n4.sdlcdn.com/imgs/a/d/o/230x258/SDL477514267_1379056069_image1-cff33.jpg" style="opacity: 1; "/><div class="shippingImage tooltip"><span class="box"><span class="arw"></span><label class="lang dispatched-one-day-lang">Dispatched in 1 business day</label></span></div></div><div class="product_grid_cont_heading">Adidas White Polo T Shirt</div><div class="product_grid_cont_price_outer"><div class="product_price "><span class="originalprice ">Rs 2399</span>  Rs 1679</div><div class="product_discount_outer"><div class="product_discount">30%</div></div></div><div class="cod-ico"><label class="lang">Cash on Delivery Available</label></div></a>
<a categoryid="" class="hit-ss-logger" href="http://www.snapdeal.com/product/adidas-navy-polo-t-shirt/165084289?pos=19;79" ispartialsearch="false" pogid="165084289" pos="19;79" v="p"><div alt="Adidas Navy Polo T Shirt" atl="Adidas Navy Polo T Shirt" class="product-image"><img border="0" class="" lazysrc="http://n3.sdlcdn.com/imgs/a/d/o/230x258/SDL495387235_1379056392_image1-d216c.jpg" src="http://n3.sdlcdn.com/imgs/a/d/o/230x258/SDL495387235_1379056392_image1-d216c.jpg" style="opacity: 1; "/><div class="shippingImage tooltip"><span class="box"><span class="arw"></span><label class="lang dispatched-one-day-lang">Dispatched in 1 business day</label></span></div></div><div class="product_grid_cont_heading">Adidas Navy Polo T Shirt</div><div class="product_grid_cont_price_outer"><div class="product_price "><span class="originalprice ">Rs 1899</span>  Rs 1329</div><div class="product_discount_outer"><div class="product_discount">30%</div></div></div><div class="cod-ico"><label class="lang">Cash on Delivery Available</label></div></a>
<a categoryid="" class="hit-ss-logger" href="http://www.snapdeal.com/product/adidas-stylish-red-polo-t/1116446477?pos=20;79" ispartialsearch="false" pogid="1116446477" pos="20;79" v="p"><div alt="Adidas Stylish Red Polo T Shirt" atl="Adidas Stylish Red Polo T Shirt" class="product-image"><img border="0" class="" lazysrc="http://n3.sdlcdn.com/imgs/a/d/o/230x258/SDL499401311_1379055768_image1-cc112.jpg" src="http://n3.sdlcdn.com/imgs/a/d/o/230x258/SDL499401311_1379055768_image1-cc112.jpg" style="opacity: 1; "/><div class="shippingImage tooltip"><span class="box"><span class="arw"></span><label class="lang dispatched-one-day-lang">Dispatched in 1 business day</label></span></div></div><div class="product_grid_cont_heading">Adidas Stylish Red Polo T Shirt</div><div class="product_grid_cont_price_outer"><div class="product_price "><span class="originalprice ">Rs 2099</span>  Rs 1469</div><div class="product_discount_outer"><div class="product_discount">30%</div></div></div><div class="cod-ico"><label class="lang">Cash on Delivery Available</label></div></a>
<a categoryid="" class="hit-ss-logger" href="http://www.snapdeal.com/product/adidas-white-striped-polo-t/2106658484?pos=21;79" ispartialsearch="false" pogid="2106658484" pos="21;79" v="p"><div alt="Adidas White Striped Polo T Shirt" atl="Adidas White Striped Polo T Shirt" class="product-image"><img border="0" class="" lazysrc="http://n2.sdlcdn.com/imgs/a/d/o/230x258/SDL859346217_1379055970_image1-a94fc.jpg" src="http://n2.sdlcdn.com/imgs/a/d/o/230x258/SDL859346217_1379055970_image1-a94fc.jpg" style="opacity: 1; "/><div class="shippingImage tooltip"><span class="box"><span class="arw"></span><label class="lang dispatched-one-day-lang">Dispatched in 1 business day</label></span></div></div><div class="product_grid_cont_heading">Adidas White Striped Polo T Shirt</div><div class="product_grid_cont_price_outer"><div class="product_price "><span class="originalprice ">Rs 2399</span>  Rs 1679</div><div class="product_discount_outer"><div class="product_discount">30%</div></div></div><div class="cod-ico"><label class="lang">Cash on Delivery Available</label></div></a>
<a categoryid="" class="hit-ss-logger" href="http://www.snapdeal.com/product/adidas-pink-striped-polo-t/398076989?pos=22;79" ispartialsearch="false" pogid="398076989" pos="22;79" v="p"><div alt="Adidas Pink Striped Polo T Shirt" atl="Adidas Pink Striped Polo T Shirt" class="product-image"><img border="0" class="" lazysrc="http://n2.sdlcdn.com/imgs/a/d/o/230x258/SDL858536586_1379055612_image1-3f47a.jpg" src="http://n2.sdlcdn.com/imgs/a/d/o/230x258/SDL858536586_1379055612_image1-3f47a.jpg" style="opacity: 1; "/><div class="shippingImage tooltip"><span class="box"><span class="arw"></span><label class="lang dispatched-one-day-lang">Dispatched in 1 business day</label></span></div></div><div class="product_grid_cont_heading">Adidas Pink Striped Polo T Shirt</div><div class="ratingStarsSmall ratingStarsBelowTitle" style="background-position: 0px -144px;"><span> (1) </span></div><div class="product_grid_cont_price_outer"><div class="product_price "><span class="originalprice ">Rs 2399</span>  Rs 1679</div><div class="product_discount_outer"><div class="product_discount">30%</div></div></div><div class="cod-ico"><label class="lang">Cash on Delivery Available</label></div></a>
<a categoryid="" class="hit-ss-logger" href="http://www.snapdeal.com/product/adidas-blue-striped-polo-t/1457352245?pos=23;79" ispartialsearch="false" pogid="1457352245" pos="23;79" v="p"><div alt="Adidas Blue Striped Polo T Shirt" atl="Adidas Blue Striped Polo T Shirt" class="product-image"><img border="0" class="" lazysrc="http://n4.sdlcdn.com/imgs/a/d/o/230x258/SDL484757431_1379055756_image1-2d827.jpg" src="http://n4.sdlcdn.com/imgs/a/d/o/230x258/SDL484757431_1379055756_image1-2d827.jpg" style="opacity: 1; "/><div class="shippingImage tooltip"><span class="box"><span class="arw"></span><label class="lang dispatched-one-day-lang">Dispatched in 1 business day</label></span></div></div><div class="product_grid_cont_heading">Adidas Blue Striped Polo T Shirt</div><div class="product_grid_cont_price_outer"><div class="product_price "><span class="originalprice ">Rs 2099</span>  Rs 1469</div><div class="product_discount_outer"><div class="product_discount">30%</div></div></div><div class="cod-ico"><label class="lang">Cash on Delivery Available</label></div></a>
<a categoryid="" class="hit-ss-logger" href="http://www.snapdeal.com/product/adidas-black-polo-t-shirt/952636981?pos=24;79" ispartialsearch="false" pogid="952636981" pos="24;79" v="p"><div alt="Adidas Black Polo T Shirt" atl="Adidas Black Polo T Shirt" class="product-image"><img border="0" class="" lazysrc="http://n1.sdlcdn.com/imgs/a/d/o/230x258/SDL471139638_1379056066_image1-c94bb.jpg" src="http://n1.sdlcdn.com/imgs/a/d/o/230x258/SDL471139638_1379056066_image1-c94bb.jpg" style="opacity: 1; "/><div class="shippingImage tooltip"><span class="box"><span class="arw"></span><label class="lang dispatched-one-day-lang">Dispatched in 1 business day</label></span></div></div><div class="product_grid_cont_heading">Adidas Black Polo T Shirt</div><div class="product_grid_cont_price_outer"><div class="product_price "><span class="originalprice ">Rs 2399</span>  Rs 1679</div><div class="product_discount_outer"><div class="product_discount">30%</div></div></div><div class="cod-ico"><label class="lang">Cash on Delivery Available</label></div></a>
<a categoryid="" class="hit-ss-logger" href="http://www.snapdeal.com/product/adidas-light-blue-polo-t/2076825774?pos=25;79" ispartialsearch="false" pogid="2076825774" pos="25;79" v="p"><div alt="Adidas Light Blue Polo T Shirt" atl="Adidas Light Blue Polo T Shirt" class="product-image"><img border="0" class="" lazysrc="http://n3.sdlcdn.com/imgs/a/d/o/230x258/SDL477036711_1379055957_image1-e571d.jpg" src="http://n3.sdlcdn.com/imgs/a/d/o/230x258/SDL477036711_1379055957_image1-e571d.jpg" style="opacity: 1; "/><div class="shippingImage tooltip"><span class="box"><span class="arw"></span><label class="lang dispatched-one-day-lang">Dispatched in 1 business day</label></span></div></div><div class="product_grid_cont_heading">Adidas Light Blue Polo T Shirt</div><div class="ratingStarsSmall ratingStarsBelowTitle" style="background-position: 0px -144px;"><span> (3) </span></div><div class="product_grid_cont_price_outer"><div class="product_price "><span class="originalprice ">Rs 2399</span>  Rs 1679</div><div class="product_discount_outer"><div class="product_discount">30%</div></div></div><div class="cod-ico"><label class="lang">Cash on Delivery Available</label></div></a>
<a categoryid="" class="hit-ss-logger" href="http://www.snapdeal.com/product/adidas-cool-black-t-shirt/2007432779?pos=26;79" ispartialsearch="false" pogid="2007432779" pos="26;79" v="p"><div alt="Adidas Cool Black T Shirt" atl="Adidas Cool Black T Shirt" class="product-image"><img border="0" class="" lazysrc="http://n1.sdlcdn.com/imgs/a/d/o/230x258/SDL885562800_1379056306_image1-6b78b.jpg" src="http://n1.sdlcdn.com/imgs/a/d/o/230x258/SDL885562800_1379056306_image1-6b78b.jpg" style="opacity: 1; "/><div class="shippingImage tooltip"><span class="box"><span class="arw"></span><label class="lang dispatched-one-day-lang">Dispatched in 1 business day</label></span></div></div><div class="product_grid_cont_heading">Adidas Cool Black T Shirt</div><div class="ratingStarsSmall ratingStarsBelowTitle" style="background-position: 0px -180px;"><span> (1) </span></div><div class="product_grid_cont_price_outer"><div class="product_price "><span class="originalprice ">Rs 999</span>  Rs 749</div><div class="product_discount_outer"><div class="product_discount">25%</div></div></div><div class="cod-ico"><label class="lang">Cash on Delivery Available</label></div></a>
<a categoryid="" class="hit-ss-logger" href="http://www.snapdeal.com/product/adidas-light-grey-logo-print/1486392011?pos=27;79" ispartialsearch="false" pogid="1486392011" pos="27;79" v="p"><div alt="Adidas Light Grey Logo Print T Shirt" atl="Adidas Light Grey Logo Print T Shirt" class="product-image"><img border="0" class="" lazysrc="http://n2.sdlcdn.com/imgs/a/d/7/230x258/SDL882453299_1379056348_image1-cd1e1.jpg" src="http://n2.sdlcdn.com/imgs/a/d/7/230x258/SDL882453299_1379056348_image1-cd1e1.jpg" style="opacity: 1; "/><div class="shippingImage tooltip"><span class="box"><span class="arw"></span><label class="lang dispatched-one-day-lang">Dispatched in 1 business day</label></span></div></div><div class="product_grid_cont_heading">Adidas Light Grey Logo Print T Shirt</div><div class="ratingStarsSmall ratingStarsBelowTitle" style="background-position: 0px -108px;"><span> (2) </span></div><div class="product_grid_cont_price_outer"><div class="product_price "><span class="originalprice ">Rs 699</span>  Rs 524</div><div class="product_discount_outer"><div class="product_discount">25%</div></div></div><div class="cod-ico"><label class="lang">Cash on Delivery Available</label></div></a>
<a categoryid="" class="hit-ss-logger" href="http://www.snapdeal.com/product/adidas-white-printed-t-shirt/1743731557?pos=28;79" ispartialsearch="false" pogid="1743731557" pos="28;79" v="p"><div alt="Adidas White Printed T Shirt" atl="Adidas White Printed T Shirt" class="product-image"><img border="0" class="" lazysrc="http://n2.sdlcdn.com/imgs/a/d/o/230x258/SDL862388694_1379055829_image1-a5ffc.jpg" src="http://n2.sdlcdn.com/imgs/a/d/o/230x258/SDL862388694_1379055829_image1-a5ffc.jpg" style="opacity: 1; "/><div class="shippingImage tooltip"><span class="box"><span class="arw"></span><label class="lang dispatched-one-day-lang">Dispatched in 1 business day</label></span></div></div><div class="product_grid_cont_heading">Adidas White Printed T Shirt</div><div class="product_grid_cont_price_outer"><div class="product_price "><span class="originalprice ">Rs 1199</span>  Rs 899</div><div class="product_discount_outer"><div class="product_discount">25%</div></div></div><div class="cod-ico"><label class="lang">Cash on Delivery Available</label></div></a>
<a categoryid="" class="hit-ss-logger" href="http://www.snapdeal.com/product/adidas-white-printed-t-shirt/1956965693?pos=29;79" ispartialsearch="false" pogid="1956965693" pos="29;79" v="p"><div alt="Adidas White Printed T Shirt" atl="Adidas White Printed T Shirt" class="product-image"><img border="0" class="" lazysrc="http://n3.sdlcdn.com/imgs/a/d/o/230x258/SDL893075583_1379056618_image1-a28e5.jpg" src="http://n3.sdlcdn.com/imgs/a/d/o/230x258/SDL893075583_1379056618_image1-a28e5.jpg" style="opacity: 1; "/><div class="shippingImage tooltip"><span class="box"><span class="arw"></span><label class="lang dispatched-one-day-lang">Dispatched in 1 business day</label></span></div></div><div class="product_grid_cont_heading">Adidas White Printed T Shirt</div><div class="ratingStarsSmall ratingStarsBelowTitle" style="background-position: 0px -162px;"><span> (2) </span></div><div class="product_grid_cont_price_outer"><div class="product_price "><span class="originalprice ">Rs 1099</span>  Rs 824</div><div class="product_discount_outer"><div class="product_discount">25%</div></div></div><div class="cod-ico"><label class="lang">Cash on Delivery Available</label></div></a>
<a categoryid="" class="hit-ss-logger" href="http://www.snapdeal.com/product/adidas-dark-blue-striped-half/1605626180?pos=30;79" ispartialsearch="false" pogid="1605626180" pos="30;79" v="p"><div alt="Adidas Dark Blue Striped Half Sweater" atl="Adidas Dark Blue Striped Half Sweater" class="product-image"><img border="0" class="" lazysrc="http://n2.sdlcdn.com/imgs/a/d/7/230x258/SDL599934850_1379074154_image1-79f67.jpg" src="http://n2.sdlcdn.com/imgs/a/d/7/230x258/SDL599934850_1379074154_image1-79f67.jpg" style="opacity: 1; "/><div class="shippingImage tooltip"><span class="box"><span class="arw"></span><label class="lang dispatched-one-day-lang">Dispatched in 1 business day</label></span></div></div><div class="product_grid_cont_heading">Adidas Dark Blue Striped Half Sweater</div><div class="product_grid_cont_price_outer"><div class="product_price "><span class="originalprice ">Rs 2499</span>  Rs 1749</div><div class="product_discount_outer"><div class="product_discount">30%</div></div></div><div class="cod-ico"><label class="lang">Cash on Delivery Available</label></div></a>
<a categoryid="" class="hit-ss-logger" href="http://www.snapdeal.com/product/adidas-white-striped-polo-t/937873310?pos=31;79" ispartialsearch="false" pogid="937873310" pos="31;79" v="p"><div alt="Adidas White Striped Polo T Shirt" atl="Adidas White Striped Polo T Shirt" class="product-image"><img border="0" src="http://n2.sdlcdn.com/imgs/a/d/o/230x258/SDL490094970_1379056094_image1-a2f2e.jpg" style="opacity: 1; "/><div class="shippingImage tooltip"><span class="box"><span class="arw"></span><label class="lang dispatched-one-day-lang">Dispatched in 1 business day</label></span></div></div><div class="product_grid_cont_heading">Adidas White Striped Polo T Shirt</div><div class="product_grid_cont_price_outer"><div class="product_price "><span class="originalprice ">Rs 2099</span>  Rs 1469</div><div class="product_discount_outer"><div class="product_discount">30%</div></div></div><div class="cod-ico"><label class="lang">Cash on Delivery Available</label></div></a>
<a categoryid="" class="hit-ss-logger" href="http://www.snapdeal.com/product/adidas-dark-blue-polo-t/817283348?pos=32;79" ispartialsearch="false" pogid="817283348" pos="32;79" v="p"><div alt="Adidas Dark Blue Polo T Shirt" atl="Adidas Dark Blue Polo T Shirt" class="product-image"><img border="0" class="" lazysrc="http://n2.sdlcdn.com/imgs/a/d/o/230x258/SDL479790028_1379056580_image1-7ede1.jpg" src="http://n2.sdlcdn.com/imgs/a/d/o/230x258/SDL479790028_1379056580_image1-7ede1.jpg" style="opacity: 1; "/><div class="shippingImage tooltip"><span class="box"><span class="arw"></span><label class="lang dispatched-one-day-lang">Dispatched in 1 business day</label></span></div></div><div class="product_grid_cont_heading">Adidas Dark Blue Polo T Shirt</div><div class="product_grid_cont_price_outer"><div class="product_price "><span class="originalprice ">Rs 2399</span>  Rs 1679</div><div class="product_discount_outer"><div class="product_discount">30%</div></div></div><div class="cod-ico"><label class="lang">Cash on Delivery Available</label></div></a>
<a categoryid="" class="hit-ss-logger" href="http://www.snapdeal.com/product/adidas-white-polo-t-shirt/483560825?pos=33;79" ispartialsearch="false" pogid="483560825" pos="33;79" v="p"><div alt="Adidas White Polo T Shirt" atl="Adidas White Polo T Shirt" class="product-image"><img border="0" class="" lazysrc="http://n1.sdlcdn.com/imgs/a/d/o/230x258/SDL857342534_1379056121_image1-56fa9.jpg" src="http://n1.sdlcdn.com/imgs/a/d/o/230x258/SDL857342534_1379056121_image1-56fa9.jpg" style="opacity: 1; "/><div class="shippingImage tooltip"><span class="box"><span class="arw"></span><label class="lang dispatched-one-day-lang">Dispatched in 1 business day</label></span></div></div><div class="product_grid_cont_heading">Adidas White Polo T Shirt</div><div class="product_grid_cont_price_outer"><div class="product_price "><span class="originalprice ">Rs 2499</span>  Rs 1749</div><div class="product_discount_outer"><div class="product_discount">30%</div></div></div><div class="cod-ico"><label class="lang">Cash on Delivery Available</label></div></a>
<a categoryid="" class="hit-ss-logger" href="http://www.snapdeal.com/product/adidas-yellow-soft-touch-polo/1804743371?pos=34;79" ispartialsearch="false" pogid="1804743371" pos="34;79" v="p"><div alt="Adidas Yellow Soft Touch Polo T Shirt" atl="Adidas Yellow Soft Touch Polo T Shirt" class="product-image"><img border="0" class="" lazysrc="http://n2.sdlcdn.com/imgs/a/d/o/230x258/SDL480098585_1379056219_image1-b296c.jpg" src="http://n2.sdlcdn.com/imgs/a/d/o/230x258/SDL480098585_1379056219_image1-b296c.jpg" style="opacity: 1; "/><div class="shippingImage tooltip"><span class="box"><span class="arw"></span><label class="lang dispatched-one-day-lang">Dispatched in 1 business day</label></span></div></div><div class="product_grid_cont_heading">Adidas Yellow Soft Touch Polo T Shirt</div><div class="product_grid_cont_price_outer"><div class="product_price "><span class="originalprice ">Rs 2399</span>  Rs 1679</div><div class="product_discount_outer"><div class="product_discount">30%</div></div></div><div class="cod-ico"><label class="lang">Cash on Delivery Available</label></div></a>
<a categoryid="" class="hit-ss-logger" href="http://www.snapdeal.com/product/adidas-stylish-navy-polo-t/1201067029?pos=35;79" ispartialsearch="false" pogid="1201067029" pos="35;79" v="p"><div alt="Adidas Stylish Navy Polo T Shirt" atl="Adidas Stylish Navy Polo T Shirt" class="product-image"><img border="0" class="" lazysrc="http://n2.sdlcdn.com/imgs/a/d/o/230x258/SDL498357722_1379056482_image1-d555a.jpg" src="http://n2.sdlcdn.com/imgs/a/d/o/230x258/SDL498357722_1379056482_image1-d555a.jpg" style="opacity: 1; "/><div class="shippingImage tooltip"><span class="box"><span class="arw"></span><label class="lang dispatched-one-day-lang">Dispatched in 1 business day</label></span></div></div><div class="product_grid_cont_heading">Adidas Stylish Navy Polo T Shirt</div><div class="ratingStarsSmall ratingStarsBelowTitle" style="background-position: 0px -144px;"><span> (1) </span></div><div class="product_grid_cont_price_outer"><div class="product_price "><span class="originalprice ">Rs 2099</span>  Rs 1469</div><div class="product_discount_outer"><div class="product_discount">30%</div></div></div><div class="cod-ico"><label class="lang">Cash on Delivery Available</label></div></a>
<a categoryid="" class="hit-ss-logger" href="http://www.snapdeal.com/product/adidas-white-yarn-dyed-stripe/1692007181?pos=36;79" ispartialsearch="false" pogid="1692007181" pos="36;79" v="p"><div alt="Adidas White Yarn Dyed Stripe Polo T Shirt" atl="Adidas White Yarn Dyed Stripe Polo T Shirt" class="product-image"><img border="0" class="" lazysrc="http://n3.sdlcdn.com/imgs/a/d/o/230x258/SDL858256829_1379055437_image1-007a2.jpg" src="http://n3.sdlcdn.com/imgs/a/d/o/230x258/SDL858256829_1379055437_image1-007a2.jpg" style="opacity: 1; "/><div class="shippingImage tooltip"><span class="box"><span class="arw"></span><label class="lang dispatched-one-day-lang">Dispatched in 1 business day</label></span></div></div><div class="product_grid_cont_heading">Adidas White Yarn Dyed Stripe Polo T Shirt</div><div class="product_grid_cont_price_outer"><div class="product_price "><span class="originalprice ">Rs 2399</span>  Rs 1679</div><div class="product_discount_outer"><div class="product_discount">30%</div></div></div><div class="cod-ico"><label class="lang">Cash on Delivery Available</label></div></a>
<a categoryid="" class="hit-ss-logger" href="http://www.snapdeal.com/product/adidas-red-selfstriped-polo-t/649438694?pos=37;79" ispartialsearch="false" pogid="649438694" pos="37;79" v="p"><div alt="Adidas Red Self-Striped Polo T Shirt" atl="Adidas Red Self-Striped Polo T Shirt" class="product-image"><img border="0" class="" lazysrc="http://n3.sdlcdn.com/imgs/a/d/o/230x258/SDL481553071_1379056396_image1-55471.jpg" src="http://n3.sdlcdn.com/imgs/a/d/o/230x258/SDL481553071_1379056396_image1-55471.jpg" style="opacity: 1; "/><div class="shippingImage tooltip"><span class="box"><span class="arw"></span><label class="lang dispatched-one-day-lang">Dispatched in 1 business day</label></span></div></div><div class="product_grid_cont_heading">Adidas Red Self-Striped Polo T Shirt</div><div class="product_grid_cont_price_outer"><div class="product_price "><span class="originalprice ">Rs 1799</span>  Rs 1259</div><div class="product_discount_outer"><div class="product_discount">30%</div></div></div><div class="cod-ico"><label class="lang">Cash on Delivery Available</label></div></a>
<a categoryid="" class="hit-ss-logger" href="http://www.snapdeal.com/product/adidas-white-polo-t-shirt/805294166?pos=38;79" ispartialsearch="false" pogid="805294166" pos="38;79" v="p"><div alt="Adidas White Polo T Shirt" atl="Adidas White Polo T Shirt" class="product-image"><img border="0" class="" lazysrc="http://n1.sdlcdn.com/imgs/a/d/o/230x258/SDL493560853_1379056510_image1-022d3.jpg" src="http://n1.sdlcdn.com/imgs/a/d/o/230x258/SDL493560853_1379056510_image1-022d3.jpg" style="opacity: 1; "/><div class="shippingImage tooltip"><span class="box"><span class="arw"></span><label class="lang dispatched-one-day-lang">Dispatched in 1 business day</label></span></div></div><div class="product_grid_cont_heading">Adidas White Polo T Shirt</div><div class="product_grid_cont_price_outer"><div class="product_price "><span class="originalprice ">Rs 1899</span>  Rs 1329</div><div class="product_discount_outer"><div class="product_discount">30%</div></div></div><div class="cod-ico"><label class="lang">Cash on Delivery Available</label></div></a>
<a categoryid="" class="hit-ss-logger" href="http://www.snapdeal.com/product/adidas-double-shade-light-grey/682396262?pos=39;79" ispartialsearch="false" pogid="682396262" pos="39;79" v="p"><div alt="Adidas Double Shade Light Grey Polo T Shirt" atl="Adidas Double Shade Light Grey Polo T Shirt" class="product-image"><img border="0" class="" lazysrc="http://n4.sdlcdn.com/imgs/a/d/o/230x258/SDL856757216_1379055811_image1-9369f.jpg" src="http://n4.sdlcdn.com/imgs/a/d/o/230x258/SDL856757216_1379055811_image1-9369f.jpg" style="opacity: 1; "/><div class="shippingImage tooltip"><span class="box"><span class="arw"></span><label class="lang dispatched-one-day-lang">Dispatched in 1 business day</label></span></div></div><div class="product_grid_cont_heading">Adidas Double Shade Light Grey Polo T Shirt</div><div class="product_grid_cont_price_outer"><div class="product_price "><span class="originalprice ">Rs 2299</span>  Rs 1609</div><div class="product_discount_outer"><div class="product_discount">30%</div></div></div><div class="cod-ico"><label class="lang">Cash on Delivery Available</label></div></a>
<a categoryid="" class="hit-ss-logger" href="http://www.snapdeal.com/product/adidas-grey-panelled-polo-t/1957220608?pos=40;79" ispartialsearch="false" pogid="1957220608" pos="40;79" v="p"><div alt="Adidas Grey Panelled Polo T Shirt" atl="Adidas Grey Panelled Polo T Shirt" class="product-image"><img border="0" class="" lazysrc="http://n2.sdlcdn.com/imgs/a/d/7/230x258/SDL884233955_1379056077_image1-a3e76.jpg" src="http://n2.sdlcdn.com/imgs/a/d/7/230x258/SDL884233955_1379056077_image1-a3e76.jpg" style="opacity: 1; "/><div class="shippingImage tooltip"><span class="box"><span class="arw"></span><label class="lang dispatched-one-day-lang">Dispatched in 1 business day</label></span></div></div><div class="product_grid_cont_heading">Adidas Grey Panelled Polo T Shirt</div><div class="product_grid_cont_price_outer"><div class="product_price "><span class="originalprice ">Rs 999</span>  Rs 699</div><div class="product_discount_outer"><div class="product_discount">30%</div></div></div><div class="cod-ico"><label class="lang">Cash on Delivery Available</label></div></a>
<a categoryid="" class="hit-ss-logger" href="http://www.snapdeal.com/product/adidas-blue-polo-t-shirt/196966513?pos=41;79" ispartialsearch="false" pogid="196966513" pos="41;79" v="p"><div alt="Adidas Blue Polo T Shirt" atl="Adidas Blue Polo T Shirt" class="product-image"><img border="0" class="" lazysrc="http://n4.sdlcdn.com/imgs/a/d/o/230x258/SDL472018083_1379055968_image1-083a2.jpg" src="http://n4.sdlcdn.com/imgs/a/d/o/230x258/SDL472018083_1379055968_image1-083a2.jpg" style="opacity: 1; "/><div class="shippingImage tooltip"><span class="box"><span class="arw"></span><label class="lang dispatched-one-day-lang">Dispatched in 1 business day</label></span></div></div><div class="product_grid_cont_heading">Adidas Blue Polo T Shirt</div><div class="product_grid_cont_price_outer"><div class="product_price "><span class="originalprice ">Rs 2399</span>  Rs 1679</div><div class="product_discount_outer"><div class="product_discount">30%</div></div></div><div class="cod-ico"><label class="lang">Cash on Delivery Available</label></div></a>
<a categoryid="" class="hit-ss-logger" href="http://www.snapdeal.com/product/adidas-purple-polo-t-shirt/1273377078?pos=42;79" ispartialsearch="false" pogid="1273377078" pos="42;79" v="p"><div alt="Adidas Purple Polo T Shirt" atl="Adidas Purple Polo T Shirt" class="product-image"><img border="0" class="" lazysrc="http://n1.sdlcdn.com/imgs/a/d/o/230x258/SDL861751140_1379056000_image1-d62d7.jpg" src="http://n1.sdlcdn.com/imgs/a/d/o/230x258/SDL861751140_1379056000_image1-d62d7.jpg" style="opacity: 1; "/><div class="shippingImage tooltip"><span class="box"><span class="arw"></span><label class="lang dispatched-one-day-lang">Dispatched in 1 business day</label></span></div></div><div class="product_grid_cont_heading">Adidas Purple Polo T Shirt</div><div class="ratingStarsSmall ratingStarsBelowTitle" style="background-position: 0px -108px;"><span> (1) </span></div><div class="product_grid_cont_price_outer"><div class="product_price "><span class="originalprice ">Rs 1199</span>  Rs 839</div><div class="product_discount_outer"><div class="product_discount">30%</div></div></div><div class="cod-ico"><label class="lang">Cash on Delivery Available</label></div></a>
<a categoryid="" class="hit-ss-logger" href="http://www.snapdeal.com/product/adidas-cool-white-polo-t/2092272481?pos=43;79" ispartialsearch="false" pogid="2092272481" pos="43;79" v="p"><div alt="Adidas Cool White Polo T Shirt" atl="Adidas Cool White Polo T Shirt" class="product-image"><img border="0" class="" lazysrc="http://n4.sdlcdn.com/imgs/a/d/o/230x258/SDL495949620_1379056267_image1-9b63b.jpg" src="http://n4.sdlcdn.com/imgs/a/d/o/230x258/SDL495949620_1379056267_image1-9b63b.jpg" style="opacity: 1; "/></div><div class="product_grid_cont_heading">Adidas Cool White Polo T Shirt</div><div class="product_grid_cont_price_outer"><div class="product_price "><span class="originalprice ">Rs 1599</span>  Rs 1119</div><div class="product_discount_outer"><div class="product_discount">30%</div></div></div><div class="cod-ico"><label class="lang">Cash on Delivery Available</label></div></a>
<a categoryid="" class="hit-ss-logger" href="http://www.snapdeal.com/product/adidas-black-tennis-polo-t/914673904?pos=44;79" ispartialsearch="false" pogid="914673904" pos="44;79" v="p"><div alt="Adidas Black Tennis Polo T Shirt" atl="Adidas Black Tennis Polo T Shirt" class="product-image"><img border="0" class="" lazysrc="http://n4.sdlcdn.com/imgs/a/d/7/230x258/SDL864397165_1379055750_image1-c4b44.jpg" src="http://n4.sdlcdn.com/imgs/a/d/7/230x258/SDL864397165_1379055750_image1-c4b44.jpg" style="opacity: 1; "/><div class="shippingImage tooltip"><span class="box"><span class="arw"></span><label class="lang dispatched-one-day-lang">Dispatched in 1 business day</label></span></div></div><div class="product_grid_cont_heading">Adidas Black Tennis Polo T Shirt</div><div class="product_grid_cont_price_outer"><div class="product_price "><span class="originalprice ">Rs 1399</span>  Rs 1049</div><div class="product_discount_outer"><div class="product_discount">25%</div></div></div><div class="cod-ico"><label class="lang">Cash on Delivery Available</label></div></a>
<a categoryid="" class="hit-ss-logger" href="http://www.snapdeal.com/product/adidas-yellow-striped-polo-t/1308487002?pos=45;79" ispartialsearch="false" pogid="1308487002" pos="45;79" v="p"><div alt="Adidas Yellow Striped Polo T Shirt" atl="Adidas Yellow Striped Polo T Shirt" class="product-image"><img border="0" class="" lazysrc="http://n2.sdlcdn.com/imgs/a/d/o/230x258/SDL858855833_1379055541_image1-b8490.jpg" src="http://n2.sdlcdn.com/imgs/a/d/o/230x258/SDL858855833_1379055541_image1-b8490.jpg" style="opacity: 1; "/><div class="shippingImage tooltip"><span class="box"><span class="arw"></span><label class="lang dispatched-one-day-lang">Dispatched in 1 business day</label></span></div></div><div class="product_grid_cont_heading">Adidas Yellow Striped Polo T Shirt</div><div class="product_grid_cont_price_outer"><div class="product_price "><span class="originalprice ">Rs 2399</span>  Rs 1679</div><div class="product_discount_outer"><div class="product_discount">30%</div></div></div><div class="cod-ico"><label class="lang">Cash on Delivery Available</label></div></a>
<a categoryid="" class="hit-ss-logger" href="http://www.snapdeal.com/product/adidas-light-grey-printed-t/965121509?pos=46;79" ispartialsearch="false" pogid="965121509" pos="46;79" v="p"><div alt="Adidas Light Grey Printed ClimaLite Tee" atl="Adidas Light Grey Printed ClimaLite Tee" class="product-image"><img border="0" src="http://n4.sdlcdn.com/imgs/a/f/6/230x258/SDL891956321_1384929740_image1-3e446.jpg" style="opacity: 1; "/><div class="shippingImage tooltip"><span class="box"><span class="arw"></span><label class="lang dispatched-one-day-lang">Dispatched in 1 business day</label></span></div></div><div class="product_grid_cont_heading">Adidas Light Grey Printed ClimaLite Tee</div><div class="ratingStarsSmall ratingStarsBelowTitle" style="background-position: 0px -180px;"><span> (2) </span></div><div class="product_grid_cont_price_outer"><div class="product_price "><span class="originalprice ">Rs 1099</span>  Rs 769</div><div class="product_discount_outer"><div class="product_discount">30%</div></div></div><div class="cod-ico"><label class="lang">Cash on Delivery Available</label></div></a>
<a categoryid="" class="hit-ss-logger" href="http://www.snapdeal.com/product/adidas-red-striped-polo-t/452862641?pos=47;79" ispartialsearch="false" pogid="452862641" pos="47;79" v="p"><div alt="Adidas Red Striped Polo T Shirt" atl="Adidas Red Striped Polo T Shirt" class="product-image"><img border="0" class="" lazysrc="http://n1.sdlcdn.com/imgs/a/d/o/230x258/SDL487566139_1379056475_image1-95375.jpg" src="http://n1.sdlcdn.com/imgs/a/d/o/230x258/SDL487566139_1379056475_image1-95375.jpg" style="opacity: 1; "/><div class="shippingImage tooltip"><span class="box"><span class="arw"></span><label class="lang dispatched-one-day-lang">Dispatched in 1 business day</label></span></div></div><div class="product_grid_cont_heading">Adidas Red Striped Polo T Shirt</div><div class="product_grid_cont_price_outer"><div class="product_price "><span class="originalprice ">Rs 2099</span>  Rs 1469</div><div class="product_discount_outer"><div class="product_discount">30%</div></div></div><div class="cod-ico"><label class="lang">Cash on Delivery Available</label></div></a>
<a categoryid="" class="hit-ss-logger" href="http://www.snapdeal.com/product/adidas-black-sleeveless-basketball-tshirt/1755841495?pos=48;79" ispartialsearch="false" pogid="1755841495" pos="48;79" v="p"><div alt="Adidas Black Sleeveless Basketball T-Shirt" atl="Adidas Black Sleeveless Basketball T-Shirt" class="product-image"><img border="0" class="" lazysrc="http://n2.sdlcdn.com/imgs/a/d/o/230x258/SDL860355366_1379055256_image1-e58bc.jpg" src="http://n2.sdlcdn.com/imgs/a/d/o/230x258/SDL860355366_1379055256_image1-e58bc.jpg" style="opacity: 1; "/></div><div class="product_grid_cont_heading">Adidas Black Sleeveless Basketball T-Shirt</div><div class="ratingStarsSmall ratingStarsBelowTitle" style="background-position: 0px -144px;"><span> (2) </span></div><div class="product_grid_cont_price_outer"><div class="product_price "><span class="originalprice ">Rs 999</span>  Rs 749</div><div class="product_discount_outer"><div class="product_discount">25%</div></div></div><div class="cod-ico"><label class="lang">Cash on Delivery Available</label></div></a>
<a categoryid="" class="hit-ss-logger" href="http://www.snapdeal.com/product/adidas-exclusive-white-t-shirt/1623363815?pos=49;79" ispartialsearch="false" pogid="1623363815" pos="49;79" v="p"><div alt="Adidas Exclusive White T Shirt" atl="Adidas Exclusive White T Shirt" class="product-image"><img border="0" class="" lazysrc="http://n1.sdlcdn.com/imgs/a/d/o/230x258/SDL468054732_1379056193_image1-77f6b.jpg" src="http://n1.sdlcdn.com/imgs/a/d/o/230x258/SDL468054732_1379056193_image1-77f6b.jpg" style="opacity: 1; "/></div><div class="product_grid_cont_heading">Adidas Exclusive White T Shirt</div><div class="product_grid_cont_price_outer"><div class="product_price "><span class="originalprice ">Rs 1199</span>  Rs 899</div><div class="product_discount_outer"><div class="product_discount">25%</div></div></div><div class="cod-ico"><label class="lang">Cash on Delivery Available</label></div></a>
<a categoryid="" class="hit-ss-logger" href="http://www.snapdeal.com/product/adidas-dark-blue-sporty-patch/1203381795?pos=50;79" ispartialsearch="false" pogid="1203381795" pos="50;79" v="p"><div alt="Adidas Dark Blue Sporty Patch Shoulder T Shirt" atl="Adidas Dark Blue Sporty Patch Shoulder T Shirt" class="product-image"><img border="0" class="" lazysrc="http://n2.sdlcdn.com/imgs/a/e/5/230x258/SDL891079906_1379056119_image1-7e93d.jpg" src="http://n2.sdlcdn.com/imgs/a/e/5/230x258/SDL891079906_1379056119_image1-7e93d.jpg" style="opacity: 1; "/><div class="shippingImage tooltip"><span class="box"><span class="arw"></span><label class="lang dispatched-one-day-lang">Dispatched in 1 business day</label></span></div><div class="soldout prod-grid-sold-out-lang"></div></div><div class="product_grid_cont_heading">Adidas Dark Blue Sporty Patch Shoulder T Shirt</div><div class="ratingStarsSmall ratingStarsBelowTitle" style="background-position: 0px -180px;"><span> (2) </span></div><div class="product_grid_cont_price_outer"><div class="product_price "><span class="originalprice ">Rs 999</span>  Rs 699</div><div class="product_discount_outer"><div class="product_discount">30%</div></div></div><div class="cod-ico"><label class="lang">Cash on Delivery Available</label></div></a>
<a categoryid="" class="hit-ss-logger" href="http://www.snapdeal.com/product/adidas-light-grey-signature-cotton/1725107572?pos=51;79" ispartialsearch="false" pogid="1725107572" pos="51;79" v="p"><div alt="Adidas Light Grey Signature Cotton Tracks" atl="Adidas Light Grey Signature Cotton Tracks" class="product-image"><img border="0" class="" lazysrc="http://n1.sdlcdn.com/imgs/a/f/4/230x258/SDL624881833_1384777523_image1-7b342.jpg" src="http://n1.sdlcdn.com/imgs/a/f/4/230x258/SDL624881833_1384777523_image1-7b342.jpg" style="opacity: 1; "/><div class="shippingImage tooltip"><span class="box"><span class="arw"></span><label class="lang dispatched-one-day-lang">Dispatched in 1 business day</label></span></div><div class="soldout prod-grid-sold-out-lang"></div></div><div class="product_grid_cont_heading">Adidas Light Grey Signature Cotton Tracks</div><div class="ratingStarsSmall ratingStarsBelowTitle" style="background-position: 0px -180px;"><span> (1) </span></div><div class="product_grid_cont_price_outer"><div class="product_price "><span class="originalprice ">Rs 1899</span>  Rs 1424</div><div class="product_discount_outer"><div class="product_discount">25%</div></div></div><div class="cod-ico"><label class="lang">Cash on Delivery Available</label></div></a>
<a categoryid="" class="hit-ss-logger" href="http://www.snapdeal.com/product/adidas-medium-blue-tennis-polo/771702087?pos=52;79" ispartialsearch="false" pogid="771702087" pos="52;79" v="p"><div alt="Adidas Medium Blue Tennis Polo T Shirt" atl="Adidas Medium Blue Tennis Polo T Shirt" class="product-image"><img border="0" class="" lazysrc="http://n3.sdlcdn.com/imgs/a/d/o/230x258/SDL864510866_1379055944_image1-27494.jpg" src="http://n3.sdlcdn.com/imgs/a/d/o/230x258/SDL864510866_1379055944_image1-27494.jpg" style="opacity: 1; "/><div class="soldout prod-grid-sold-out-lang"></div></div><div class="product_grid_cont_heading">Adidas Medium Blue Tennis Polo T Shirt</div><div class="product_grid_cont_price_outer"><div class="product_price "><span class="originalprice ">Rs 1399</span>  Rs 1049</div><div class="product_discount_outer"><div class="product_discount">25%</div></div></div><div class="cod-ico"><label class="lang">Cash on Delivery Available</label></div></a>
<a categoryid="" class="hit-ss-logger" href="http://www.snapdeal.com/product/adidas-black-sporty-tri-band/534857791?pos=53;79" ispartialsearch="false" pogid="534857791" pos="53;79" v="p"><div alt="Adidas Black Sporty Tri- Band Shorts" atl="Adidas Black Sporty Tri- Band Shorts" class="product-image"><img border="0" class="" lazysrc="http://n2.sdlcdn.com/imgs/a/d/o/230x258/SDL832500687_1379333442_image1-a2ec3.jpg" src="http://n2.sdlcdn.com/imgs/a/d/o/230x258/SDL832500687_1379333442_image1-a2ec3.jpg" style="opacity: 1; "/><div class="soldout prod-grid-sold-out-lang"></div></div><div class="product_grid_cont_heading">Adidas Black Sporty Tri- Band Shorts</div><div class="product_grid_cont_price_outer"><div class="product_price "><span class="originalprice ">Rs 999</span>  Rs 749</div><div class="product_discount_outer"><div class="product_discount">25%</div></div></div><div class="cod-ico"><label class="lang">Cash on Delivery Available</label></div></a>
<a categoryid="" class="hit-ss-logger" href="http://www.snapdeal.com/product/adidas-red-barcelona-soccer-t/283621751?pos=54;79" ispartialsearch="false" pogid="283621751" pos="54;79" v="p"><div alt="Adidas Red Barcelona Soccer T Shirt" atl="Adidas Red Barcelona Soccer T Shirt" class="product-image"><img border="0" class="" lazysrc="http://n4.sdlcdn.com/imgs/a/d/o/230x258/SDL895454376_1379055421_image1-bcef4.jpg" src="http://n4.sdlcdn.com/imgs/a/d/o/230x258/SDL895454376_1379055421_image1-bcef4.jpg" style="opacity: 1; "/><div class="shippingImage tooltip"><span class="box"><span class="arw"></span><label class="lang dispatched-one-day-lang">Dispatched in 1 business day</label></span></div><div class="soldout prod-grid-sold-out-lang"></div></div><div class="product_grid_cont_heading">Adidas Red Barcelona Soccer T Shirt</div><div class="product_grid_cont_price_outer"><div class="product_price "><span class="originalprice ">Rs 1299</span>  Rs 974</div><div class="product_discount_outer"><div class="product_discount">25%</div></div></div><div class="cod-ico"><label class="lang">Cash on Delivery Available</label></div></a>
<a categoryid="" class="hit-ss-logger" href="http://www.snapdeal.com/product/adidas-black-sporty-lightweight-shorts/1502051326?pos=55;79" ispartialsearch="false" pogid="1502051326" pos="55;79" v="p"><div alt="Adidas Black Sporty Lightweight Shorts" atl="Adidas Black Sporty Lightweight Shorts" class="product-image"><img border="0" class="" lazysrc="http://n3.sdlcdn.com/imgs/a/d/o/230x258/SDL827332958_1379333645_image1-6ce2b.jpg" src="http://n3.sdlcdn.com/imgs/a/d/o/230x258/SDL827332958_1379333645_image1-6ce2b.jpg" style="opacity: 1; "/><div class="shippingImage tooltip"><span class="box"><span class="arw"></span><label class="lang dispatched-one-day-lang">Dispatched in 1 business day</label></span></div><div class="soldout prod-grid-sold-out-lang"></div></div><div class="product_grid_cont_heading">Adidas Black Sporty Lightweight Shorts</div><div class="ratingStarsSmall ratingStarsBelowTitle" style="background-position: 0px -180px;"><span> (1) </span></div><div class="product_grid_cont_price_outer"><div class="product_price "><span class="originalprice ">Rs 999</span>  Rs 749</div><div class="product_discount_outer"><div class="product_discount">25%</div></div></div><div class="cod-ico"><label class="lang">Cash on Delivery Available</label></div></a>
<a categoryid="" class="hit-ss-logger" href="http://www.snapdeal.com/product/adidas-white-cool-tennis-t/1221851898?pos=56;79" ispartialsearch="false" pogid="1221851898" pos="56;79" v="p"><div alt="Adidas White Cool Tennis T Shirt" atl="Adidas White Cool Tennis T Shirt" class="product-image"><img border="0" class="" lazysrc="http://n3.sdlcdn.com/imgs/a/d/o/230x258/SDL880243126_1379056108_image1-29c21.jpg" src="http://n3.sdlcdn.com/imgs/a/d/o/230x258/SDL880243126_1379056108_image1-29c21.jpg" style="opacity: 1; "/><div class="shippingImage tooltip"><span class="box"><span class="arw"></span><label class="lang dispatched-one-day-lang">Dispatched in 1 business day</label></span></div><div class="soldout prod-grid-sold-out-lang"></div></div><div class="product_grid_cont_heading">Adidas White Cool Tennis T Shirt</div><div class="product_grid_cont_price_outer"><div class="product_price "><span class="originalprice ">Rs 999</span>  Rs 749</div><div class="product_discount_outer"><div class="product_discount">25%</div></div></div><div class="cod-ico"><label class="lang">Cash on Delivery Available</label></div></a>
<a categoryid="" class="hit-ss-logger" href="http://www.snapdeal.com/product/adidas-white-workout-shorts/1639388196?pos=57;79" ispartialsearch="false" pogid="1639388196" pos="57;79" v="p"><div alt="Adidas White Workout Shorts" atl="Adidas White Workout Shorts" class="product-image"><img border="0" class="" lazysrc="http://n1.sdlcdn.com/imgs/a/d/o/230x258/SDL830050547_1379333659_image1-4bcc8.jpg" src="http://n1.sdlcdn.com/imgs/a/d/o/230x258/SDL830050547_1379333659_image1-4bcc8.jpg" style="opacity: 1; "/><div class="soldout prod-grid-sold-out-lang"></div></div><div class="product_grid_cont_heading">Adidas White Workout Shorts</div><div class="ratingStarsSmall ratingStarsBelowTitle" style="background-position: 0px -144px;"><span> (1) </span></div><div class="product_grid_cont_price_outer"><div class="product_price "><span class="originalprice ">Rs 1299</span>  Rs 974</div><div class="product_discount_outer"><div class="product_discount">25%</div></div></div><div class="cod-ico"><label class="lang">Cash on Delivery Available</label></div></a>
<a categoryid="" class="hit-ss-logger" href="http://www.snapdeal.com/product/adidas-black-sporty-mesh-knit/1623603329?pos=58;79" ispartialsearch="false" pogid="1623603329" pos="58;79" v="p"><div alt="Adidas Black Sporty Mesh Knit T Shirt" atl="Adidas Black Sporty Mesh Knit T Shirt" class="product-image"><img border="0" class="" lazysrc="http://n1.sdlcdn.com/imgs/a/d/o/230x258/SDL893846289_1379055733_image1-08a5e.jpg" src="http://n1.sdlcdn.com/imgs/a/d/o/230x258/SDL893846289_1379055733_image1-08a5e.jpg" style="opacity: 1; "/><div class="soldout prod-grid-sold-out-lang"></div></div><div class="product_grid_cont_heading">Adidas Black Sporty Mesh Knit T Shirt</div><div class="product_grid_cont_price_outer"><div class="product_price "><span class="originalprice ">Rs 799</span>  Rs 599</div><div class="product_discount_outer"><div class="product_discount">25%</div></div></div><div class="cod-ico"><label class="lang">Cash on Delivery Available</label></div></a>
<a categoryid="" class="hit-ss-logger" href="http://www.snapdeal.com/product/adidas-white-striped-t-shirt/1436384157?pos=59;79" ispartialsearch="false" pogid="1436384157" pos="59;79" v="p"><div alt="Adidas White Striped T Shirt" atl="Adidas White Striped T Shirt" class="product-image"><img border="0" class="" lazysrc="http://n1.sdlcdn.com/imgs/a/d/o/230x258/SDL889441782_1379056105_image1-62a1e.jpg" src="http://n1.sdlcdn.com/imgs/a/d/o/230x258/SDL889441782_1379056105_image1-62a1e.jpg" style="opacity: 1; "/><div class="shippingImage tooltip"><span class="box"><span class="arw"></span><label class="lang dispatched-one-day-lang">Dispatched in 1 business day</label></span></div><div class="soldout prod-grid-sold-out-lang"></div></div><div class="product_grid_cont_heading">Adidas White Striped T Shirt</div><div class="ratingStarsSmall ratingStarsBelowTitle" style="background-position: 0px -180px;"><span> (1) </span></div><div class="product_grid_cont_price_outer"><div class="product_price "><span class="originalprice ">Rs 799</span>  Rs 599</div><div class="product_discount_outer"><div class="product_discount">25%</div></div></div><div class="cod-ico"><label class="lang">Cash on Delivery Available</label></div></a>
<a categoryid="" class="hit-ss-logger" href="http://www.snapdeal.com/product/adidas-blue-logo-print-t/1773292657?pos=60;79" ispartialsearch="false" pogid="1773292657" pos="60;79" v="p"><div alt="Adidas Blue Logo Print T Shirt" atl="Adidas Blue Logo Print T Shirt" class="product-image"><img border="0" class="" lazysrc="http://n1.sdlcdn.com/imgs/a/d/7/230x258/SDL880941302_1379056086_image1-db625.jpg" src="http://n1.sdlcdn.com/imgs/a/d/7/230x258/SDL880941302_1379056086_image1-db625.jpg" style="opacity: 1; "/><div class="soldout prod-grid-sold-out-lang"></div></div><div class="product_grid_cont_heading">Adidas Blue Logo Print T Shirt</div><div class="ratingStarsSmall ratingStarsBelowTitle" style="background-position: 0px -180px;"><span> (4) </span></div><div class="product_grid_cont_price_outer"><div class="product_price "><span class="originalprice ">Rs 699</span>  Rs 524</div><div class="product_discount_outer"><div class="product_discount">25%</div></div></div><div class="cod-ico"><label class="lang">Cash on Delivery Available</label></div></a>
<a categoryid="" class="hit-ss-logger" href="http://www.snapdeal.com/product/adidas-white-sleeveless-t-shirt/2129724279?pos=61;79" ispartialsearch="false" pogid="2129724279" pos="61;79" v="p"><div alt="Adidas White Sleeveless T Shirt" atl="Adidas White Sleeveless T Shirt" class="product-image"><img border="0" src="http://n2.sdlcdn.com/imgs/a/d/7/230x258/SDL887268293_1379056676_image1-55dda.jpg" style="opacity: 1; "/><div class="soldout prod-grid-sold-out-lang"></div></div><div class="product_grid_cont_heading">Adidas White Sleeveless T Shirt</div><div class="ratingStarsSmall ratingStarsBelowTitle" style="background-position: 0px -162px;"><span> (2) </span></div><div class="product_grid_cont_price_outer"><div class="product_price "><span class="originalprice ">Rs 699</span>  Rs 524</div><div class="product_discount_outer"><div class="product_discount">25%</div></div></div><div class="cod-ico"><label class="lang">Cash on Delivery Available</label></div></a>
<a categoryid="" class="hit-ss-logger" href="http://www.snapdeal.com/product/adidas-black-half-sweater/1960858868?pos=62;79" ispartialsearch="false" pogid="1960858868" pos="62;79" v="p"><div alt="Adidas Black Half Sweater" atl="Adidas Black Half Sweater" class="product-image"><img border="0" class="" lazysrc="http://n2.sdlcdn.com/imgs/a/d/o/230x258/SDL604292950_1379074249_image1-5bcdc.jpg" src="http://n2.sdlcdn.com/imgs/a/d/o/230x258/SDL604292950_1379074249_image1-5bcdc.jpg" style="opacity: 1; "/><div class="shippingImage tooltip"><span class="box"><span class="arw"></span><label class="lang dispatched-one-day-lang">Dispatched in 1 business day</label></span></div><div class="soldout prod-grid-sold-out-lang"></div></div><div class="product_grid_cont_heading">Adidas Black Half Sweater</div><div class="product_grid_cont_price_outer"><div class="product_price "><span class="originalprice ">Rs 2399</span>  Rs 1799</div><div class="product_discount_outer"><div class="product_discount">25%</div></div></div><div class="cod-ico"><label class="lang">Cash on Delivery Available</label></div></a>
<a categoryid="" class="hit-ss-logger" href="http://www.snapdeal.com/product/adidas-striking-dark-brown-tennis/732340611?pos=63;79" ispartialsearch="false" pogid="732340611" pos="63;79" v="p"><div alt="Adidas Striking Dark Brown Tennis T Shirt" atl="Adidas Striking Dark Brown Tennis T Shirt" class="product-image"><img border="0" class="" lazysrc="http://n3.sdlcdn.com/imgs/a/d/o/230x258/SDL863665503_1379056012_image1-76248.jpg" src="http://n3.sdlcdn.com/imgs/a/d/o/230x258/SDL863665503_1379056012_image1-76248.jpg" style="opacity: 1; "/><div class="shippingImage tooltip"><span class="box"><span class="arw"></span><label class="lang dispatched-one-day-lang">Dispatched in 1 business day</label></span></div><div class="soldout prod-grid-sold-out-lang"></div></div><div class="product_grid_cont_heading">Adidas Striking Dark Brown Tennis T Shirt</div><div class="ratingStarsSmall ratingStarsBelowTitle" style="background-position: 0px -144px;"><span> (7) </span></div><div class="product_grid_cont_price_outer"><div class="product_price "><span class="originalprice ">Rs 1199</span>  Rs 839</div><div class="product_discount_outer"><div class="product_discount">30%</div></div></div><div class="cod-ico"><label class="lang">Cash on Delivery Available</label></div></a>
<a categoryid="" class="hit-ss-logger" href="http://www.snapdeal.com/product/adidas-light-grey-signature-cotton/1320157108?pos=64;79" ispartialsearch="false" pogid="1320157108" pos="64;79" v="p"><div alt="Adidas Light Grey Signature Cotton Trackpants" atl="Adidas Light Grey Signature Cotton Trackpants" class="product-image"><img border="0" class="" lazysrc="http://n1.sdlcdn.com/imgs/a/d/o/230x258/SDL834051161_1379333452_image1-cd15c.jpg" src="http://n1.sdlcdn.com/imgs/a/d/o/230x258/SDL834051161_1379333452_image1-cd15c.jpg" style="opacity: 1; "/><div class="soldout prod-grid-sold-out-lang"></div></div><div class="product_grid_cont_heading">Adidas Light Grey Signature Cotton Trackpants</div><div class="product_grid_cont_price_outer"><div class="product_price "><span class="originalprice ">Rs 1899</span>  Rs 1424</div><div class="product_discount_outer"><div class="product_discount">25%</div></div></div><div class="cod-ico"><label class="lang">Cash on Delivery Available</label></div></a>
<a categoryid="" class="hit-ss-logger" href="http://www.snapdeal.com/product/adidas-red-printed-t-shirt/2028786275?pos=65;79" ispartialsearch="false" pogid="2028786275" pos="65;79" v="p"><div alt="Adidas Red Printed T Shirt" atl="Adidas Red Printed T Shirt" class="product-image"><img border="0" class="" lazysrc="http://n1.sdlcdn.com/imgs/a/d/7/230x258/SDL893484273_1379056096_image1-ef343.jpg" src="http://n1.sdlcdn.com/imgs/a/d/7/230x258/SDL893484273_1379056096_image1-ef343.jpg" style="opacity: 1; "/><div class="shippingImage tooltip"><span class="box"><span class="arw"></span><label class="lang dispatched-one-day-lang">Dispatched in 1 business day</label></span></div><div class="soldout prod-grid-sold-out-lang"></div></div><div class="product_grid_cont_heading">Adidas Red Printed T Shirt</div><div class="ratingStarsSmall ratingStarsBelowTitle" style="background-position: 0px -144px;"><span> (1) </span></div><div class="product_grid_cont_price_outer"><div class="product_price "><span class="originalprice ">Rs 1099</span>  Rs 824</div><div class="product_discount_outer"><div class="product_discount">25%</div></div></div><div class="cod-ico"><label class="lang">Cash on Delivery Available</label></div></a>
<a categoryid="" class="hit-ss-logger" href="http://www.snapdeal.com/product/adidas-navy-sporty-retro-print/1906781185?pos=66;79" ispartialsearch="false" pogid="1906781185" pos="66;79" v="p"><div alt="Adidas Navy Sporty Retro Print T Shirt" atl="Adidas Navy Sporty Retro Print T Shirt" class="product-image"><img border="0" class="" lazysrc="http://n1.sdlcdn.com/imgs/a/d/7/230x258/SDL889580040_1379055425_image1-da1ae.jpg" src="http://n1.sdlcdn.com/imgs/a/d/7/230x258/SDL889580040_1379055425_image1-da1ae.jpg" style="opacity: 1; "/><div class="soldout prod-grid-sold-out-lang"></div></div><div class="product_grid_cont_heading">Adidas Navy Sporty Retro Print T Shirt</div><div class="ratingStarsSmall ratingStarsBelowTitle" style="background-position: 0px -180px;"><span> (2) </span></div><div class="product_grid_cont_price_outer"><div class="product_price "><span class="originalprice ">Rs 1099</span>  Rs 824</div><div class="product_discount_outer"><div class="product_discount">25%</div></div></div><div class="cod-ico"><label class="lang">Cash on Delivery Available</label></div></a>
<a categoryid="" class="hit-ss-logger" href="http://www.snapdeal.com/product/adidas-blue-sporty-mesh-knit/312949005?pos=67;79" ispartialsearch="false" pogid="312949005" pos="67;79" v="p"><div alt="Adidas Blue Sporty Mesh Knit T Shirt" atl="Adidas Blue Sporty Mesh Knit T Shirt" class="product-image"><img border="0" class="" lazysrc="http://n1.sdlcdn.com/imgs/a/d/7/230x258/SDL894866123_1379056432_image1-308c2.jpg" src="http://n1.sdlcdn.com/imgs/a/d/7/230x258/SDL894866123_1379056432_image1-308c2.jpg" style="opacity: 1; "/><div class="soldout prod-grid-sold-out-lang"></div></div><div class="product_grid_cont_heading">Adidas Blue Sporty Mesh Knit T Shirt</div><div class="ratingStarsSmall ratingStarsBelowTitle" style="background-position: 0px -108px;"><span> (1) </span></div><div class="product_grid_cont_price_outer"><div class="product_price "><span class="originalprice ">Rs 799</span>  Rs 599</div><div class="product_discount_outer"><div class="product_discount">25%</div></div></div><div class="cod-ico"><label class="lang">Cash on Delivery Available</label></div></a>
<a categoryid="" class="hit-ss-logger" href="http://www.snapdeal.com/product/adidas-black-panelled-polo-t/211133115?pos=68;79" ispartialsearch="false" pogid="211133115" pos="68;79" v="p"><div alt="Adidas Black Panelled Polo T Shirt" atl="Adidas Black Panelled Polo T Shirt" class="product-image"><img border="0" class="" lazysrc="http://n2.sdlcdn.com/imgs/a/d/o/230x258/SDL884748269_1379055600_image1-91691.jpg" src="http://n2.sdlcdn.com/imgs/a/d/o/230x258/SDL884748269_1379055600_image1-91691.jpg" style="opacity: 1; "/><div class="shippingImage tooltip"><span class="box"><span class="arw"></span><label class="lang dispatched-one-day-lang">Dispatched in 1 business day</label></span></div><div class="soldout prod-grid-sold-out-lang"></div></div><div class="product_grid_cont_heading">Adidas Black Panelled Polo T Shirt</div><div class="product_grid_cont_price_outer"><div class="product_price "><span class="originalprice ">Rs 999</span>  Rs 749</div><div class="product_discount_outer"><div class="product_discount">25%</div></div></div><div class="cod-ico"><label class="lang">Cash on Delivery Available</label></div></a>
<a categoryid="" class="hit-ss-logger" href="http://www.snapdeal.com/product/adidas-stylish-medium-blue-polo/177486417?pos=69;79" ispartialsearch="false" pogid="177486417" pos="69;79" v="p"><div alt="Adidas Stylish Medium Blue Polo T Shirt" atl="Adidas Stylish Medium Blue Polo T Shirt" class="product-image"><img border="0" class="" lazysrc="http://n3.sdlcdn.com/imgs/a/d/o/230x258/SDL888682299_1379055762_image1-bb356.jpg" src="http://n3.sdlcdn.com/imgs/a/d/o/230x258/SDL888682299_1379055762_image1-bb356.jpg" style="opacity: 1; "/><div class="shippingImage tooltip"><span class="box"><span class="arw"></span><label class="lang dispatched-one-day-lang">Dispatched in 1 business day</label></span></div><div class="soldout prod-grid-sold-out-lang"></div></div><div class="product_grid_cont_heading">Adidas Stylish Medium Blue Polo T Shirt</div><div class="ratingStarsSmall ratingStarsBelowTitle" style="background-position: 0px -180px;"><span> (1) </span></div><div class="product_grid_cont_price_outer"><div class="product_price "><span class="originalprice ">Rs 1099</span>  Rs 824</div><div class="product_discount_outer"><div class="product_discount">25%</div></div></div><div class="cod-ico"><label class="lang">Cash on Delivery Available</label></div></a>
<a categoryid="" class="hit-ss-logger" href="http://www.snapdeal.com/product/adidas-grey-sweatshirt/1423991494?pos=70;79" ispartialsearch="false" pogid="1423991494" pos="70;79" v="p"><div alt="Adidas Grey Sweatshirt" atl="Adidas Grey Sweatshirt" class="product-image"><img border="0" class="" lazysrc="http://n3.sdlcdn.com/imgs/a/d/o/230x258/SDL022805974_1379074158_image1-5d491.jpg" src="http://n3.sdlcdn.com/imgs/a/d/o/230x258/SDL022805974_1379074158_image1-5d491.jpg" style="opacity: 1; "/><div class="soldout prod-grid-sold-out-lang"></div></div><div class="product_grid_cont_heading">Adidas Grey Sweatshirt</div><div class="product_grid_cont_price_outer"><div class="product_price "><span class="originalprice ">Rs 1799</span>  Rs 1349</div><div class="product_discount_outer"><div class="product_discount">25%</div></div></div><div class="cod-ico"><label class="lang">Cash on Delivery Available</label></div></a>
<a categoryid="" class="hit-ss-logger" href="http://www.snapdeal.com/product/adidas-black-workout-shorts/1757621418?pos=71;79" ispartialsearch="false" pogid="1757621418" pos="71;79" v="p"><div alt="Adidas Black Workout Shorts" atl="Adidas Black Workout Shorts" class="product-image"><img border="0" class="" lazysrc="http://n2.sdlcdn.com/imgs/a/d/o/230x258/SDL831049624_1379333585_image1-497a9.jpg" src="http://n2.sdlcdn.com/imgs/a/d/o/230x258/SDL831049624_1379333585_image1-497a9.jpg" style="opacity: 1; "/><div class="soldout prod-grid-sold-out-lang"></div></div><div class="product_grid_cont_heading">Adidas Black Workout Shorts</div><div class="ratingStarsSmall ratingStarsBelowTitle" style="background-position: 0px -108px;"><span> (1) </span></div><div class="product_grid_cont_price_outer"><div class="product_price "><span class="originalprice ">Rs 1299</span>  Rs 974</div><div class="product_discount_outer"><div class="product_discount">25%</div></div></div><div class="cod-ico"><label class="lang">Cash on Delivery Available</label></div></a>
<a categoryid="" class="hit-ss-logger" href="http://www.snapdeal.com/product/adidas-brown-pull-over/1789228163?pos=72;79" ispartialsearch="false" pogid="1789228163" pos="72;79" v="p"><div alt="Adidas Brown Pull Over" atl="Adidas Brown Pull Over" class="product-image"><img border="0" class="" lazysrc="http://n1.sdlcdn.com/imgs/a/d/o/230x258/SDL016141363_1379074399_image1-24215.jpg" src="http://n1.sdlcdn.com/imgs/a/d/o/230x258/SDL016141363_1379074399_image1-24215.jpg" style="opacity: 1; "/><div class="soldout prod-grid-sold-out-lang"></div></div><div class="product_grid_cont_heading">Adidas Brown Pull Over</div><div class="product_grid_cont_price_outer"><div class="product_price "><span class="originalprice ">Rs 2199</span>  Rs 1649</div><div class="product_discount_outer"><div class="product_discount">25%</div></div></div><div class="cod-ico"><label class="lang">Cash on Delivery Available</label></div></a>
<a categoryid="" class="hit-ss-logger" href="http://www.snapdeal.com/product/adidas-navy-logo-print-t/1907975331?pos=73;79" ispartialsearch="false" pogid="1907975331" pos="73;79" v="p"><div alt="Adidas Navy Logo Print T Shirt" atl="Adidas Navy Logo Print T Shirt" class="product-image"><img border="0" class="" lazysrc="http://n1.sdlcdn.com/imgs/a/d/7/230x258/SDL881258511_1379055806_image1-f611f.jpg" src="http://n1.sdlcdn.com/imgs/a/d/7/230x258/SDL881258511_1379055806_image1-f611f.jpg" style="opacity: 1; "/><div class="soldout prod-grid-sold-out-lang"></div></div><div class="product_grid_cont_heading">Adidas Navy Logo Print T Shirt</div><div class="ratingStarsSmall ratingStarsBelowTitle" style="background-position: 0px -180px;"><span> (1) </span></div><div class="product_grid_cont_price_outer"><div class="product_price "><span class="originalprice ">Rs 699</span>  Rs 524</div><div class="product_discount_outer"><div class="product_discount">25%</div></div></div><div class="cod-ico"><label class="lang">Cash on Delivery Available</label></div></a>
<a categoryid="" class="hit-ss-logger" href="http://www.snapdeal.com/product/adidas-exclusive-red-t-shirt/1807527252?pos=74;79" ispartialsearch="false" pogid="1807527252" pos="74;79" v="p"><div alt="Adidas Exclusive Red T Shirt" atl="Adidas Exclusive Red T Shirt" class="product-image"><img border="0" class="" lazysrc="http://n2.sdlcdn.com/imgs/a/d/o/230x258/SDL469314661_1379056016_image1-76ff9.jpg" src="http://n2.sdlcdn.com/imgs/a/d/o/230x258/SDL469314661_1379056016_image1-76ff9.jpg" style="opacity: 1; "/><div class="soldout prod-grid-sold-out-lang"></div></div><div class="product_grid_cont_heading">Adidas Exclusive Red T Shirt</div><div class="product_grid_cont_price_outer"><div class="product_price "><span class="originalprice ">Rs 1099</span>  Rs 824</div><div class="product_discount_outer"><div class="product_discount">25%</div></div></div><div class="cod-ico"><label class="lang">Cash on Delivery Available</label></div></a>
<a categoryid="" class="hit-ss-logger" href="http://www.snapdeal.com/product/adidas-unique-red-sweatshirt/465959440?pos=75;79" ispartialsearch="false" pogid="465959440" pos="75;79" v="p"><div alt="Adidas Unique Red Sweatshirt" atl="Adidas Unique Red Sweatshirt" class="product-image"><img border="0" class="" lazysrc="http://n2.sdlcdn.com/imgs/a/d/o/230x258/SDL594846125_1379074319_image1-beb12.jpg" src="http://n2.sdlcdn.com/imgs/a/d/o/230x258/SDL594846125_1379074319_image1-beb12.jpg" style="opacity: 1; "/><div class="soldout prod-grid-sold-out-lang"></div></div><div class="product_grid_cont_heading">Adidas Unique Red Sweatshirt</div><div class="product_grid_cont_price_outer"><div class="product_price "><span class="originalprice ">Rs 2599</span>  Rs 1949</div><div class="product_discount_outer"><div class="product_discount">25%</div></div></div><div class="cod-ico"><label class="lang">Cash on Delivery Available</label></div></a>
<a categoryid="" class="hit-ss-logger" href="http://www.snapdeal.com/product/adidas-red-basketball-reversible-sleeveless/2112505822?pos=76;79" ispartialsearch="false" pogid="2112505822" pos="76;79" v="p"><div alt="Adidas Red Basketball Reversible Sleeveless T Shirt" atl="Adidas Red Basketball Reversible Sleeveless T Shirt" class="product-image"><img border="0" src="http://n2.sdlcdn.com/imgs/a/d/o/230x258/SDL865238694_1379055686_image1-d1c78.jpg" style="opacity: 1; "/><div class="shippingImage tooltip"><span class="box"><span class="arw"></span><label class="lang dispatched-one-day-lang">Dispatched in 1 business day</label></span></div><div class="soldout prod-grid-sold-out-lang"></div></div><div class="product_grid_cont_heading">Adidas Red Basketball Reversible Sleeveless T Shirt</div><div class="product_grid_cont_price_outer"><div class="product_price "><span class="originalprice ">Rs 1399</span>  Rs 1049</div><div class="product_discount_outer"><div class="product_discount">25%</div></div></div><div class="cod-ico"><label class="lang">Cash on Delivery Available</label></div></a>
<a categoryid="" class="hit-ss-logger" href="http://www.snapdeal.com/product/adidas-brown-urban-trail-sports/614686103?pos=77;79" ispartialsearch="false" pogid="614686103" pos="77;79" v="p"><div alt="Adidas Brown Urban Trail Sports T-Shirt" atl="Adidas Brown Urban Trail Sports T-Shirt" class="product-image"><img border="0" class="" lazysrc="http://n4.sdlcdn.com/imgs/a/d/o/230x258/SDL862468055_1379055980_image1-e9144.jpg" src="http://n4.sdlcdn.com/imgs/a/d/o/230x258/SDL862468055_1379055980_image1-e9144.jpg" style="opacity: 1; "/><div class="soldout prod-grid-sold-out-lang"></div></div><div class="product_grid_cont_heading">Adidas Brown Urban Trail Sports T-Shirt</div><div class="product_grid_cont_price_outer"><div class="product_price "><span class="originalprice ">Rs 999</span>  Rs 749</div><div class="product_discount_outer"><div class="product_discount">25%</div></div></div><div class="cod-ico"><label class="lang">Cash on Delivery Available</label></div></a>
<a categoryid="" class="hit-ss-logger" href="http://www.snapdeal.com/product/adidas-dark-blue-sleeveless-basketball/2075657513?pos=78;79" ispartialsearch="false" pogid="2075657513" pos="78;79" v="p"><div alt="Adidas Dark Blue Sleeveless Basketball T-Shirt" atl="Adidas Dark Blue Sleeveless Basketball T-Shirt" class="product-image"><img border="0" class="" lazysrc="http://n4.sdlcdn.com/imgs/a/d/o/230x258/SDL859822705_1379055990_image1-cc3fe.jpg" src="http://n4.sdlcdn.com/imgs/a/d/o/230x258/SDL859822705_1379055990_image1-cc3fe.jpg" style="opacity: 1; "/><div class="soldout prod-grid-sold-out-lang"></div></div><div class="product_grid_cont_heading">Adidas Dark Blue Sleeveless Basketball T-Shirt</div><div class="product_grid_cont_price_outer"><div class="product_price "><span class="originalprice ">Rs 999</span>  Rs 749</div><div class="product_discount_outer"><div class="product_discount">25%</div></div></div><div class="cod-ico"><label class="lang">Cash on Delivery Available</label></div></a>
