<a categoryid="191" class="hit-ss-logger" href="http://www.snapdeal.com/product/lee-yellow-checkered-casual-shirt/1190038535?pos=0;88" ispartialsearch="false" pogid="1190038535" pos="0;88" v="p">
<div atl="Lee Light Checks Shirt" class="product-image">
<img border="0" class="" lazysrc="http://n1.sdlcdn.com/imgs/a/g/u/230x258/SDL912446460_1389364811_image1-1eb84.jpg" src="http://n1.sdlcdn.com/imgs/a/g/u/230x258/SDL912446460_1389364811_image1-1eb84.jpg" style="opacity: 1; "/>
</div>
<div class="product_grid_cont_heading">
				Lee Light Checks Shirt</div>
<div class="product_grid_cont_price_outer">
<div class="product_price ">
<span class="originalprice ">Rs
									1499</span> Rs 1049
							</div>
<div class="product_discount_outer ">
<div class="product_discount">
									30%
								</div>
</div>
</div>
<div class="cod-ico"><label class="lang">Cash on Delivery Available</label></div>
</a>
<a categoryid="191" class="hit-ss-logger" href="http://www.snapdeal.com/product/lee-solid-coloured-cotton-shirt/1068720626?pos=1;88" ispartialsearch="false" pogid="1068720626" pos="1;88" v="p">
<div atl="Lee Solid Coloured Cotton Shirt" class="product-image">
<img border="0" class="" lazysrc="http://n1.sdlcdn.com/imgs/a/f/6/230x258/SDL579197192_1384932199_image1-53005.jpg" src="http://n1.sdlcdn.com/imgs/a/f/6/230x258/SDL579197192_1384932199_image1-53005.jpg" style="opacity: 1; "/>
<div class="shippingImage tooltip">
<span class="box">
<span class="arw"></span>
<label class="dispatched-one-day-lang">Dispatched in 1 business day</label>
</span>
</div>
</div>
<div class="product_grid_cont_heading">
				Lee Solid Coloured Cotton Shirt</div>
<div class="product_grid_cont_price_outer">
<div class="product_price ">
<span class="originalprice ">Rs
									1699</span> Rs 1274
							</div>
<div class="product_discount_outer ">
<div class="product_discount">
									25%
								</div>
</div>
</div>
<div class="cod-ico"><label class="lang">Cash on Delivery Available</label></div>
</a>
<a categoryid="191" class="hit-ss-logger" href="http://www.snapdeal.com/product/lee-mens-casual-shirt/1206647800?pos=2;88" ispartialsearch="false" pogid="1206647800" pos="2;88" v="p">
<div atl="Lee Mens Casual Shirt" class="product-image">
<img border="0" class="" lazysrc="http://n2.sdlcdn.com/imgs/a/f/6/230x258/SDL597407883_1384931869_image1-235a1.jpg" src="http://n2.sdlcdn.com/imgs/a/f/6/230x258/SDL597407883_1384931869_image1-235a1.jpg" style="opacity: 1; "/>
<div class="shippingImage tooltip">
<span class="box">
<span class="arw"></span>
<label class="dispatched-one-day-lang">Dispatched in 1 business day</label>
</span>
</div>
</div>
<div class="product_grid_cont_heading">
				Lee Mens Casual Shirt</div>
<div class="product_grid_cont_price_outer">
<div class="product_price ">
<span class="originalprice ">Rs
									1599</span> Rs 1119
							</div>
<div class="product_discount_outer ">
<div class="product_discount">
									30%
								</div>
</div>
</div>
<div class="cod-ico"><label class="lang">Cash on Delivery Available</label></div>
</a>
<a categoryid="191" class="hit-ss-logger" href="http://www.snapdeal.com/product/lee-classic-shirt-with-inverted/2140571360?pos=3;88" ispartialsearch="false" pogid="2140571360" pos="3;88" v="p">
<div atl="Lee Classic Shirt With Inverted Pleats" class="product-image">
<img border="0" class="" lazysrc="http://n3.sdlcdn.com/imgs/a/f/7/230x258/SDL291894840_1384953252_image1-27c2d.jpg" src="http://n3.sdlcdn.com/imgs/a/f/7/230x258/SDL291894840_1384953252_image1-27c2d.jpg" style="opacity: 1; "/>
<div class="shippingImage tooltip">
<span class="box">
<span class="arw"></span>
<label class="dispatched-one-day-lang">Dispatched in 1 business day</label>
</span>
</div>
</div>
<div class="product_grid_cont_heading">
				Lee Classic Shirt With Inverted Pleats</div>
<div class="product_grid_cont_price_outer">
<div class="product_price ">
<span class="originalprice ">Rs
									1899</span> Rs 1329
							</div>
<div class="product_discount_outer ">
<div class="product_discount">
									30%
								</div>
</div>
</div>
<div class="cod-ico"><label class="lang">Cash on Delivery Available</label></div>
</a>
<a categoryid="191" class="hit-ss-logger" href="http://www.snapdeal.com/product/lee-half-sleeve-awning-stripe/1996396878?pos=4;88" ispartialsearch="false" pogid="1996396878" pos="4;88" v="p">
<div atl="Lee Half Sleeve Awning Stripe Shirt" class="product-image">
<img border="0" class="" lazysrc="http://n4.sdlcdn.com/imgs/a/f/6/230x258/SDL527063053_1384932409_image1-7cd01.jpg" src="http://n4.sdlcdn.com/imgs/a/f/6/230x258/SDL527063053_1384932409_image1-7cd01.jpg" style="opacity: 1; "/>
<div class="shippingImage tooltip">
<span class="box">
<span class="arw"></span>
<label class="dispatched-one-day-lang">Dispatched in 1 business day</label>
</span>
</div>
</div>
<div class="product_grid_cont_heading">
				Lee Half Sleeve Awning Stripe Shirt</div>
<div class="product_grid_cont_price_outer">
<div class="product_price ">
<span class="originalprice ">Rs
									1299</span> Rs 909
							</div>
<div class="product_discount_outer ">
<div class="product_discount">
									30%
								</div>
</div>
</div>
<div class="cod-ico"><label class="lang">Cash on Delivery Available</label></div>
</a>
<a categoryid="191" class="hit-ss-logger" href="http://www.snapdeal.com/product/lee-casual-shirt-with-contrasting/1118159882?pos=5;88" ispartialsearch="false" pogid="1118159882" pos="5;88" v="p">
<div atl="Lee Casual Shirt With Contrasting Checks" class="product-image">
<img border="0" class="" lazysrc="http://n3.sdlcdn.com/imgs/a/f/7/230x258/SDL289598399_1384953338_image1-893c7.jpg" src="http://n3.sdlcdn.com/imgs/a/f/7/230x258/SDL289598399_1384953338_image1-893c7.jpg" style="opacity: 1; "/>
<div class="shippingImage tooltip">
<span class="box">
<span class="arw"></span>
<label class="dispatched-one-day-lang">Dispatched in 1 business day</label>
</span>
</div>
</div>
<div class="product_grid_cont_heading">
				Lee Casual Shirt With Contrasting Checks</div>
<div class="product_grid_cont_price_outer">
<div class="product_price ">
<span class="originalprice ">Rs
									1699</span> Rs 1189
							</div>
<div class="product_discount_outer ">
<div class="product_discount">
									30%
								</div>
</div>
</div>
<div class="cod-ico"><label class="lang">Cash on Delivery Available</label></div>
</a>
<a categoryid="191" class="hit-ss-logger" href="http://www.snapdeal.com/product/lee-mens-sky-blue-formal/49215105?pos=6;88" ispartialsearch="false" pogid="49215105" pos="6;88" v="p">
<div atl="Lee Men's Sky Blue Formal Shirt" class="product-image">
<img border="0" class="" lazysrc="http://n3.sdlcdn.com/imgs/a/f/y/230x258/SDL138852073_1383832073_image1-ca545.jpg" src="http://n3.sdlcdn.com/imgs/a/f/y/230x258/SDL138852073_1383832073_image1-ca545.jpg" style="opacity: 1; "/>
<div class="shippingImage tooltip">
<span class="box">
<span class="arw"></span>
<label class="dispatched-one-day-lang">Dispatched in 1 business day</label>
</span>
</div>
</div>
<div class="product_grid_cont_heading">
				Lee Men's Sky Blue Formal Shirt</div>
<div class="ratingStarsSmall ratingStarsBelowTitle" pos="3.4" style="background-position: 0px -126px; "><span>(7)</span></div>
<script type="text/javascript">
						var ratingState = true;
					</script>
<div class="product_grid_cont_price_outer">
<div class="product_price ">
<span class="originalprice ">Rs
									1899</span> Rs 799
							</div>
<div class="product_discount_outer ">
<div class="product_discount">
									58%
								</div>
</div>
</div>
<div class="cod-ico"><label class="lang">Cash on Delivery Available</label></div>
</a>
<a categoryid="191" class="hit-ss-logger" href="http://www.snapdeal.com/product/lee-pinstriped-shirt-with-contrast/32380078?pos=7;88" ispartialsearch="false" pogid="32380078" pos="7;88" v="p">
<div atl="Lee Pinstriped Shirt With Contrast Placket" class="product-image">
<img border="0" class="" lazysrc="http://n4.sdlcdn.com/imgs/a/f/7/230x258/SDL280184729_1384953900_image1-821d0.jpg" src="http://n4.sdlcdn.com/imgs/a/f/7/230x258/SDL280184729_1384953900_image1-821d0.jpg" style="opacity: 1; "/>
<div class="shippingImage tooltip">
<span class="box">
<span class="arw"></span>
<label class="dispatched-one-day-lang">Dispatched in 1 business day</label>
</span>
</div>
</div>
<div class="product_grid_cont_heading">
				Lee Pinstriped Shirt With Contrast Placket</div>
<div class="product_grid_cont_price_outer">
<div class="product_price ">
<span class="originalprice ">Rs
									1699</span> Rs 1189
							</div>
<div class="product_discount_outer ">
<div class="product_discount">
									30%
								</div>
</div>
</div>
<div class="cod-ico"><label class="lang">Cash on Delivery Available</label></div>
</a>
<a categoryid="191" class="hit-ss-logger" href="http://www.snapdeal.com/product/lee-blue-checkered-shirt/1925031714?pos=8;88" ispartialsearch="false" pogid="1925031714" pos="8;88" v="p">
<div atl="Lee Rider Check Shirt" class="product-image">
<img border="0" class="" lazysrc="http://n1.sdlcdn.com/imgs/a/g/u/230x258/SDL810029039_1389364694_image1-64d34.jpg" src="http://n1.sdlcdn.com/imgs/a/g/u/230x258/SDL810029039_1389364694_image1-64d34.jpg" style="opacity: 1; "/>
</div>
<div class="product_grid_cont_heading">
				Lee Rider Check Shirt</div>
<div class="product_grid_cont_price_outer">
<div class="product_price ">
<span class="originalprice ">Rs
									1799</span> Rs 1259
							</div>
<div class="product_discount_outer ">
<div class="product_discount">
									30%
								</div>
</div>
</div>
<div class="cod-ico"><label class="lang">Cash on Delivery Available</label></div>
</a>
<a categoryid="191" class="hit-ss-logger" href="http://www.snapdeal.com/product/lee-white-striped-shirt/1392053087?pos=9;88" ispartialsearch="false" pogid="1392053087" pos="9;88" v="p">
<div atl="Lee Mandarin Collared Pinstripe Shirt" class="product-image">
<img border="0" class="" lazysrc="http://n1.sdlcdn.com/imgs/a/g/u/230x258/SDL912601001_1389365645_image1-bb336.jpg" src="http://n1.sdlcdn.com/imgs/a/g/u/230x258/SDL912601001_1389365645_image1-bb336.jpg" style="opacity: 1; "/>
</div>
<div class="product_grid_cont_heading">
				Lee Mandarin Collared Pinstripe Shirt</div>
<div class="product_grid_cont_price_outer">
<div class="product_price ">
<span class="originalprice ">Rs
									1699</span> Rs 1189
							</div>
<div class="product_discount_outer ">
<div class="product_discount">
									30%
								</div>
</div>
</div>
<div class="cod-ico"><label class="lang">Cash on Delivery Available</label></div>
</a>
<a categoryid="191" class="hit-ss-logger" href="http://www.snapdeal.com/product/lee-blue-striped-shirt/2125618149?pos=10;88" ispartialsearch="false" pogid="2125618149" pos="10;88" v="p">
<div atl="Lee Contrasting Pinstriped Casual Shirt" class="product-image">
<img border="0" class="" lazysrc="http://n2.sdlcdn.com/imgs/a/g/u/230x258/SDL912657193_1389365447_image1-f4db0.jpg" src="http://n2.sdlcdn.com/imgs/a/g/u/230x258/SDL912657193_1389365447_image1-f4db0.jpg" style="opacity: 1; "/>
</div>
<div class="product_grid_cont_heading">
				Lee Contrasting Pinstriped Casual Shirt</div>
<div class="product_grid_cont_price_outer">
<div class="product_price ">
<span class="originalprice ">Rs
									1599</span> Rs 1119
							</div>
<div class="product_discount_outer ">
<div class="product_discount">
									30%
								</div>
</div>
</div>
<div class="cod-ico"><label class="lang">Cash on Delivery Available</label></div>
</a>
<a categoryid="191" class="hit-ss-logger" href="http://www.snapdeal.com/product/lee-daniel-ultramarine-green-casual/1994581142?pos=11;88" ispartialsearch="false" pogid="1994581142" pos="11;88" v="p">
<div atl="Lee Daniel Ultramarine Green Casual Shirt" class="product-image">
<img border="0" class="" lazysrc="http://n1.sdlcdn.com/imgs/a/g/m/230x258/SDL828651797_1388127647_image1-0cea9.jpg" src="http://n1.sdlcdn.com/imgs/a/g/m/230x258/SDL828651797_1388127647_image1-0cea9.jpg" style="opacity: 1; "/>
</div>
<div class="product_grid_cont_heading">
				Lee Daniel Ultramarine Green Casual Shirt</div>
<div class="product_grid_cont_price_outer">
<div class="product_price ">
<span class="originalprice ">Rs
									1699</span> Rs 1189
							</div>
<div class="product_discount_outer ">
<div class="product_discount">
									30%
								</div>
</div>
</div>
<div class="cod-ico"><label class="lang">Cash on Delivery Available</label></div>
</a>
<a categoryid="191" class="hit-ss-logger" href="http://www.snapdeal.com/product/lee-fred-blue-print-modern/2057587164?pos=12;88" ispartialsearch="false" pogid="2057587164" pos="12;88" v="p">
<div atl="Lee Fred Blue Print Modern Shirt" class="product-image">
<img border="0" class="" lazysrc="http://n4.sdlcdn.com/imgs/a/g/m/230x258/SDL824777353_1388127595_image1-b2165.jpg" src="http://n4.sdlcdn.com/imgs/a/g/m/230x258/SDL824777353_1388127595_image1-b2165.jpg" style="opacity: 1; "/>
</div>
<div class="product_grid_cont_heading">
				Lee Fred Blue Print Modern Shirt</div>
<div class="ratingStarsSmall ratingStarsBelowTitle" pos="3.5" style="background-position: 0px -126px; "><span>(2)</span></div>
<script type="text/javascript">
						var ratingState = true;
					</script>
<div class="product_grid_cont_price_outer">
<div class="product_price ">
<span class="originalprice ">Rs
									1599</span> Rs 1119
							</div>
<div class="product_discount_outer ">
<div class="product_discount">
									30%
								</div>
</div>
</div>
<div class="cod-ico"><label class="lang">Cash on Delivery Available</label></div>
</a>
<a categoryid="191" class="hit-ss-logger" href="http://www.snapdeal.com/product/lee-fine-checkered-casual-shirt/1592990999?pos=13;88" ispartialsearch="false" pogid="1592990999" pos="13;88" v="p">
<div atl="Lee Fine Checkered Casual Shirt" class="product-image">
<img border="0" class="" lazysrc="http://n2.sdlcdn.com/imgs/a/f/7/230x258/SDL285019533_1384953206_image1-13b5f.jpg" src="http://n2.sdlcdn.com/imgs/a/f/7/230x258/SDL285019533_1384953206_image1-13b5f.jpg" style="opacity: 1; "/>
<div class="shippingImage tooltip">
<span class="box">
<span class="arw"></span>
<label class="dispatched-one-day-lang">Dispatched in 1 business day</label>
</span>
</div>
</div>
<div class="product_grid_cont_heading">
				Lee Fine Checkered Casual Shirt</div>
<div class="product_grid_cont_price_outer">
<div class="product_price ">
<span class="originalprice ">Rs
									1399</span> Rs 979
							</div>
<div class="product_discount_outer ">
<div class="product_discount">
									30%
								</div>
</div>
</div>
<div class="cod-ico"><label class="lang">Cash on Delivery Available</label></div>
</a>
<a categoryid="191" class="hit-ss-logger" href="http://www.snapdeal.com/product/lee-rider-check-shirt/194070827?pos=14;88" ispartialsearch="false" pogid="194070827" pos="14;88" v="p">
<div atl="Lee Rider Check Shirt" class="product-image">
<img border="0" class="" lazysrc="http://n2.sdlcdn.com/imgs/a/f/7/230x258/SDL382689950_1384953610_image1-40bac.jpg" src="http://n2.sdlcdn.com/imgs/a/f/7/230x258/SDL382689950_1384953610_image1-40bac.jpg" style="opacity: 1; "/>
<div class="shippingImage tooltip">
<span class="box">
<span class="arw"></span>
<label class="dispatched-one-day-lang">Dispatched in 1 business day</label>
</span>
</div>
</div>
<div class="product_grid_cont_heading">
				Lee Rider Check Shirt</div>
<div class="product_grid_cont_price_outer">
<div class="product_price ">
<span class="originalprice ">Rs
									1799</span> Rs 1259
							</div>
<div class="product_discount_outer ">
<div class="product_discount">
									30%
								</div>
</div>
</div>
<div class="cod-ico"><label class="lang">Cash on Delivery Available</label></div>
</a>
<a categoryid="17" class="hit-ss-logger" href="http://www.snapdeal.com/product/lee-casual-engineered-shirt/1005163664?pos=15;88" ispartialsearch="false" pogid="1005163664" pos="15;88" v="p"><div alt="Lee Casual Engineered Shirt" atl="Lee Casual Engineered Shirt" class="product-image"><img border="0" class="" lazysrc="http://n1.sdlcdn.com/imgs/a/f/7/230x258/SDL278347269_1384954483_image1-7a716.jpg" src="http://n1.sdlcdn.com/imgs/a/f/7/230x258/SDL278347269_1384954483_image1-7a716.jpg" style="opacity: 1; "/><div class="shippingImage tooltip"><span class="box"><span class="arw"></span><label class="lang dispatched-one-day-lang">Dispatched in 1 business day</label></span></div></div><div class="product_grid_cont_heading">Lee Casual Engineered Shirt</div><div class="product_grid_cont_price_outer"><div class="product_price "><span class="originalprice ">Rs 1899</span>  Rs 1329</div><div class="product_discount_outer"><div class="product_discount">30%</div></div></div><div class="cod-ico"><label class="lang">Cash on Delivery Available</label></div></a>
<a categoryid="17" class="hit-ss-logger" href="http://www.snapdeal.com/product/lee-gingham-checks-shirt/15657330?pos=16;88" ispartialsearch="false" pogid="15657330" pos="16;88" v="p"><div alt="Lee Gingham Checks Shirt" atl="Lee Gingham Checks Shirt" class="product-image"><img border="0" src="http://n3.sdlcdn.com/imgs/a/f/7/230x258/SDL276266015_1384954456_image1-6425b.jpg" style="opacity: 1; "/><div class="shippingImage tooltip"><span class="box"><span class="arw"></span><label class="lang dispatched-one-day-lang">Dispatched in 1 business day</label></span></div></div><div class="product_grid_cont_heading">Lee Gingham Checks Shirt</div><div class="product_grid_cont_price_outer"><div class="product_price "><span class="originalprice ">Rs 1699</span>  Rs 1189</div><div class="product_discount_outer"><div class="product_discount">30%</div></div></div><div class="cod-ico"><label class="lang">Cash on Delivery Available</label></div></a>
<a categoryid="17" class="hit-ss-logger" href="http://www.snapdeal.com/product/lee-windowpane-check-shirt/1468584995?pos=17;88" ispartialsearch="false" pogid="1468584995" pos="17;88" v="p"><div alt="Lee Windowpane Check Shirt" atl="Lee Windowpane Check Shirt" class="product-image"><img border="0" class="" lazysrc="http://n1.sdlcdn.com/imgs/a/f/7/230x258/SDL382465437_1384953672_image1-3601a.jpg" src="http://n1.sdlcdn.com/imgs/a/f/7/230x258/SDL382465437_1384953672_image1-3601a.jpg" style="opacity: 1; "/><div class="shippingImage tooltip"><span class="box"><span class="arw"></span><label class="lang dispatched-one-day-lang">Dispatched in 1 business day</label></span></div></div><div class="product_grid_cont_heading">Lee Windowpane Check Shirt</div><div class="product_grid_cont_price_outer"><div class="product_price "><span class="originalprice ">Rs 1599</span>  Rs 1119</div><div class="product_discount_outer"><div class="product_discount">30%</div></div></div><div class="cod-ico"><label class="lang">Cash on Delivery Available</label></div></a>
<a categoryid="17" class="hit-ss-logger" href="http://www.snapdeal.com/product/lee-fine-checkered-casual-shirt/327529576?pos=18;88" ispartialsearch="false" pogid="327529576" pos="18;88" v="p"><div alt="Lee Fine Checkered Casual Shirt" atl="Lee Fine Checkered Casual Shirt" class="product-image"><img border="0" class="" lazysrc="http://n4.sdlcdn.com/imgs/a/f/7/230x258/SDL284451846_1384954124_image1-d08e2.jpg" src="http://n4.sdlcdn.com/imgs/a/f/7/230x258/SDL284451846_1384954124_image1-d08e2.jpg" style="opacity: 1; "/><div class="shippingImage tooltip"><span class="box"><span class="arw"></span><label class="lang dispatched-one-day-lang">Dispatched in 1 business day</label></span></div></div><div class="product_grid_cont_heading">Lee Fine Checkered Casual Shirt</div><div class="product_grid_cont_price_outer"><div class="product_price "><span class="originalprice ">Rs 1399</span>  Rs 979</div><div class="product_discount_outer"><div class="product_discount">30%</div></div></div><div class="cod-ico"><label class="lang">Cash on Delivery Available</label></div></a>
<a categoryid="17" class="hit-ss-logger" href="http://www.snapdeal.com/product/lee-city-lights-check-shirt/2063075749?pos=19;88" ispartialsearch="false" pogid="2063075749" pos="19;88" v="p"><div alt="Lee City Lights Check Shirt" atl="Lee City Lights Check Shirt" class="product-image"><img border="0" class="" lazysrc="http://n3.sdlcdn.com/imgs/a/f/7/230x258/SDL383355746_1384953352_image1-9ce92.jpg" src="http://n3.sdlcdn.com/imgs/a/f/7/230x258/SDL383355746_1384953352_image1-9ce92.jpg" style="opacity: 1; "/><div class="shippingImage tooltip"><span class="box"><span class="arw"></span><label class="lang dispatched-one-day-lang">Dispatched in 1 business day</label></span></div></div><div class="product_grid_cont_heading">Lee City Lights Check Shirt</div><div class="product_grid_cont_price_outer"><div class="product_price "><span class="originalprice ">Rs 1599</span>  Rs 1119</div><div class="product_discount_outer"><div class="product_discount">30%</div></div></div><div class="cod-ico"><label class="lang">Cash on Delivery Available</label></div></a>
<a categoryid="17" class="hit-ss-logger" href="http://www.snapdeal.com/product/lee-tonal-checkered-casual-shirt/870106765?pos=20;88" ispartialsearch="false" pogid="870106765" pos="20;88" v="p"><div alt="Lee Tonal Checkered Casual Shirt" atl="Lee Tonal Checkered Casual Shirt" class="product-image"><img border="0" class="" lazysrc="http://n2.sdlcdn.com/imgs/a/f/7/230x258/SDL285222177_1384953444_image1-64aa7.jpg" src="http://n2.sdlcdn.com/imgs/a/f/7/230x258/SDL285222177_1384953444_image1-64aa7.jpg" style="opacity: 1; "/><div class="shippingImage tooltip"><span class="box"><span class="arw"></span><label class="lang dispatched-one-day-lang">Dispatched in 1 business day</label></span></div></div><div class="product_grid_cont_heading">Lee Tonal Checkered Casual Shirt</div><div class="product_grid_cont_price_outer"><div class="product_price "><span class="originalprice ">Rs 1599</span>  Rs 1119</div><div class="product_discount_outer"><div class="product_discount">30%</div></div></div><div class="cod-ico"><label class="lang">Cash on Delivery Available</label></div></a>
<a categoryid="17" class="hit-ss-logger" href="http://www.snapdeal.com/product/lee-candy-stripe-shirt/1489104569?pos=21;88" ispartialsearch="false" pogid="1489104569" pos="21;88" v="p"><div alt="Lee Candy Stripe Shirt" atl="Lee Candy Stripe Shirt" class="product-image"><img border="0" class="" lazysrc="http://n1.sdlcdn.com/imgs/a/f/7/230x258/SDL383146793_1384953207_image1-bba4f.jpg" src="http://n1.sdlcdn.com/imgs/a/f/7/230x258/SDL383146793_1384953207_image1-bba4f.jpg" style="opacity: 1; "/><div class="shippingImage tooltip"><span class="box"><span class="arw"></span><label class="lang dispatched-one-day-lang">Dispatched in 1 business day</label></span></div></div><div class="product_grid_cont_heading">Lee Candy Stripe Shirt</div><div class="product_grid_cont_price_outer"><div class="product_price "><span class="originalprice ">Rs 2099</span>  Rs 1469</div><div class="product_discount_outer"><div class="product_discount">30%</div></div></div><div class="cod-ico"><label class="lang">Cash on Delivery Available</label></div></a>
<a categoryid="17" class="hit-ss-logger" href="http://www.snapdeal.com/product/lee-twotoned-gingham-checked-shirt/1140677502?pos=22;88" ispartialsearch="false" pogid="1140677502" pos="22;88" v="p"><div alt="Lee Two-Toned Gingham Checked Shirt" atl="Lee Two-Toned Gingham Checked Shirt" class="product-image"><img border="0" class="" lazysrc="http://n1.sdlcdn.com/imgs/a/f/7/230x258/SDL281777414_1384953861_image1-4935e.jpg" src="http://n1.sdlcdn.com/imgs/a/f/7/230x258/SDL281777414_1384953861_image1-4935e.jpg" style="opacity: 1; "/><div class="shippingImage tooltip"><span class="box"><span class="arw"></span><label class="lang dispatched-one-day-lang">Dispatched in 1 business day</label></span></div></div><div class="product_grid_cont_heading">Lee Two-Toned Gingham Checked Shirt</div><div class="product_grid_cont_price_outer"><div class="product_price "><span class="originalprice ">Rs 1599</span>  Rs 1119</div><div class="product_discount_outer"><div class="product_discount">30%</div></div></div><div class="cod-ico"><label class="lang">Cash on Delivery Available</label></div></a>
<a categoryid="17" class="hit-ss-logger" href="http://www.snapdeal.com/product/lee-madras-check-shirt/1355160073?pos=23;88" ispartialsearch="false" pogid="1355160073" pos="23;88" v="p"><div alt="Lee Madras Check Shirt" atl="Lee Madras Check Shirt" class="product-image"><img border="0" class="" lazysrc="http://n2.sdlcdn.com/imgs/a/f/7/230x258/SDL382773268_1384953210_image1-14cdd.jpg" src="http://n2.sdlcdn.com/imgs/a/f/7/230x258/SDL382773268_1384953210_image1-14cdd.jpg" style="opacity: 1; "/><div class="shippingImage tooltip"><span class="box"><span class="arw"></span><label class="lang dispatched-one-day-lang">Dispatched in 1 business day</label></span></div></div><div class="product_grid_cont_heading">Lee Madras Check Shirt</div><div class="product_grid_cont_price_outer"><div class="product_price "><span class="originalprice ">Rs 1699</span>  Rs 1189</div><div class="product_discount_outer"><div class="product_discount">30%</div></div></div><div class="cod-ico"><label class="lang">Cash on Delivery Available</label></div></a>
<a categoryid="17" class="hit-ss-logger" href="http://www.snapdeal.com/product/lee-casual-shirt-with-contrasting/737416487?pos=24;88" ispartialsearch="false" pogid="737416487" pos="24;88" v="p"><div alt="Lee Casual Shirt With Contrasting Checks" atl="Lee Casual Shirt With Contrasting Checks" class="product-image"><img border="0" class="" lazysrc="http://n1.sdlcdn.com/imgs/a/f/7/230x258/SDL287827580_1384953924_image1-2f5e0.jpg" src="http://n1.sdlcdn.com/imgs/a/f/7/230x258/SDL287827580_1384953924_image1-2f5e0.jpg" style="opacity: 1; "/><div class="shippingImage tooltip"><span class="box"><span class="arw"></span><label class="lang dispatched-one-day-lang">Dispatched in 1 business day</label></span></div></div><div class="product_grid_cont_heading">Lee Casual Shirt With Contrasting Checks</div><div class="product_grid_cont_price_outer"><div class="product_price "><span class="originalprice ">Rs 1699</span>  Rs 1189</div><div class="product_discount_outer"><div class="product_discount">30%</div></div></div><div class="cod-ico"><label class="lang">Cash on Delivery Available</label></div></a>
<a categoryid="17" class="hit-ss-logger" href="http://www.snapdeal.com/product/lee-casual-shirt-with-bold/418767081?pos=25;88" ispartialsearch="false" pogid="418767081" pos="25;88" v="p"><div alt="Lee Casual Shirt With Bold Checks" atl="Lee Casual Shirt With Bold Checks" class="product-image"><img border="0" class="" lazysrc="http://n4.sdlcdn.com/imgs/a/f/7/230x258/SDL289739934_1384953770_image1-64ec1.jpg" src="http://n4.sdlcdn.com/imgs/a/f/7/230x258/SDL289739934_1384953770_image1-64ec1.jpg" style="opacity: 1; "/><div class="shippingImage tooltip"><span class="box"><span class="arw"></span><label class="lang dispatched-one-day-lang">Dispatched in 1 business day</label></span></div></div><div class="product_grid_cont_heading">Lee Casual Shirt With Bold Checks</div><div class="product_grid_cont_price_outer"><div class="product_price "><span class="originalprice ">Rs 1699</span>  Rs 1189</div><div class="product_discount_outer"><div class="product_discount">30%</div></div></div><div class="cod-ico"><label class="lang">Cash on Delivery Available</label></div></a>
<a categoryid="17" class="hit-ss-logger" href="http://www.snapdeal.com/product/lee-lee-gingham-check-shirt/1740048567?pos=26;88" ispartialsearch="false" pogid="1740048567" pos="26;88" v="p"><div alt="Lee Lee Gingham Check Shirt" atl="Lee Lee Gingham Check Shirt" class="product-image"><img border="0" class="" lazysrc="http://n4.sdlcdn.com/imgs/a/f/7/230x258/SDL384152143_1384953708_image1-b19b5.jpg" src="http://n4.sdlcdn.com/imgs/a/f/7/230x258/SDL384152143_1384953708_image1-b19b5.jpg" style="opacity: 1; "/><div class="shippingImage tooltip"><span class="box"><span class="arw"></span><label class="lang dispatched-one-day-lang">Dispatched in 1 business day</label></span></div></div><div class="product_grid_cont_heading">Lee Lee Gingham Check Shirt</div><div class="product_grid_cont_price_outer"><div class="product_price "><span class="originalprice ">Rs 1699</span>  Rs 1189</div><div class="product_discount_outer"><div class="product_discount">30%</div></div></div><div class="cod-ico"><label class="lang">Cash on Delivery Available</label></div></a>
<a categoryid="17" class="hit-ss-logger" href="http://www.snapdeal.com/product/lee-dashing-lee-check-shirt/1065965286?pos=27;88" ispartialsearch="false" pogid="1065965286" pos="27;88" v="p"><div alt="Lee Dashing Lee Check Shirt" atl="Lee Dashing Lee Check Shirt" class="product-image"><img border="0" class="" lazysrc="http://n2.sdlcdn.com/imgs/a/f/7/230x258/SDL388574002_1384953608_image1-6b321.jpg" src="http://n2.sdlcdn.com/imgs/a/f/7/230x258/SDL388574002_1384953608_image1-6b321.jpg" style="opacity: 1; "/><div class="shippingImage tooltip"><span class="box"><span class="arw"></span><label class="lang dispatched-one-day-lang">Dispatched in 1 business day</label></span></div></div><div class="product_grid_cont_heading">Lee Dashing Lee Check Shirt</div><div class="product_grid_cont_price_outer"><div class="product_price "><span class="originalprice ">Rs 1699</span>  Rs 1189</div><div class="product_discount_outer"><div class="product_discount">30%</div></div></div><div class="cod-ico"><label class="lang">Cash on Delivery Available</label></div></a>
<a categoryid="17" class="hit-ss-logger" href="http://www.snapdeal.com/product/lee-lee-vibrant-check-shirt/413250746?pos=28;88" ispartialsearch="false" pogid="413250746" pos="28;88" v="p"><div alt="Lee Lee Vibrant Check Shirt" atl="Lee Lee Vibrant Check Shirt" class="product-image"><img border="0" class="" lazysrc="http://n3.sdlcdn.com/imgs/a/f/7/230x258/SDL385232262_1384953564_image1-d66c5.jpg" src="http://n3.sdlcdn.com/imgs/a/f/7/230x258/SDL385232262_1384953564_image1-d66c5.jpg" style="opacity: 1; "/><div class="shippingImage tooltip"><span class="box"><span class="arw"></span><label class="lang dispatched-one-day-lang">Dispatched in 1 business day</label></span></div></div><div class="product_grid_cont_heading">Lee Lee Vibrant Check Shirt</div><div class="product_grid_cont_price_outer"><div class="product_price "><span class="originalprice ">Rs 1499</span>  Rs 1049</div><div class="product_discount_outer"><div class="product_discount">30%</div></div></div><div class="cod-ico"><label class="lang">Cash on Delivery Available</label></div></a>
<a categoryid="17" class="hit-ss-logger" href="http://www.snapdeal.com/product/lee-criss-cross-check-shirt/1205065579?pos=29;88" ispartialsearch="false" pogid="1205065579" pos="29;88" v="p"><div alt="Lee Criss- Cross Check Shirt" atl="Lee Criss- Cross Check Shirt" class="product-image"><img border="0" class="" lazysrc="http://n4.sdlcdn.com/imgs/a/f/7/230x258/SDL386931539_1384953389_image1-74012.jpg" src="http://n4.sdlcdn.com/imgs/a/f/7/230x258/SDL386931539_1384953389_image1-74012.jpg" style="opacity: 1; "/><div class="shippingImage tooltip"><span class="box"><span class="arw"></span><label class="lang dispatched-one-day-lang">Dispatched in 1 business day</label></span></div></div><div class="product_grid_cont_heading">Lee Criss- Cross Check Shirt</div><div class="product_grid_cont_price_outer"><div class="product_price "><span class="originalprice ">Rs 1799</span>  Rs 1259</div><div class="product_discount_outer"><div class="product_discount">30%</div></div></div><div class="cod-ico"><label class="lang">Cash on Delivery Available</label></div></a>
<a categoryid="17" class="hit-ss-logger" href="http://www.snapdeal.com/product/lee-dual-pinstriped-casual-shirt/1455505549?pos=30;88" ispartialsearch="false" pogid="1455505549" pos="30;88" v="p"><div alt="Lee Dual Pinstriped Casual Shirt" atl="Lee Dual Pinstriped Casual Shirt" class="product-image"><img border="0" class="" lazysrc="http://n2.sdlcdn.com/imgs/a/f/7/230x258/SDL286269513_1384953755_image1-77884.jpg" src="http://n2.sdlcdn.com/imgs/a/f/7/230x258/SDL286269513_1384953755_image1-77884.jpg" style="opacity: 1; "/><div class="shippingImage tooltip"><span class="box"><span class="arw"></span><label class="lang dispatched-one-day-lang">Dispatched in 1 business day</label></span></div></div><div class="product_grid_cont_heading">Lee Dual Pinstriped Casual Shirt</div><div class="product_grid_cont_price_outer"><div class="product_price "><span class="originalprice ">Rs 1599</span>  Rs 1119</div><div class="product_discount_outer"><div class="product_discount">30%</div></div></div><div class="cod-ico"><label class="lang">Cash on Delivery Available</label></div></a>
<a categoryid="17" class="hit-ss-logger" href="http://www.snapdeal.com/product/lee-criss-cross-check-shirt/2027627523?pos=31;88" ispartialsearch="false" pogid="2027627523" pos="31;88" v="p"><div alt="Lee Criss- Cross Check Shirt" atl="Lee Criss- Cross Check Shirt" class="product-image"><img border="0" src="http://n2.sdlcdn.com/imgs/a/f/7/230x258/SDL387403869_1384953408_image1-30dae.jpg" style="opacity: 1; "/><div class="shippingImage tooltip"><span class="box"><span class="arw"></span><label class="lang dispatched-one-day-lang">Dispatched in 1 business day</label></span></div></div><div class="product_grid_cont_heading">Lee Criss- Cross Check Shirt</div><div class="product_grid_cont_price_outer"><div class="product_price "><span class="originalprice ">Rs 1799</span>  Rs 1259</div><div class="product_discount_outer"><div class="product_discount">30%</div></div></div><div class="cod-ico"><label class="lang">Cash on Delivery Available</label></div></a>
<a categoryid="17" class="hit-ss-logger" href="http://www.snapdeal.com/product/lee-gingham-checks-shirt/872385377?pos=32;88" ispartialsearch="false" pogid="872385377" pos="32;88" v="p"><div alt="Lee Gingham Checks Shirt" atl="Lee Gingham Checks Shirt" class="product-image"><img border="0" class="" lazysrc="http://n2.sdlcdn.com/imgs/a/f/7/230x258/SDL274806614_1384954578_image1-1e7e0.jpg" src="http://n2.sdlcdn.com/imgs/a/f/7/230x258/SDL274806614_1384954578_image1-1e7e0.jpg" style="opacity: 1; "/><div class="shippingImage tooltip"><span class="box"><span class="arw"></span><label class="lang dispatched-one-day-lang">Dispatched in 1 business day</label></span></div></div><div class="product_grid_cont_heading">Lee Gingham Checks Shirt</div><div class="product_grid_cont_price_outer"><div class="product_price "><span class="originalprice ">Rs 1699</span>  Rs 1189</div><div class="product_discount_outer"><div class="product_discount">30%</div></div></div><div class="cod-ico"><label class="lang">Cash on Delivery Available</label></div></a>
<a categoryid="17" class="hit-ss-logger" href="http://www.snapdeal.com/product/lee-tonal-pinstriped-casual-shirt/33428137?pos=33;88" ispartialsearch="false" pogid="33428137" pos="33;88" v="p"><div alt="Lee Tonal Pinstriped Casual Shirt" atl="Lee Tonal Pinstriped Casual Shirt" class="product-image"><img border="0" class="" lazysrc="http://n2.sdlcdn.com/imgs/a/f/7/230x258/SDL286488192_1384954405_image1-28dcd.jpg" src="http://n2.sdlcdn.com/imgs/a/f/7/230x258/SDL286488192_1384954405_image1-28dcd.jpg" style="opacity: 1; "/><div class="shippingImage tooltip"><span class="box"><span class="arw"></span><label class="lang dispatched-one-day-lang">Dispatched in 1 business day</label></span></div></div><div class="product_grid_cont_heading">Lee Tonal Pinstriped Casual Shirt</div><div class="product_grid_cont_price_outer"><div class="product_price "><span class="originalprice ">Rs 1599</span>  Rs 1119</div><div class="product_discount_outer"><div class="product_discount">30%</div></div></div><div class="cod-ico"><label class="lang">Cash on Delivery Available</label></div></a>
<a categoryid="17" class="hit-ss-logger" href="http://www.snapdeal.com/product/lee-fine-striped-casual-shirt/398271587?pos=34;88" ispartialsearch="false" pogid="398271587" pos="34;88" v="p"><div alt="Lee Fine Striped Casual Shirt" atl="Lee Fine Striped Casual Shirt" class="product-image"><img border="0" class="" lazysrc="http://n1.sdlcdn.com/imgs/a/f/7/230x258/SDL285325892_1384954078_image1-f03fe.jpg" src="http://n1.sdlcdn.com/imgs/a/f/7/230x258/SDL285325892_1384954078_image1-f03fe.jpg" style="opacity: 1; "/><div class="shippingImage tooltip"><span class="box"><span class="arw"></span><label class="lang dispatched-one-day-lang">Dispatched in 1 business day</label></span></div></div><div class="product_grid_cont_heading">Lee Fine Striped Casual Shirt</div><div class="product_grid_cont_price_outer"><div class="product_price "><span class="originalprice ">Rs 1699</span>  Rs 1189</div><div class="product_discount_outer"><div class="product_discount">30%</div></div></div><div class="cod-ico"><label class="lang">Cash on Delivery Available</label></div></a>
<a categoryid="17" class="hit-ss-logger" href="http://www.snapdeal.com/product/lee-colourblocked-checks-shirt/1391694992?pos=35;88" ispartialsearch="false" pogid="1391694992" pos="35;88" v="p"><div alt="Lee Colourblocked Checks Shirt" atl="Lee Colourblocked Checks Shirt" class="product-image"><img border="0" class="" lazysrc="http://n3.sdlcdn.com/imgs/a/f/7/230x258/SDL274247260_1384953301_image1-8593e.jpg" src="http://n3.sdlcdn.com/imgs/a/f/7/230x258/SDL274247260_1384953301_image1-8593e.jpg" style="opacity: 1; "/><div class="shippingImage tooltip"><span class="box"><span class="arw"></span><label class="lang dispatched-one-day-lang">Dispatched in 1 business day</label></span></div></div><div class="product_grid_cont_heading">Lee Colourblocked Checks Shirt</div><div class="product_grid_cont_price_outer"><div class="product_price "><span class="originalprice ">Rs 1699</span>  Rs 1189</div><div class="product_discount_outer"><div class="product_discount">30%</div></div></div><div class="cod-ico"><label class="lang">Cash on Delivery Available</label></div></a>
<a categoryid="17" class="hit-ss-logger" href="http://www.snapdeal.com/product/lee-bold-striped-casual-shirt/331807061?pos=36;88" ispartialsearch="false" pogid="331807061" pos="36;88" v="p"><div alt="Lee Bold Striped Casual Shirt" atl="Lee Bold Striped Casual Shirt" class="product-image"><img border="0" class="" lazysrc="http://n3.sdlcdn.com/imgs/a/f/7/230x258/SDL280839491_1384954173_image1-6a3c7.jpg" src="http://n3.sdlcdn.com/imgs/a/f/7/230x258/SDL280839491_1384954173_image1-6a3c7.jpg" style="opacity: 1; "/><div class="shippingImage tooltip"><span class="box"><span class="arw"></span><label class="lang dispatched-one-day-lang">Dispatched in 1 business day</label></span></div></div><div class="product_grid_cont_heading">Lee Bold Striped Casual Shirt</div><div class="product_grid_cont_price_outer"><div class="product_price "><span class="originalprice ">Rs 1499</span>  Rs 1049</div><div class="product_discount_outer"><div class="product_discount">30%</div></div></div><div class="cod-ico"><label class="lang">Cash on Delivery Available</label></div></a>
<a categoryid="17" class="hit-ss-logger" href="http://www.snapdeal.com/product/lee-oxford-shirt-with-checks/1761286206?pos=37;88" ispartialsearch="false" pogid="1761286206" pos="37;88" v="p"><div alt="Lee Oxford Shirt With Checks" atl="Lee Oxford Shirt With Checks" class="product-image"><img border="0" class="" lazysrc="http://n2.sdlcdn.com/imgs/a/f/7/230x258/SDL282455219_1384954165_image1-6e29f.jpg" src="http://n2.sdlcdn.com/imgs/a/f/7/230x258/SDL282455219_1384954165_image1-6e29f.jpg" style="opacity: 1; "/><div class="shippingImage tooltip"><span class="box"><span class="arw"></span><label class="lang dispatched-one-day-lang">Dispatched in 1 business day</label></span></div></div><div class="product_grid_cont_heading">Lee Oxford Shirt With Checks</div><div class="ratingStarsSmall ratingStarsBelowTitle" style="background-position: 0px -180px;"><span> (2) </span></div><div class="product_grid_cont_price_outer"><div class="product_price "><span class="originalprice ">Rs 1899</span>  Rs 1329</div><div class="product_discount_outer"><div class="product_discount">30%</div></div></div><div class="cod-ico"><label class="lang">Cash on Delivery Available</label></div></a>
<a categoryid="17" class="hit-ss-logger" href="http://www.snapdeal.com/product/lee-light-luxury-shirt/1590505536?pos=38;88" ispartialsearch="false" pogid="1590505536" pos="38;88" v="p"><div alt="Lee Light Luxury Shirt" atl="Lee Light Luxury Shirt" class="product-image"><img border="0" class="" lazysrc="http://n1.sdlcdn.com/imgs/a/f/7/230x258/SDL279211112_1384953407_image1-ec01d.jpg" src="http://n1.sdlcdn.com/imgs/a/f/7/230x258/SDL279211112_1384953407_image1-ec01d.jpg" style="opacity: 1; "/><div class="shippingImage tooltip"><span class="box"><span class="arw"></span><label class="lang dispatched-one-day-lang">Dispatched in 1 business day</label></span></div></div><div class="product_grid_cont_heading">Lee Light Luxury Shirt</div><div class="product_grid_cont_price_outer"><div class="product_price "><span class="originalprice ">Rs 1899</span>  Rs 1329</div><div class="product_discount_outer"><div class="product_discount">30%</div></div></div><div class="cod-ico"><label class="lang">Cash on Delivery Available</label></div></a>
<a categoryid="17" class="hit-ss-logger" href="http://www.snapdeal.com/product/lee-vibrant-checks-casual-shirt/1202457810?pos=39;88" ispartialsearch="false" pogid="1202457810" pos="39;88" v="p"><div alt="Lee Vibrant Checks Casual Shirt" atl="Lee Vibrant Checks Casual Shirt" class="product-image"><img border="0" class="" lazysrc="http://n3.sdlcdn.com/imgs/a/f/7/230x258/SDL290913867_1384954340_image1-73296.jpg" src="http://n3.sdlcdn.com/imgs/a/f/7/230x258/SDL290913867_1384954340_image1-73296.jpg" style="opacity: 1; "/><div class="shippingImage tooltip"><span class="box"><span class="arw"></span><label class="lang dispatched-one-day-lang">Dispatched in 1 business day</label></span></div></div><div class="product_grid_cont_heading">Lee Vibrant Checks Casual Shirt</div><div class="product_grid_cont_price_outer"><div class="product_price "><span class="originalprice ">Rs 1499</span>  Rs 1049</div><div class="product_discount_outer"><div class="product_discount">30%</div></div></div><div class="cod-ico"><label class="lang">Cash on Delivery Available</label></div></a>
<a categoryid="17" class="hit-ss-logger" href="http://www.snapdeal.com/product/lee-linen-luxury-shirt/1221562054?pos=40;88" ispartialsearch="false" pogid="1221562054" pos="40;88" v="p"><div alt="Lee Linen Luxury Shirt" atl="Lee Linen Luxury Shirt" class="product-image"><img border="0" class="" lazysrc="http://n2.sdlcdn.com/imgs/a/f/7/230x258/SDL274524392_1384954381_image1-bd220.jpg" src="http://n2.sdlcdn.com/imgs/a/f/7/230x258/SDL274524392_1384954381_image1-bd220.jpg" style="opacity: 1; "/><div class="shippingImage tooltip"><span class="box"><span class="arw"></span><label class="lang dispatched-one-day-lang">Dispatched in 1 business day</label></span></div></div><div class="product_grid_cont_heading">Lee Linen Luxury Shirt</div><div class="ratingStarsSmall ratingStarsBelowTitle" style="background-position: 0px -108px;"><span> (1) </span></div><div class="product_grid_cont_price_outer"><div class="product_price "><span class="originalprice ">Rs 1799</span>  Rs 1259</div><div class="product_discount_outer"><div class="product_discount">30%</div></div></div><div class="cod-ico"><label class="lang">Cash on Delivery Available</label></div></a>
<a categoryid="17" class="hit-ss-logger" href="http://www.snapdeal.com/product/lee-lee-gingham-check-shirt/1156465966?pos=41;88" ispartialsearch="false" pogid="1156465966" pos="41;88" v="p"><div alt="Lee Lee Gingham Check Shirt" atl="Lee Lee Gingham Check Shirt" class="product-image"><img border="0" class="" lazysrc="http://n1.sdlcdn.com/imgs/a/f/7/230x258/SDL383713325_1384953166_image1-9ad08.jpg" src="http://n1.sdlcdn.com/imgs/a/f/7/230x258/SDL383713325_1384953166_image1-9ad08.jpg" style="opacity: 1; "/><div class="shippingImage tooltip"><span class="box"><span class="arw"></span><label class="lang dispatched-one-day-lang">Dispatched in 1 business day</label></span></div></div><div class="product_grid_cont_heading">Lee Lee Gingham Check Shirt</div><div class="product_grid_cont_price_outer"><div class="product_price "><span class="originalprice ">Rs 1699</span>  Rs 1189</div><div class="product_discount_outer"><div class="product_discount">30%</div></div></div><div class="cod-ico"><label class="lang">Cash on Delivery Available</label></div></a>
<a categoryid="17" class="hit-ss-logger" href="http://www.snapdeal.com/product/lee-bold-check-shirt/11514844?pos=42;88" ispartialsearch="false" pogid="11514844" pos="42;88" v="p"><div alt="Lee Bold Check Shirt" atl="Lee Bold Check Shirt" class="product-image"><img border="0" class="" lazysrc="http://n1.sdlcdn.com/imgs/a/f/7/230x258/SDL389449969_1384953622_image1-533bb.jpg" src="http://n1.sdlcdn.com/imgs/a/f/7/230x258/SDL389449969_1384953622_image1-533bb.jpg" style="opacity: 1; "/><div class="shippingImage tooltip"><span class="box"><span class="arw"></span><label class="lang dispatched-one-day-lang">Dispatched in 1 business day</label></span></div></div><div class="product_grid_cont_heading">Lee Bold Check Shirt</div><div class="product_grid_cont_price_outer"><div class="product_price "><span class="originalprice ">Rs 1899</span>  Rs 1329</div><div class="product_discount_outer"><div class="product_discount">30%</div></div></div><div class="cod-ico"><label class="lang">Cash on Delivery Available</label></div></a>
<a categoryid="17" class="hit-ss-logger" href="http://www.snapdeal.com/product/lee-sunpower-stripe-shirt/1038950512?pos=43;88" ispartialsearch="false" pogid="1038950512" pos="43;88" v="p"><div alt="Lee Sunpower Stripe Shirt" atl="Lee Sunpower Stripe Shirt" class="product-image"><img border="0" class="" lazysrc="http://n2.sdlcdn.com/imgs/a/f/7/230x258/SDL389009510_1384953532_image1-69d29.jpg" src="http://n2.sdlcdn.com/imgs/a/f/7/230x258/SDL389009510_1384953532_image1-69d29.jpg" style="opacity: 1; "/><div class="shippingImage tooltip"><span class="box"><span class="arw"></span><label class="lang dispatched-one-day-lang">Dispatched in 1 business day</label></span></div></div><div class="product_grid_cont_heading">Lee Sunpower Stripe Shirt</div><div class="product_grid_cont_price_outer"><div class="product_price "><span class="originalprice ">Rs 1799</span>  Rs 1259</div><div class="product_discount_outer"><div class="product_discount">30%</div></div></div><div class="cod-ico"><label class="lang">Cash on Delivery Available</label></div></a>
<a categoryid="17" class="hit-ss-logger" href="http://www.snapdeal.com/product/lee-solid-shirt-with-denim/450508162?pos=44;88" ispartialsearch="false" pogid="450508162" pos="44;88" v="p"><div alt="Lee Solid Shirt With Denim- Like Placket" atl="Lee Solid Shirt With Denim- Like Placket" class="product-image"><img border="0" class="" lazysrc="http://n2.sdlcdn.com/imgs/a/f/6/230x258/SDL579863226_1384932086_image1-98e2c.jpg" src="http://n2.sdlcdn.com/imgs/a/f/6/230x258/SDL579863226_1384932086_image1-98e2c.jpg" style="opacity: 1; "/><div class="shippingImage tooltip"><span class="box"><span class="arw"></span><label class="lang dispatched-one-day-lang">Dispatched in 1 business day</label></span></div></div><div class="product_grid_cont_heading">Lee Solid Shirt With Denim- Like Placket</div><div class="ratingStarsSmall ratingStarsBelowTitle" style="background-position: 0px -108px;"><span> (2) </span></div><div class="product_grid_cont_price_outer"><div class="product_price "><span class="originalprice ">Rs 1699</span>  Rs 1189</div><div class="product_discount_outer"><div class="product_discount">30%</div></div></div><div class="cod-ico"><label class="lang">Cash on Delivery Available</label></div></a>
<a categoryid="17" class="hit-ss-logger" href="http://www.snapdeal.com/product/lee-half-sleeve-awning-stripe/130997040?pos=45;88" ispartialsearch="false" pogid="130997040" pos="45;88" v="p"><div alt="Lee Half Sleeve Awning Stripe Shirt" atl="Lee Half Sleeve Awning Stripe Shirt" class="product-image"><img border="0" class="" lazysrc="http://n1.sdlcdn.com/imgs/a/f/6/230x258/SDL589505947_1384931748_image1-ee833.jpg" src="http://n1.sdlcdn.com/imgs/a/f/6/230x258/SDL589505947_1384931748_image1-ee833.jpg" style="opacity: 1; "/><div class="shippingImage tooltip"><span class="box"><span class="arw"></span><label class="lang dispatched-one-day-lang">Dispatched in 1 business day</label></span></div></div><div class="product_grid_cont_heading">Lee Half Sleeve Awning Stripe Shirt</div><div class="product_grid_cont_price_outer"><div class="product_price "><span class="originalprice ">Rs 1299</span>  Rs 909</div><div class="product_discount_outer"><div class="product_discount">30%</div></div></div><div class="cod-ico"><label class="lang">Cash on Delivery Available</label></div></a>
<a categoryid="17" class="hit-ss-logger" href="http://www.snapdeal.com/product/lee-pink-striped-shirt/855500168?pos=46;88" ispartialsearch="false" pogid="855500168" pos="46;88" v="p"><div alt="Lee Pink Striped Shirt" atl="Lee Pink Striped Shirt" class="product-image"><img border="0" src="http://n4.sdlcdn.com/imgs/a/d/e/230x258/SDL275827592_1378195777_image1-bc8ba.jpg" style="opacity: 1; "/></div><div class="product_grid_cont_heading">Lee Pink Striped Shirt</div><div class="product_grid_cont_price_outer"><div class="product_price "><span class="originalprice ">Rs 1599</span>  Rs 1119</div><div class="product_discount_outer"><div class="product_discount">30%</div></div></div><div class="cod-ico"><label class="lang">Cash on Delivery Available</label></div></a>
<a categoryid="17" class="hit-ss-logger" href="http://www.snapdeal.com/product/lee-grey-solid-shirt/584663382?pos=47;88" ispartialsearch="false" pogid="584663382" pos="47;88" v="p"><div alt="Lee Grey Solid Shirt" atl="Lee Grey Solid Shirt" class="product-image"><img border="0" class="" lazysrc="http://n1.sdlcdn.com/imgs/a/d/e/230x258/SDL271665003_1378195754_image1-0f9b8.jpg" src="http://n1.sdlcdn.com/imgs/a/d/e/230x258/SDL271665003_1378195754_image1-0f9b8.jpg" style="opacity: 1; "/></div><div class="product_grid_cont_heading">Lee Grey Solid Shirt</div><div class="ratingStarsSmall ratingStarsBelowTitle" style="background-position: 0px -144px;"><span> (7) </span></div><div class="product_grid_cont_price_outer"><div class="product_price "><span class="originalprice ">Rs 1999</span>  Rs 1399</div><div class="product_discount_outer"><div class="product_discount">30%</div></div></div><div class="cod-ico"><label class="lang">Cash on Delivery Available</label></div></a>
<a categoryid="17" class="hit-ss-logger" href="http://www.snapdeal.com/product/lee-red-men-casual-shirts/787232431?pos=48;88" ispartialsearch="false" pogid="787232431" pos="48;88" v="p"><div alt="Lee Red Men - Casual Shirts" atl="Lee Red Men - Casual Shirts" class="product-image"><img border="0" class="" lazysrc="http://n4.sdlcdn.com/imgs/a/h/a/230x258/SDL665515026_1392211499_image1-5edb9.jpg" src="http://n4.sdlcdn.com/imgs/a/h/a/230x258/SDL665515026_1392211499_image1-5edb9.jpg" style="opacity: 1; "/></div><div class="product_grid_cont_heading">Lee Red Men - Casual Shirts</div><div class="product_grid_cont_price_outer"><div class="product_price "><span class="originalprice ">Rs 1599</span>  Rs 1049</div><div class="product_discount_outer"><div class="product_discount">34%</div></div></div><div class="cod-ico"><label class="lang">Cash on Delivery Available</label></div></a>
<a categoryid="17" class="hit-ss-logger" href="http://www.snapdeal.com/product/lee-white-full-sleeves-cotton/316122525?pos=49;88" ispartialsearch="false" pogid="316122525" pos="49;88" v="p"><div alt="Lee White Full Sleeves Cotton Men - Casual Shirts" atl="Lee White Full Sleeves Cotton Men - Casual Shirts" class="product-image"><img border="0" class="" lazysrc="http://n2.sdlcdn.com/imgs/a/h/a/230x258/SDL930786073_1392213982_image1-097fe.jpg" src="http://n2.sdlcdn.com/imgs/a/h/a/230x258/SDL930786073_1392213982_image1-097fe.jpg" style="opacity: 1; "/></div><div class="product_grid_cont_heading">Lee White Full Sleeves Cotton Men - Casual Shirts</div><div class="product_grid_cont_price_outer"><div class="product_price "><span class="originalprice ">Rs 1599</span>  Rs 1049</div><div class="product_discount_outer"><div class="product_discount">34%</div></div></div><div class="cod-ico"><label class="lang">Cash on Delivery Available</label></div></a>
<a categoryid="17" class="hit-ss-logger" href="http://www.snapdeal.com/product/lee-blue-half-sleeves-cotton/1508630517?pos=50;88" ispartialsearch="false" pogid="1508630517" pos="50;88" v="p"><div alt="Lee Blue Half Sleeves Cotton Men - Casual Shirts" atl="Lee Blue Half Sleeves Cotton Men - Casual Shirts" class="product-image"><img border="0" class="" lazysrc="http://n4.sdlcdn.com/imgs/a/h/a/230x258/SDL928579319_1392213962_image1-b27c3.jpg" src="http://n4.sdlcdn.com/imgs/a/h/a/230x258/SDL928579319_1392213962_image1-b27c3.jpg" style="opacity: 1; "/></div><div class="product_grid_cont_heading">Lee Blue Half Sleeves Cotton Men - Casual Shirts</div><div class="product_grid_cont_price_outer"><div class="product_price "><span class="originalprice ">Rs 1499</span>  Rs 999</div><div class="product_discount_outer"><div class="product_discount">33%</div></div></div><div class="cod-ico"><label class="lang">Cash on Delivery Available</label></div></a>
<a categoryid="17" class="hit-ss-logger" href="http://www.snapdeal.com/product/lee-blue-half-sleeves-cotton/33272647?pos=51;88" ispartialsearch="false" pogid="33272647" pos="51;88" v="p"><div alt="Lee Blue Half Sleeves Cotton Men - Casual Shirts" atl="Lee Blue Half Sleeves Cotton Men - Casual Shirts" class="product-image"><img border="0" class="" lazysrc="http://n1.sdlcdn.com/imgs/a/h/a/230x258/SDL941268690_1392214065_image1-884b7.jpg" src="http://n1.sdlcdn.com/imgs/a/h/a/230x258/SDL941268690_1392214065_image1-884b7.jpg" style="opacity: 1; "/></div><div class="product_grid_cont_heading">Lee Blue Half Sleeves Cotton Men - Casual Shirts</div><div class="product_grid_cont_price_outer"><div class="product_price "><span class="originalprice ">Rs 1699</span>  Rs 1099</div><div class="product_discount_outer"><div class="product_discount">35%</div></div></div><div class="cod-ico"><label class="lang">Cash on Delivery Available</label></div></a>
<a categoryid="17" class="hit-ss-logger" href="http://www.snapdeal.com/product/lee-yellow-half-sleeves-cotton/500473163?pos=52;88" ispartialsearch="false" pogid="500473163" pos="52;88" v="p"><div alt="Lee Yellow Half Sleeves Cotton Men - Casual Shirts" atl="Lee Yellow Half Sleeves Cotton Men - Casual Shirts" class="product-image"><img border="0" class="" lazysrc="http://n1.sdlcdn.com/imgs/a/h/a/230x258/SDL928164613_1392213988_image1-8f26e.jpg" src="http://n1.sdlcdn.com/imgs/a/h/a/230x258/SDL928164613_1392213988_image1-8f26e.jpg" style="opacity: 1; "/></div><div class="product_grid_cont_heading">Lee Yellow Half Sleeves Cotton Men - Casual Shirts</div><div class="product_grid_cont_price_outer"><div class="product_price "><span class="originalprice ">Rs 1499</span>  Rs 999</div><div class="product_discount_outer"><div class="product_discount">33%</div></div></div><div class="cod-ico"><label class="lang">Cash on Delivery Available</label></div></a>
<a categoryid="17" class="hit-ss-logger" href="http://www.snapdeal.com/product/lee-blue-full-sleeves-cotton/668043556?pos=53;88" ispartialsearch="false" pogid="668043556" pos="53;88" v="p"><div alt="Lee Blue Full Sleeves Cotton Men - Casual Shirts" atl="Lee Blue Full Sleeves Cotton Men - Casual Shirts" class="product-image"><img border="0" class="" lazysrc="http://n4.sdlcdn.com/imgs/a/h/a/230x258/SDL670178908_1392211468_image1-6b939.jpg" src="http://n4.sdlcdn.com/imgs/a/h/a/230x258/SDL670178908_1392211468_image1-6b939.jpg" style="opacity: 1; "/></div><div class="product_grid_cont_heading">Lee Blue Full Sleeves Cotton Men - Casual Shirts</div><div class="product_grid_cont_price_outer"><div class="product_price "><span class="originalprice ">Rs 1699</span>  Rs 1099</div><div class="product_discount_outer"><div class="product_discount">35%</div></div></div><div class="cod-ico"><label class="lang">Cash on Delivery Available</label></div></a>
<a categoryid="17" class="hit-ss-logger" href="http://www.snapdeal.com/product/lee-men-shirts-lesh-5592/112347888?pos=54;88" ispartialsearch="false" pogid="112347888" pos="54;88" v="p"><div alt="Lee Men Shirts LESH 5592" atl="Lee Men Shirts LESH 5592" class="product-image"><img border="0" class="" lazysrc="http://n1.sdlcdn.com/imgs/a/h/a/230x258/SDL545814929_1392210740_image1-c7f2a.jpg" src="http://n1.sdlcdn.com/imgs/a/h/a/230x258/SDL545814929_1392210740_image1-c7f2a.jpg" style="opacity: 1; "/></div><div class="product_grid_cont_heading">Lee Men Shirts LESH 5592</div><div class="product_grid_cont_price_outer"><div class="product_price "><span class="originalprice ">Rs 1899</span>  Rs 799</div><div class="product_discount_outer"><div class="product_discount">58%</div></div></div><div class="cod-ico"><label class="lang">Cash on Delivery Available</label></div></a>
<a categoryid="17" class="hit-ss-logger" href="http://www.snapdeal.com/product/lee-blue-half-sleeves-cotton/1621878869?pos=55;88" ispartialsearch="false" pogid="1621878869" pos="55;88" v="p"><div alt="Lee Blue Half Sleeves Cotton Checks - Casual Shirts" atl="Lee Blue Half Sleeves Cotton Checks - Casual Shirts" class="product-image"><img border="0" class="" lazysrc="http://n1.sdlcdn.com/imgs/a/h/a/230x258/SDL667628817_1392211274_image1-fc21b.jpg" src="http://n1.sdlcdn.com/imgs/a/h/a/230x258/SDL667628817_1392211274_image1-fc21b.jpg" style="opacity: 1; "/></div><div class="product_grid_cont_heading">Lee Blue Half Sleeves Cotton Checks - Casual Shirts</div><div class="product_grid_cont_price_outer"><div class="product_price "><span class="originalprice ">Rs 1599</span>  Rs 1049</div><div class="product_discount_outer"><div class="product_discount">34%</div></div></div><div class="cod-ico"><label class="lang">Cash on Delivery Available</label></div></a>
<a categoryid="17" class="hit-ss-logger" href="http://www.snapdeal.com/product/lee-pink-full-sleeves-cotton/966471020?pos=56;88" ispartialsearch="false" pogid="966471020" pos="56;88" v="p"><div alt="Lee Pink Full Sleeves Cotton Women - Shirts" atl="Lee Pink Full Sleeves Cotton Women - Shirts" class="product-image"><img border="0" class="" lazysrc="http://n4.sdlcdn.com/imgs/a/h/a/230x258/SDL689710390_1392211355_image1-d339d.jpg" src="http://n4.sdlcdn.com/imgs/a/h/a/230x258/SDL689710390_1392211355_image1-d339d.jpg" style="opacity: 1; "/></div><div class="product_grid_cont_heading">Lee Pink Full Sleeves Cotton Women - Shirts</div><div class="product_grid_cont_price_outer"><div class="product_price "><span class="originalprice ">Rs 1299</span>  Rs 849</div><div class="product_discount_outer"><div class="product_discount">35%</div></div></div><div class="cod-ico"><label class="lang">Cash on Delivery Available</label></div></a>
<a categoryid="17" class="hit-ss-logger" href="http://www.snapdeal.com/product/lee-white-men-casual-shirts/586920440?pos=57;88" ispartialsearch="false" pogid="586920440" pos="57;88" v="p"><div alt="Lee White Men - Casual Shirts" atl="Lee White Men - Casual Shirts" class="product-image"><img border="0" class="" lazysrc="http://n3.sdlcdn.com/imgs/a/h/a/230x258/SDL663023389_1392211255_image1-8c27f.jpg" src="http://n3.sdlcdn.com/imgs/a/h/a/230x258/SDL663023389_1392211255_image1-8c27f.jpg" style="opacity: 1; "/></div><div class="product_grid_cont_heading">Lee White Men - Casual Shirts</div><div class="product_grid_cont_price_outer"><div class="product_price "><span class="originalprice ">Rs 1799</span>  Rs 1199</div><div class="product_discount_outer"><div class="product_discount">33%</div></div></div><div class="cod-ico"><label class="lang">Cash on Delivery Available</label></div></a>
<a categoryid="17" class="hit-ss-logger" href="http://www.snapdeal.com/product/lee-yellow-half-sleeves-cotton/463258169?pos=58;88" ispartialsearch="false" pogid="463258169" pos="58;88" v="p"><div alt="Lee Yellow Half Sleeves Cotton Men - Casual Shirts" atl="Lee Yellow Half Sleeves Cotton Men - Casual Shirts" class="product-image"><img border="0" class="" lazysrc="http://n3.sdlcdn.com/imgs/a/h/a/230x258/SDL665070686_1392211201_image1-59eea.jpg" src="http://n3.sdlcdn.com/imgs/a/h/a/230x258/SDL665070686_1392211201_image1-59eea.jpg" style="opacity: 1; "/></div><div class="product_grid_cont_heading">Lee Yellow Half Sleeves Cotton Men - Casual Shirts</div><div class="product_grid_cont_price_outer"><div class="product_price "><span class="originalprice ">Rs 1799</span>  Rs 1199</div><div class="product_discount_outer"><div class="product_discount">33%</div></div></div><div class="cod-ico"><label class="lang">Cash on Delivery Available</label></div></a>
<a categoryid="17" class="hit-ss-logger" href="http://www.snapdeal.com/product/lee-blue-men-casual-shirts/1589885705?pos=59;88" ispartialsearch="false" pogid="1589885705" pos="59;88" v="p"><div alt="Lee Blue Men - Casual Shirts" atl="Lee Blue Men - Casual Shirts" class="product-image"><img border="0" class="" lazysrc="http://n3.sdlcdn.com/imgs/a/h/a/230x258/SDL663265774_1392211461_image1-7883c.jpg" src="http://n3.sdlcdn.com/imgs/a/h/a/230x258/SDL663265774_1392211461_image1-7883c.jpg" style="opacity: 1; "/></div><div class="product_grid_cont_heading">Lee Blue Men - Casual Shirts</div><div class="product_grid_cont_price_outer"><div class="product_price "><span class="originalprice ">Rs 1499</span>  Rs 999</div><div class="product_discount_outer"><div class="product_discount">33%</div></div></div><div class="cod-ico"><label class="lang">Cash on Delivery Available</label></div></a>
<a categoryid="17" class="hit-ss-logger" href="http://www.snapdeal.com/product/lee-white-half-sleeves-cotton/1772948164?pos=60;88" ispartialsearch="false" pogid="1772948164" pos="60;88" v="p"><div alt="Lee White Half Sleeves Cotton Men - Casual Shirts" atl="Lee White Half Sleeves Cotton Men - Casual Shirts" class="product-image"><img border="0" class="" lazysrc="http://n2.sdlcdn.com/imgs/a/h/a/230x258/SDL664317625_1392211400_image1-c7ec5.jpg" src="http://n2.sdlcdn.com/imgs/a/h/a/230x258/SDL664317625_1392211400_image1-c7ec5.jpg" style="opacity: 1; "/></div><div class="product_grid_cont_heading">Lee White Half Sleeves Cotton Men - Casual Shirts</div><div class="product_grid_cont_price_outer"><div class="product_price "><span class="originalprice ">Rs 1699</span>  Rs 1099</div><div class="product_discount_outer"><div class="product_discount">35%</div></div></div><div class="cod-ico"><label class="lang">Cash on Delivery Available</label></div></a>
<a categoryid="17" class="hit-ss-logger" href="http://www.snapdeal.com/product/lee-blue-cotton-half-sleeves/613119529?pos=61;88" ispartialsearch="false" pogid="613119529" pos="61;88" v="p"><div alt="Lee Blue Cotton Half Sleeves Men - Casual Shirts" atl="Lee Blue Cotton Half Sleeves Men - Casual Shirts" class="product-image"><img border="0" src="http://n2.sdlcdn.com/imgs/a/h/a/230x258/SDL666548613_1392211166_image1-0216b.jpg" style="opacity: 1; "/></div><div class="product_grid_cont_heading">Lee Blue Cotton Half Sleeves Men - Casual Shirts</div><div class="product_grid_cont_price_outer"><div class="product_price "><span class="originalprice ">Rs 1599</span>  Rs 1049</div><div class="product_discount_outer"><div class="product_discount">34%</div></div></div><div class="cod-ico"><label class="lang">Cash on Delivery Available</label></div></a>
<a categoryid="17" class="hit-ss-logger" href="http://www.snapdeal.com/product/lee-yellow-full-sleeves-cotton/770549216?pos=62;88" ispartialsearch="false" pogid="770549216" pos="62;88" v="p"><div alt="Lee Yellow Full Sleeves Cotton Men - Casual Shirts" atl="Lee Yellow Full Sleeves Cotton Men - Casual Shirts" class="product-image"><img border="0" class="" lazysrc="http://n4.sdlcdn.com/imgs/a/h/a/230x258/SDL665448624_1392211451_image1-f91d6.jpg" src="http://n4.sdlcdn.com/imgs/a/h/a/230x258/SDL665448624_1392211451_image1-f91d6.jpg" style="opacity: 1; "/></div><div class="product_grid_cont_heading">Lee Yellow Full Sleeves Cotton Men - Casual Shirts</div><div class="product_grid_cont_price_outer"><div class="product_price "><span class="originalprice ">Rs 1599</span>  Rs 1049</div><div class="product_discount_outer"><div class="product_discount">34%</div></div></div><div class="cod-ico"><label class="lang">Cash on Delivery Available</label></div></a>
<a categoryid="17" class="hit-ss-logger" href="http://www.snapdeal.com/product/lee-red-full-sleeves-cotton/1305805981?pos=63;88" ispartialsearch="false" pogid="1305805981" pos="63;88" v="p"><div alt="Lee Red Full Sleeves Cotton Men - Casual Shirts" atl="Lee Red Full Sleeves Cotton Men - Casual Shirts" class="product-image"><img border="0" class="" lazysrc="http://n4.sdlcdn.com/imgs/a/h/a/230x258/SDL664000372_1392211428_image1-c31e3.jpg" src="http://n4.sdlcdn.com/imgs/a/h/a/230x258/SDL664000372_1392211428_image1-c31e3.jpg" style="opacity: 1; "/></div><div class="product_grid_cont_heading">Lee Red Full Sleeves Cotton Men - Casual Shirts</div><div class="product_grid_cont_price_outer"><div class="product_price "><span class="originalprice ">Rs 1699</span>  Rs 1099</div><div class="product_discount_outer"><div class="product_discount">35%</div></div></div><div class="cod-ico"><label class="lang">Cash on Delivery Available</label></div></a>
<a categoryid="17" class="hit-ss-logger" href="http://www.snapdeal.com/product/lee-pink-cotton-women-full/316614959?pos=64;88" ispartialsearch="false" pogid="316614959" pos="64;88" v="p"><div alt="Lee Pink Cotton Women Full Sleeves - Casual Shirts" atl="Lee Pink Cotton Women Full Sleeves - Casual Shirts" class="product-image"><img border="0" class="" lazysrc="http://n1.sdlcdn.com/imgs/a/h/a/230x258/SDL635293776_1392213114_image1-39b95.jpg" src="http://n1.sdlcdn.com/imgs/a/h/a/230x258/SDL635293776_1392213114_image1-39b95.jpg" style="opacity: 1; "/></div><div class="product_grid_cont_heading">Lee Pink Cotton Women Full Sleeves - Casual Shirts</div><div class="product_grid_cont_price_outer"><div class="product_price "><span class="originalprice ">Rs 1399</span>  Rs 949</div><div class="product_discount_outer"><div class="product_discount">32%</div></div></div><div class="cod-ico"><label class="lang">Cash on Delivery Available</label></div></a>
<a categoryid="17" class="hit-ss-logger" href="http://www.snapdeal.com/product/lee-black-cotton-women-full/684937677?pos=65;88" ispartialsearch="false" pogid="684937677" pos="65;88" v="p"><div alt="Lee Black Cotton Women Full Sleeves - Casual Shirts" atl="Lee Black Cotton Women Full Sleeves - Casual Shirts" class="product-image"><img border="0" class="" lazysrc="http://n4.sdlcdn.com/imgs/a/h/a/230x258/SDL628913814_1392213110_image1-814e9.jpg" src="http://n4.sdlcdn.com/imgs/a/h/a/230x258/SDL628913814_1392213110_image1-814e9.jpg" style="opacity: 1; "/></div><div class="product_grid_cont_heading">Lee Black Cotton Women Full Sleeves - Casual Shirts</div><div class="product_grid_cont_price_outer"><div class="product_price "><span class="originalprice ">Rs 1299</span>  Rs 849</div><div class="product_discount_outer"><div class="product_discount">35%</div></div></div><div class="cod-ico"><label class="lang">Cash on Delivery Available</label></div></a>
<a categoryid="17" class="hit-ss-logger" href="http://www.snapdeal.com/product/lee-white-cotton-women-full/836856453?pos=66;88" ispartialsearch="false" pogid="836856453" pos="66;88" v="p"><div alt="Lee White Cotton Women Full Sleeves - Casual Shirts" atl="Lee White Cotton Women Full Sleeves - Casual Shirts" class="product-image"><img border="0" class="" lazysrc="http://n1.sdlcdn.com/imgs/a/h/a/230x258/SDL631495658_1392213102_image1-d5c39.jpg" src="http://n1.sdlcdn.com/imgs/a/h/a/230x258/SDL631495658_1392213102_image1-d5c39.jpg" style="opacity: 1; "/></div><div class="product_grid_cont_heading">Lee White Cotton Women Full Sleeves - Casual Shirts</div><div class="product_grid_cont_price_outer"><div class="product_price "><span class="originalprice ">Rs 1399</span>  Rs 949</div><div class="product_discount_outer"><div class="product_discount">32%</div></div></div><div class="cod-ico"><label class="lang">Cash on Delivery Available</label></div></a>
<a categoryid="17" class="hit-ss-logger" href="http://www.snapdeal.com/product/lee-green-half-sleeves-cotton/1687382670?pos=67;88" ispartialsearch="false" pogid="1687382670" pos="67;88" v="p"><div alt="Lee Green Half Sleeves Cotton Men - Casual Shirts" atl="Lee Green Half Sleeves Cotton Men - Casual Shirts" class="product-image"><img border="0" class="" lazysrc="http://n2.sdlcdn.com/imgs/a/h/a/230x258/SDL662374059_1392211342_image1-46d71.jpg" src="http://n2.sdlcdn.com/imgs/a/h/a/230x258/SDL662374059_1392211342_image1-46d71.jpg" style="opacity: 1; "/></div><div class="product_grid_cont_heading">Lee Green Half Sleeves Cotton Men - Casual Shirts</div><div class="product_grid_cont_price_outer"><div class="product_price "><span class="originalprice ">Rs 1599</span>  Rs 1049</div><div class="product_discount_outer"><div class="product_discount">34%</div></div></div><div class="cod-ico"><label class="lang">Cash on Delivery Available</label></div></a>
<a categoryid="17" class="hit-ss-logger" href="http://www.snapdeal.com/product/lee-grey-full-sleeves-cotton/1656135959?pos=68;88" ispartialsearch="false" pogid="1656135959" pos="68;88" v="p"><div alt="Lee Grey Full Sleeves Cotton Men - Casual Shirts" atl="Lee Grey Full Sleeves Cotton Men - Casual Shirts" class="product-image"><img border="0" class="" lazysrc="http://n3.sdlcdn.com/imgs/a/h/a/230x258/SDL483915975_1392213125_image1-b229f.jpg" src="http://n3.sdlcdn.com/imgs/a/h/a/230x258/SDL483915975_1392213125_image1-b229f.jpg" style="opacity: 1; "/></div><div class="product_grid_cont_heading">Lee Grey Full Sleeves Cotton Men - Casual Shirts</div><div class="product_grid_cont_price_outer"><div class="product_price "><span class="originalprice ">Rs 1599</span>  Rs 1049</div><div class="product_discount_outer"><div class="product_discount">34%</div></div></div><div class="cod-ico"><label class="lang">Cash on Delivery Available</label></div></a>
<a categoryid="17" class="hit-ss-logger" href="http://www.snapdeal.com/product/lee-yellow-full-sleeves-cotton/179864334?pos=69;88" ispartialsearch="false" pogid="179864334" pos="69;88" v="p"><div alt="Lee Yellow Full Sleeves Cotton Men - Casual Shirts" atl="Lee Yellow Full Sleeves Cotton Men - Casual Shirts" class="product-image"><img border="0" class="" lazysrc="http://n1.sdlcdn.com/imgs/a/h/a/230x258/SDL662069380_1392211217_image1-2498c.jpg" src="http://n1.sdlcdn.com/imgs/a/h/a/230x258/SDL662069380_1392211217_image1-2498c.jpg" style="opacity: 1; "/></div><div class="product_grid_cont_heading">Lee Yellow Full Sleeves Cotton Men - Casual Shirts</div><div class="product_grid_cont_price_outer"><div class="product_price "><span class="originalprice ">Rs 1699</span>  Rs 1099</div><div class="product_discount_outer"><div class="product_discount">35%</div></div></div><div class="cod-ico"><label class="lang">Cash on Delivery Available</label></div></a>
<a categoryid="17" class="hit-ss-logger" href="http://www.snapdeal.com/product/lee-grey-cotton-women-full/1620549738?pos=70;88" ispartialsearch="false" pogid="1620549738" pos="70;88" v="p"><div alt="Lee Grey Cotton Women Full Sleeves - Casual Shirts" atl="Lee Grey Cotton Women Full Sleeves - Casual Shirts" class="product-image"><img border="0" class="" lazysrc="http://n1.sdlcdn.com/imgs/a/h/a/230x258/SDL624305235_1392213295_image1-d5a2f.jpg" src="http://n1.sdlcdn.com/imgs/a/h/a/230x258/SDL624305235_1392213295_image1-d5a2f.jpg" style="opacity: 1; "/></div><div class="product_grid_cont_heading">Lee Grey Cotton Women Full Sleeves - Casual Shirts</div><div class="product_grid_cont_price_outer"><div class="product_price "><span class="originalprice ">Rs 1399</span>  Rs 949</div><div class="product_discount_outer"><div class="product_discount">32%</div></div></div><div class="cod-ico"><label class="lang">Cash on Delivery Available</label></div></a>
<a categoryid="17" class="hit-ss-logger" href="http://www.snapdeal.com/product/lee-gingham-check-shirt-with/1609106920?pos=71;88" ispartialsearch="false" pogid="1609106920" pos="71;88" v="p"><div alt="Lee Gingham Check Shirt With Trendy Pocket" atl="Lee Gingham Check Shirt With Trendy Pocket" class="product-image"><img border="0" class="" lazysrc="http://n2.sdlcdn.com/imgs/a/f/6/230x258/SDL530689836_1384931945_image1-08b66.jpg" src="http://n2.sdlcdn.com/imgs/a/f/6/230x258/SDL530689836_1384931945_image1-08b66.jpg" style="opacity: 1; "/><div class="shippingImage tooltip"><span class="box"><span class="arw"></span><label class="lang dispatched-one-day-lang">Dispatched in 1 business day</label></span></div><div class="soldout prod-grid-sold-out-lang"></div></div><div class="product_grid_cont_heading">Lee Gingham Check Shirt With Trendy Pocket</div><div class="ratingStarsSmall ratingStarsBelowTitle" style="background-position: 0px -180px;"><span> (1) </span></div><div class="product_grid_cont_price_outer"><div class="product_price "><span class="originalprice ">Rs 1199</span>  Rs 839</div><div class="product_discount_outer"><div class="product_discount">30%</div></div></div><div class="cod-ico"><label class="lang">Cash on Delivery Available</label></div></a>
<a categoryid="17" class="hit-ss-logger" href="http://www.snapdeal.com/product/lee-exclusive-grey-casual-shirt/278080949?pos=72;88" ispartialsearch="false" pogid="278080949" pos="72;88" v="p"><div alt="Lee Exclusive Grey Casual Shirt" atl="Lee Exclusive Grey Casual Shirt" class="product-image"><img border="0" class="" lazysrc="http://n4.sdlcdn.com/imgs/a/d/q/230x258/SDL231886903_1379669885_image1-de2f3.jpg" src="http://n4.sdlcdn.com/imgs/a/d/q/230x258/SDL231886903_1379669885_image1-de2f3.jpg" style="opacity: 1; "/><div class="soldout prod-grid-sold-out-lang"></div></div><div class="product_grid_cont_heading">Lee Exclusive Grey Casual Shirt</div><div class="ratingStarsSmall ratingStarsBelowTitle" style="background-position: 0px -90px;"><span> (5) </span></div><div class="product_grid_cont_price_outer"><div class="product_price "><span class="originalprice ">Rs 1699</span>  Rs 1189</div><div class="product_discount_outer"><div class="product_discount">30%</div></div></div><div class="cod-ico"><label class="lang">Cash on Delivery Available</label></div></a>
<a categoryid="17" class="hit-ss-logger" href="http://www.snapdeal.com/product/lee-dark-blue-solid-shirt/1974410838?pos=73;88" ispartialsearch="false" pogid="1974410838" pos="73;88" v="p"><div alt="Lee Dark Blue Solid Shirt" atl="Lee Dark Blue Solid Shirt" class="product-image"><img border="0" class="" lazysrc="http://n1.sdlcdn.com/imgs/a/d/3/230x258/SDL245379279_1380888713_image1-cfb6e.jpg" src="http://n1.sdlcdn.com/imgs/a/d/3/230x258/SDL245379279_1380888713_image1-cfb6e.jpg" style="opacity: 1; "/><div class="shippingImage tooltip"><span class="box"><span class="arw"></span><label class="lang dispatched-one-day-lang">Dispatched in 1 business day</label></span></div><div class="soldout prod-grid-sold-out-lang"></div></div><div class="product_grid_cont_heading">Lee Dark Blue Solid Shirt</div><div class="product_grid_cont_price_outer"><div class="product_price "><span class="originalprice ">Rs 1299</span>  Rs 909</div><div class="product_discount_outer"><div class="product_discount">30%</div></div></div><div class="cod-ico"><label class="lang">Cash on Delivery Available</label></div></a>
<a categoryid="17" class="hit-ss-logger" href="http://www.snapdeal.com/product/lee-yellow-checkered-shirt/1357114468?pos=74;88" ispartialsearch="false" pogid="1357114468" pos="74;88" v="p"><div alt="Lee Light Summer Checks Shirt" atl="Lee Light Summer Checks Shirt" class="product-image"><img border="0" class="" lazysrc="http://n2.sdlcdn.com/imgs/a/g/u/230x258/SDL912394700_1389364455_image1-b82e9.jpg" src="http://n2.sdlcdn.com/imgs/a/g/u/230x258/SDL912394700_1389364455_image1-b82e9.jpg" style="opacity: 1; "/><div class="soldout prod-grid-sold-out-lang"></div></div><div class="product_grid_cont_heading">Lee Light Summer Checks Shirt</div><div class="product_grid_cont_price_outer"><div class="product_price "><span class="originalprice ">Rs 1499</span>  Rs 1049</div><div class="product_discount_outer"><div class="product_discount">30%</div></div></div><div class="cod-ico"><label class="lang">Cash on Delivery Available</label></div></a>
<a categoryid="17" class="hit-ss-logger" href="http://www.snapdeal.com/product/lee-check-shirt-with-metal/436173355?pos=75;88" ispartialsearch="false" pogid="436173355" pos="75;88" v="p"><div alt="Lee  Check Shirt With Metal Buttons" atl="Lee  Check Shirt With Metal Buttons" class="product-image"><img border="0" class="" lazysrc="http://n3.sdlcdn.com/imgs/a/f/7/230x258/SDL382983760_1384953510_image1-bf527.jpg" src="http://n3.sdlcdn.com/imgs/a/f/7/230x258/SDL382983760_1384953510_image1-bf527.jpg" style="opacity: 1; "/><div class="shippingImage tooltip"><span class="box"><span class="arw"></span><label class="lang dispatched-one-day-lang">Dispatched in 1 business day</label></span></div><div class="soldout prod-grid-sold-out-lang"></div></div><div class="product_grid_cont_heading">Lee  Check Shirt With Metal Buttons</div><div class="product_grid_cont_price_outer"><div class="product_price "><span class="originalprice ">Rs 1899</span>  Rs 1424</div><div class="product_discount_outer"><div class="product_discount">25%</div></div></div><div class="cod-ico"><label class="lang">Cash on Delivery Available</label></div></a>
<a categoryid="17" class="hit-ss-logger" href="http://www.snapdeal.com/product/lee-classic-versatile-shirt/2113299785?pos=76;88" ispartialsearch="false" pogid="2113299785" pos="76;88" v="p"><div alt="Lee Classic Versatile Shirt" atl="Lee Classic Versatile Shirt" class="product-image"><img border="0" src="http://n4.sdlcdn.com/imgs/a/f/7/230x258/SDL277590942_1384954588_image1-155e0.jpg" style="opacity: 1; "/><div class="shippingImage tooltip"><span class="box"><span class="arw"></span><label class="lang dispatched-one-day-lang">Dispatched in 1 business day</label></span></div><div class="soldout prod-grid-sold-out-lang"></div></div><div class="product_grid_cont_heading">Lee Classic Versatile Shirt</div><div class="product_grid_cont_price_outer"><div class="product_price "><span class="originalprice ">Rs 1299</span>  Rs 974</div><div class="product_discount_outer"><div class="product_discount">25%</div></div></div><div class="cod-ico"><label class="lang">Cash on Delivery Available</label></div></a>
<a categoryid="17" class="hit-ss-logger" href="http://www.snapdeal.com/product/lee-solid-coloured-cotton-shirt/1892013230?pos=77;88" ispartialsearch="false" pogid="1892013230" pos="77;88" v="p"><div alt="Lee Solid Coloured Cotton Shirt" atl="Lee Solid Coloured Cotton Shirt" class="product-image"><img border="0" class="" lazysrc="http://n2.sdlcdn.com/imgs/a/g/u/230x258/SDL605805598_1389365064_image1-138db.jpg" src="http://n2.sdlcdn.com/imgs/a/g/u/230x258/SDL605805598_1389365064_image1-138db.jpg" style="opacity: 1; "/><div class="soldout prod-grid-sold-out-lang"></div></div><div class="product_grid_cont_heading">Lee Solid Coloured Cotton Shirt</div><div class="product_grid_cont_price_outer"><div class="product_price "><span class="originalprice ">Rs 1699</span>  Rs 1189</div><div class="product_discount_outer"><div class="product_discount">30%</div></div></div><div class="cod-ico"><label class="lang">Cash on Delivery Available</label></div></a>
<a categoryid="17" class="hit-ss-logger" href="http://www.snapdeal.com/product/lee-gingham-check-shirt/293980879?pos=78;88" ispartialsearch="false" pogid="293980879" pos="78;88" v="p"><div alt="Lee Gingham Check Shirt" atl="Lee Gingham Check Shirt" class="product-image"><img border="0" class="" lazysrc="http://n2.sdlcdn.com/imgs/a/f/7/230x258/SDL389778641_1384953469_image1-eb613.jpg" src="http://n2.sdlcdn.com/imgs/a/f/7/230x258/SDL389778641_1384953469_image1-eb613.jpg" style="opacity: 1; "/><div class="shippingImage tooltip"><span class="box"><span class="arw"></span><label class="lang dispatched-one-day-lang">Dispatched in 1 business day</label></span></div><div class="soldout prod-grid-sold-out-lang"></div></div><div class="product_grid_cont_heading">Lee Gingham Check Shirt</div><div class="product_grid_cont_price_outer"><div class="product_price "><span class="originalprice ">Rs 1899</span>  Rs 1424</div><div class="product_discount_outer"><div class="product_discount">25%</div></div></div><div class="cod-ico"><label class="lang">Cash on Delivery Available</label></div></a>
<a categoryid="17" class="hit-ss-logger" href="http://www.snapdeal.com/product/lee-basic-full-sleeves-cotton/465912196?pos=79;88" ispartialsearch="false" pogid="465912196" pos="79;88" v="p"><div alt="Lee Basic Full Sleeves Cotton Shirt" atl="Lee Basic Full Sleeves Cotton Shirt" class="product-image"><img border="0" class="" lazysrc="http://n3.sdlcdn.com/imgs/a/f/6/230x258/SDL526559885_1384931733_image1-dd9dd.jpg" src="http://n3.sdlcdn.com/imgs/a/f/6/230x258/SDL526559885_1384931733_image1-dd9dd.jpg" style="opacity: 1; "/><div class="shippingImage tooltip"><span class="box"><span class="arw"></span><label class="lang dispatched-one-day-lang">Dispatched in 1 business day</label></span></div><div class="soldout prod-grid-sold-out-lang"></div></div><div class="product_grid_cont_heading">Lee Basic Full Sleeves Cotton Shirt</div><div class="product_grid_cont_price_outer"><div class="product_price "><span class="originalprice ">Rs 1299</span>  Rs 974</div><div class="product_discount_outer"><div class="product_discount">25%</div></div></div><div class="cod-ico"><label class="lang">Cash on Delivery Available</label></div></a>
<a categoryid="17" class="hit-ss-logger" href="http://www.snapdeal.com/product/lee-gingham-check-shirt-with/1099648031?pos=80;88" ispartialsearch="false" pogid="1099648031" pos="80;88" v="p"><div alt="Lee Gingham Check Shirt With Trendy Pocket" atl="Lee Gingham Check Shirt With Trendy Pocket" class="product-image"><img border="0" class="" lazysrc="http://n3.sdlcdn.com/imgs/a/f/6/230x258/SDL567746734_1384931759_image1-0a9bc.jpg" src="http://n3.sdlcdn.com/imgs/a/f/6/230x258/SDL567746734_1384931759_image1-0a9bc.jpg" style="opacity: 1; "/><div class="shippingImage tooltip"><span class="box"><span class="arw"></span><label class="lang dispatched-one-day-lang">Dispatched in 1 business day</label></span></div><div class="soldout prod-grid-sold-out-lang"></div></div><div class="product_grid_cont_heading">Lee Gingham Check Shirt With Trendy Pocket</div><div class="product_grid_cont_price_outer"><div class="product_price "><span class="originalprice ">Rs 1799</span>  Rs 1259</div><div class="product_discount_outer"><div class="product_discount">30%</div></div></div><div class="cod-ico"><label class="lang">Cash on Delivery Available</label></div></a>
<a categoryid="17" class="hit-ss-logger" href="http://www.snapdeal.com/product/lee-brook-slim-shirt/1037924066?pos=81;88" ispartialsearch="false" pogid="1037924066" pos="81;88" v="p"><div alt="Lee Brook Slim Shirt" atl="Lee Brook Slim Shirt" class="product-image"><img border="0" class="" lazysrc="http://n3.sdlcdn.com/imgs/a/f/6/230x258/SDL599535313_1384931709_image1-044d0.jpg" src="http://n3.sdlcdn.com/imgs/a/f/6/230x258/SDL599535313_1384931709_image1-044d0.jpg" style="opacity: 1; "/><div class="shippingImage tooltip"><span class="box"><span class="arw"></span><label class="lang dispatched-one-day-lang">Dispatched in 1 business day</label></span></div><div class="soldout prod-grid-sold-out-lang"></div></div><div class="product_grid_cont_heading">Lee Brook Slim Shirt</div><div class="product_grid_cont_price_outer"><div class="product_price "><span class="originalprice ">Rs 1599</span>  Rs 1199</div><div class="product_discount_outer"><div class="product_discount">25%</div></div></div><div class="cod-ico"><label class="lang">Cash on Delivery Available</label></div></a>
<a categoryid="17" class="hit-ss-logger" href="http://www.snapdeal.com/product/lee-solid-shirt-with-denim/211222095?pos=82;88" ispartialsearch="false" pogid="211222095" pos="82;88" v="p"><div alt="Lee Solid Shirt With Denim- Like Placket" atl="Lee Solid Shirt With Denim- Like Placket" class="product-image"><img border="0" class="" lazysrc="http://n1.sdlcdn.com/imgs/a/f/6/230x258/SDL568905187_1384932228_image1-0f496.jpg" src="http://n1.sdlcdn.com/imgs/a/f/6/230x258/SDL568905187_1384932228_image1-0f496.jpg" style="opacity: 1; "/><div class="shippingImage tooltip"><span class="box"><span class="arw"></span><label class="lang dispatched-one-day-lang">Dispatched in 1 business day</label></span></div><div class="soldout prod-grid-sold-out-lang"></div></div><div class="product_grid_cont_heading">Lee Solid Shirt With Denim- Like Placket</div><div class="product_grid_cont_price_outer"><div class="product_price "><span class="originalprice ">Rs 1699</span>  Rs 1189</div><div class="product_discount_outer"><div class="product_discount">30%</div></div></div><div class="cod-ico"><label class="lang">Cash on Delivery Available</label></div></a>
<a categoryid="17" class="hit-ss-logger" href="http://www.snapdeal.com/product/lee-bold-gingham-checks-shirt/1021018706?pos=83;88" ispartialsearch="false" pogid="1021018706" pos="83;88" v="p"><div alt="Lee Bold Gingham Checks Shirt" atl="Lee Bold Gingham Checks Shirt" class="product-image"><img border="0" class="" lazysrc="http://n1.sdlcdn.com/imgs/a/f/7/230x258/SDL284327761_1384954575_image1-0d88d.jpg" src="http://n1.sdlcdn.com/imgs/a/f/7/230x258/SDL284327761_1384954575_image1-0d88d.jpg" style="opacity: 1; "/><div class="shippingImage tooltip"><span class="box"><span class="arw"></span><label class="lang dispatched-one-day-lang">Dispatched in 1 business day</label></span></div><div class="soldout prod-grid-sold-out-lang"></div></div><div class="product_grid_cont_heading">Lee Bold Gingham Checks Shirt</div><div class="product_grid_cont_price_outer"><div class="product_price "><span class="originalprice ">Rs 1399</span>  Rs 979</div><div class="product_discount_outer"><div class="product_discount">30%</div></div></div><div class="cod-ico"><label class="lang">Cash on Delivery Available</label></div></a>
<a categoryid="17" class="hit-ss-logger" href="http://www.snapdeal.com/product/lee-basic-cotton-shirt/2012316907?pos=84;88" ispartialsearch="false" pogid="2012316907" pos="84;88" v="p"><div alt="Lee Basic Cotton Shirt" atl="Lee Basic Cotton Shirt" class="product-image"><img border="0" class="" lazysrc="http://n4.sdlcdn.com/imgs/a/f/6/230x258/SDL566694846_1384931953_image1-c5207.jpg" src="http://n4.sdlcdn.com/imgs/a/f/6/230x258/SDL566694846_1384931953_image1-c5207.jpg" style="opacity: 1; "/><div class="shippingImage tooltip"><span class="box"><span class="arw"></span><label class="lang dispatched-one-day-lang">Dispatched in 1 business day</label></span></div><div class="soldout prod-grid-sold-out-lang"></div></div><div class="product_grid_cont_heading">Lee Basic Cotton Shirt</div><div class="product_grid_cont_price_outer"><div class="product_price "><span class="originalprice ">Rs 1199</span>  Rs 839</div><div class="product_discount_outer"><div class="product_discount">30%</div></div></div><div class="cod-ico"><label class="lang">Cash on Delivery Available</label></div></a>
<a categoryid="17" class="hit-ss-logger" href="http://www.snapdeal.com/product/lee-contrast-stitch-summer-shirt/1756003892?pos=85;88" ispartialsearch="false" pogid="1756003892" pos="85;88" v="p"><div alt="Lee Contrast Stitch Summer Shirt" atl="Lee Contrast Stitch Summer Shirt" class="product-image"><img border="0" class="" lazysrc="http://n2.sdlcdn.com/imgs/a/f/7/230x258/SDL277015198_1384954519_image1-8bf7d.jpg" src="http://n2.sdlcdn.com/imgs/a/f/7/230x258/SDL277015198_1384954519_image1-8bf7d.jpg" style="opacity: 1; "/><div class="shippingImage tooltip"><span class="box"><span class="arw"></span><label class="lang dispatched-one-day-lang">Dispatched in 1 business day</label></span></div><div class="soldout prod-grid-sold-out-lang"></div></div><div class="product_grid_cont_heading">Lee Contrast Stitch Summer Shirt</div><div class="product_grid_cont_price_outer"><div class="product_price "><span class="originalprice ">Rs 1199</span>  Rs 839</div><div class="product_discount_outer"><div class="product_discount">30%</div></div></div><div class="cod-ico"><label class="lang">Cash on Delivery Available</label></div></a>
<a categoryid="17" class="hit-ss-logger" href="http://www.snapdeal.com/product/lee-multi-color-half-sleeves/1372567018?pos=86;88" ispartialsearch="false" pogid="1372567018" pos="86;88" v="p"><div alt="Lee Yellow Half Sleeves Cotton Men - Casual Shirts" atl="Lee Yellow Half Sleeves Cotton Men - Casual Shirts" class="product-image"><img border="0" class="" lazysrc="http://n4.sdlcdn.com/imgs/a/h/a/230x258/SDL757809901_1392217641_image1-81429.jpg" src="http://n4.sdlcdn.com/imgs/a/h/a/230x258/SDL757809901_1392217641_image1-81429.jpg" style="opacity: 1; "/><div class="soldout prod-grid-sold-out-lang"></div></div><div class="product_grid_cont_heading">Lee Yellow Half Sleeves Cotton Men - Casual Shirts</div><div class="product_grid_cont_price_outer"><div class="product_price no-float"><span class="originalprice no-display">Rs 1399</span>  Rs 1399</div></div><div class="cod-ico"><label class="lang">Cash on Delivery Available</label></div></a>
<a categoryid="17" class="hit-ss-logger" href="http://www.snapdeal.com/product/lee-dark-grey-half-sleeves/1153754011?pos=87;88" ispartialsearch="false" pogid="1153754011" pos="87;88" v="p"><div alt="Lee Dark Grey Half Sleeves Cotton Shirt" atl="Lee Dark Grey Half Sleeves Cotton Shirt" class="product-image"><img border="0" class="" lazysrc="http://n2.sdlcdn.com/imgs/a/g/p/230x258/SDL758047554_1388641076_image1-729d9.jpg" src="http://n2.sdlcdn.com/imgs/a/g/p/230x258/SDL758047554_1388641076_image1-729d9.jpg" style="opacity: 1; "/><div class="soldout prod-grid-sold-out-lang"></div></div><div class="product_grid_cont_heading">Lee Dark Grey Half Sleeves Cotton Shirt</div><div class="product_grid_cont_price_outer"><div class="product_price "><span class="originalprice ">Rs 1499</span>  Rs 1274</div><div class="product_discount_outer"><div class="product_discount">15%</div></div></div><div class="cod-ico"><label class="lang">Cash on Delivery Available</label></div></a>
