<a categoryid="770" class="hit-ss-logger" href="http://www.snapdeal.com/product/everteen-vaginal-tightening-gel-50/1363091?pos=0;104" ispartialsearch="false" pogid="1363091" pos="0;104" v="p">
<div atl="Everteen Vaginal Tightening Gel 50 GM" class="product-image">
<img border="0" class="" src="http://n2.sdlcdn.com/imgs/a/g/j/166x194/everteen_VTG_m_1_2x_33095-ee73c.jpg" style="opacity: 1; "/>
<div class="shippingImage tooltip">
<span class="box">
<span class="arw"></span>
<label class="dispatched-one-day-lang">Dispatched in 1 business day</label>
</span>
</div>
</div>
<div class="product_grid_cont_heading">
				Everteen Vaginal Tightening Gel 50 GM</div>
<div class="ratingStarsSmall ratingStarsBelowTitle" pos="3.8" style="background-position: 0px -144px; "><span>(20)</span></div>
<script type="text/javascript">
						var ratingState = true;
					</script>
<div class="product_grid_cont_price_outer">
<div class="product_price ">
<span class="originalprice ">Rs
									1899</span> Rs 1450
							</div>
<div class="product_discount_outer ">
<div class="product_discount">
									24%
								</div>
</div>
</div>
<div class="cod-ico"><label class="lang">Cash on Delivery Available</label></div>
</a>
<a categoryid="770" class="hit-ss-logger" href="http://www.snapdeal.com/product/equazen-mumomega-pregnancy-30-gel/463261?pos=1;104" ispartialsearch="false" pogid="463261" pos="1;104" v="p">
<div atl="Equazen Mumomega Pregnancy - 30 gel" class="product-image">
<img border="0" class="" src="http://n1.sdlcdn.com/imgs/a/a/l/166x194/Svaasa160_M_1_2x-e18f9.jpg" style="opacity: 1; "/>
</div>
<div class="product_grid_cont_heading">
				Equazen Mumomega Pregnancy - 30 gel</div>
<div class="ratingStarsSmall ratingStarsBelowTitle" pos="5.0" style="background-position: 0px -180px; "><span>(2)</span></div>
<script type="text/javascript">
						var ratingState = true;
					</script>
<div class="product_grid_cont_price_outer">
<div class="product_price ">
<span class="originalprice ">Rs
									1700</span> Rs 1580
							</div>
<div class="product_discount_outer ">
<div class="product_discount">
									7%
								</div>
</div>
</div>
<div class="cod-ico"><label class="lang">Cash on Delivery Available</label></div>
</a>
<a categoryid="770" class="hit-ss-logger" href="http://www.snapdeal.com/product/pregnancy-midstream-1-test/231069?pos=2;104" ispartialsearch="false" pogid="231069" pos="2;104" v="p">
<div atl="Pregnancy midstream (1 test)" class="product-image">
<img border="0" class="" src="http://n1.sdlcdn.com/imgs/a/a/w/166x194/Homecheck024_M_1_2x_a-703b9.jpg" style="opacity: 1; "/>
</div>
<div class="product_grid_cont_heading">
				Pregnancy midstream (1 test)</div>
<div class="ratingStarsSmall ratingStarsBelowTitle" pos="4.5" style="background-position: 0px -162px; "><span>(6)</span></div>
<script type="text/javascript">
						var ratingState = true;
					</script>
<div class="product_grid_cont_price_outer">
<div class="product_price ">
<span class="originalprice ">Rs
									150</span> Rs 76
							</div>
<div class="product_discount_outer ">
<div class="product_discount">
									49%
								</div>
</div>
</div>
<div class="cod-ico"><label class="lang">Cash on Delivery Available</label></div>
</a>
<a categoryid="770" class="hit-ss-logger" href="http://www.snapdeal.com/product/ayushman-herbals-breast-enlargement-cream/629697568?pos=3;104" ispartialsearch="false" pogid="629697568" pos="3;104" v="p">
<div atl="Ayushman Herbals Breast Enlargement Cream" class="product-image">
<img border="0" class="" src="http://n4.sdlcdn.com/imgs/a/g/u/166x194/SDL210835594_1389598226_image1-f56bf.jpg" style="opacity: 1; "/>
</div>
<div class="product_grid_cont_heading">
				Ayushman Herbals Breast Enlargement Cream</div>
<div class="product_grid_cont_price_outer">
<div class="product_price ">
<span class="originalprice ">Rs
									999</span> Rs 699
							</div>
<div class="product_discount_outer ">
<div class="product_discount">
									30%
								</div>
</div>
</div>
</a>
<a categoryid="770" class="hit-ss-logger" href="http://www.snapdeal.com/product/planet-ayurveda-shatavari-capsules/237278?pos=4;104" ispartialsearch="false" pogid="237278" pos="4;104" v="p">
<div atl="Planet Ayurveda Shatavari Capsules" class="product-image">
<img border="0" class="" src="http://n4.sdlcdn.com/imgs/a/a/x/166x194/PLAYUR030_M_1_2x-31749.jpg" style="opacity: 1; "/>
<div class="shippingImage tooltip">
<span class="box">
<span class="arw"></span>
<label class="dispatched-one-day-lang">Dispatched in 1 business day</label>
</span>
</div>
</div>
<div class="product_grid_cont_heading">
				Planet Ayurveda Shatavari Capsules</div>
<div class="product_grid_cont_price_outer">
<div class="product_price ">
<span class="originalprice ">Rs
									1350</span> Rs 854
							</div>
<div class="product_discount_outer ">
<div class="product_discount">
									37%
								</div>
</div>
</div>
<div class="cod-ico"><label class="lang">Cash on Delivery Available</label></div>
</a>
<a categoryid="770" class="hit-ss-logger" href="http://www.snapdeal.com/product/wild-cat-gel2-packs-25/1157448412?pos=5;104" ispartialsearch="false" pogid="1157448412" pos="5;104" v="p">
<div atl="WILD CAT GEL-2 Packs (25 gms each)" class="product-image">
<img border="0" class="" src="http://n4.sdlcdn.com/imgs/a/g/c/166x194/SDL397692835_1385554306_image1-66d54.jpg" style="opacity: 1; "/>
<div class="shippingImage tooltip">
<span class="box">
<span class="arw"></span>
<label class="dispatched-one-day-lang">Dispatched in 1 business day</label>
</span>
</div>
</div>
<div class="product_grid_cont_heading">
				WILD CAT GEL-2 Packs (25 gms each)</div>
<div class="product_grid_cont_price_outer">
<div class="product_price ">
<span class="originalprice ">Rs
									500</span> Rs 420
							</div>
<div class="product_discount_outer ">
<div class="product_discount">
									16%
								</div>
</div>
</div>
<div class="cod-ico"><label class="lang">Cash on Delivery Available</label></div>
</a>
<a categoryid="770" class="hit-ss-logger" href="http://www.snapdeal.com/product/organic-shatavari-100-gms-powder/1488182?pos=6;104" ispartialsearch="false" pogid="1488182" pos="6;104" v="p">
<div atl="Nirogam Organic Shatavari 100 gms Powder Strengthens the female Reproductive System" class="product-image">
<img border="0" class="" src="http://n1.sdlcdn.com/imgs/a/d/h/166x194/SDL341473915_1372141044_image1-12fe0.jpg" style="opacity: 1; "/>
<div class="shippingImage tooltip">
<span class="box">
<span class="arw"></span>
<label class="dispatched-one-day-lang">Dispatched in 1 business day</label>
</span>
</div>
</div>
<div class="product_grid_cont_heading">
				Nirogam Organic Shatavari 100 gms Powder Strengthens the female Reproductive System</div>
<div class="product_grid_cont_price_outer">
<div class="product_price ">
<span class="originalprice ">Rs
									150</span> Rs 123
							</div>
<div class="product_discount_outer ">
<div class="product_discount">
									18%
								</div>
</div>
</div>
<div class="cod-ico"><label class="lang">Cash on Delivery Available</label></div>
</a>
<a categoryid="770" class="hit-ss-logger" href="http://www.snapdeal.com/product/healthvit-pregyavit/1384185?pos=7;104" ispartialsearch="false" pogid="1384185" pos="7;104" v="p">
<div atl="HealthVit Pregyavit Capsules" class="product-image">
<img border="0" class="" src="http://n1.sdlcdn.com/imgs/a/b/n/166x194/SDL414056887_1368683904_image1-ed2a3.jpg" style="opacity: 1; "/>
</div>
<div class="product_grid_cont_heading">
				HealthVit Pregyavit Capsules</div>
<div class="product_grid_cont_price_outer">
<div class="product_price ">
<span class="originalprice ">Rs
									250</span> Rs 213
							</div>
<div class="product_discount_outer ">
<div class="product_discount">
									15%
								</div>
</div>
</div>
<div class="cod-ico"><label class="lang">Cash on Delivery Available</label></div>
</a>
<a categoryid="770" class="hit-ss-logger" href="http://www.snapdeal.com/product/ovulation-bulk-packs-buy-2/431517?pos=8;104" ispartialsearch="false" pogid="431517" pos="8;104" v="p">
<div atl="Ovulation Bulk Packs (Buy 2 Get 1 Free)" class="product-image">
<img border="0" class="" src="http://n3.sdlcdn.com/imgs/a/d/4/166x194/1544903_1372845632_image1-ffa10.jpg" style="opacity: 1; "/>
</div>
<div class="product_grid_cont_heading">
				Ovulation Bulk Packs (Buy 2 Get 1 Free)</div>
<div class="ratingStarsSmall ratingStarsBelowTitle" pos="4.1" style="background-position: 0px -144px; "><span>(13)</span></div>
<script type="text/javascript">
						var ratingState = true;
					</script>
<div class="product_grid_cont_price_outer">
<div class="product_price ">
<span class="originalprice ">Rs
									790</span> Rs 751
							</div>
<div class="product_discount_outer ">
<div class="product_discount">
									5%
								</div>
</div>
</div>
<div class="cod-ico"><label class="lang">Cash on Delivery Available</label></div>
</a>
<a categoryid="770" class="hit-ss-logger" href="http://www.snapdeal.com/product/inlife-iron-folic-acid-tablets/1400432?pos=9;104" ispartialsearch="false" pogid="1400432" pos="9;104" v="p">
<div atl="INLIFE Iron + Folic Acid Tablets Pregnancy Care" class="product-image">
<img border="0" class="" src="http://n1.sdlcdn.com/imgs/a/g/m/166x194/IL00005_M_1_2x-95299.jpg" style="opacity: 1; "/>
</div>
<div class="product_grid_cont_heading">
				INLIFE Iron + Folic Acid Tablets Pregnancy Care</div>
<div class="product_grid_cont_price_outer">
<div class="product_price ">
<span class="originalprice ">Rs
									540</span> Rs 486
							</div>
<div class="product_discount_outer ">
<div class="product_discount">
									10%
								</div>
</div>
</div>
<div class="cod-ico"><label class="lang">Cash on Delivery Available</label></div>
</a>
<a categoryid="770" class="hit-ss-logger" href="http://www.snapdeal.com/product/home-check-instant-ovulation-test/1449214?pos=10;104" ispartialsearch="false" pogid="1449214" pos="10;104" v="p">
<div atl="Home Check Instant Ovulation Test Card" class="product-image">
<img border="0" class="" src="http://n2.sdlcdn.com/imgs/a/d/j/166x194/SDL490245359_1370942875_image1-75f79.jpg" style="opacity: 1; "/>
</div>
<div class="product_grid_cont_heading">
				Home Check Instant Ovulation Test Card</div>
<div class="ratingStarsSmall ratingStarsBelowTitle" pos="5.0" style="background-position: 0px -180px; "><span>(4)</span></div>
<script type="text/javascript">
						var ratingState = true;
					</script>
<div class="product_grid_cont_price_outer">
<div class="product_price ">
<span class="originalprice ">Rs
									449</span> Rs 417
							</div>
<div class="product_discount_outer ">
<div class="product_discount">
									7%
								</div>
</div>
</div>
<div class="cod-ico"><label class="lang">Cash on Delivery Available</label></div>
</a>
<a categoryid="770" class="hit-ss-logger" href="http://www.snapdeal.com/product/homecheck-ovulation-test-kit-offer/431514?pos=11;104" ispartialsearch="false" pogid="431514" pos="11;104" v="p">
<div atl="Homecheck Ovulation Test Kit Offer: Free 1 Instant Pregnancy Test Pack" class="product-image">
<img border="0" class="" src="http://n4.sdlcdn.com/imgs/a/a/k/166x194/Fairhaven_Homecheck_Ovulation_Test_Kit_M_1_2x-a3c22.jpg" style="opacity: 1; "/>
<div class="shippingImage tooltip">
<span class="box">
<span class="arw"></span>
<label class="dispatched-one-day-lang">Dispatched in 1 business day</label>
</span>
</div>
</div>
<div class="product_grid_cont_heading">
				Homecheck Ovulation Test Kit Offer: Free 1 Instant Pregnancy Test Pack</div>
<div class="ratingStarsSmall ratingStarsBelowTitle" pos="3.9" style="background-position: 0px -144px; "><span>(9)</span></div>
<script type="text/javascript">
						var ratingState = true;
					</script>
<div class="product_grid_cont_price_outer">
<div class="product_price ">
<span class="originalprice ">Rs
									395</span> Rs 380
							</div>
<div class="product_discount_outer ">
<div class="product_discount">
									4%
								</div>
</div>
</div>
<div class="freebie-ico"><label class="freebie-lang">Freebie</label></div>
<div class="cod-ico"><label class="lang">Cash on Delivery Available</label></div>
</a>
<a categoryid="770" class="hit-ss-logger" href="http://www.snapdeal.com/product/homecheck-ovulation-7-test-1/231072?pos=12;104" ispartialsearch="false" pogid="231072" pos="12;104" v="p">
<div atl="Homecheck Ovulation (7 test + 1 preg) " class="product-image">
<img border="0" class="" src="http://n3.sdlcdn.com/imgs/a/b/w/166x194/1315735_1372845544_image1-79509.jpg" style="opacity: 1; "/>
</div>
<div class="product_grid_cont_heading">
				Homecheck Ovulation (7 test + 1 preg) </div>
<div class="ratingStarsSmall ratingStarsBelowTitle" pos="3.1" style="background-position: 0px -108px; "><span>(21)</span></div>
<script type="text/javascript">
						var ratingState = true;
					</script>
<div class="product_grid_cont_price_outer">
<div class="product_price ">
<span class="originalprice ">Rs
									395</span> Rs 380
							</div>
<div class="product_discount_outer ">
<div class="product_discount">
									4%
								</div>
</div>
</div>
<div class="cod-ico"><label class="lang">Cash on Delivery Available</label></div>
</a>
<a categoryid="770" class="hit-ss-logger" href="http://www.snapdeal.com/product/planet-ayurveda-pradarantak-churna-100/237271?pos=13;104" ispartialsearch="false" pogid="237271" pos="13;104" v="p">
<div atl="Planet Ayurveda Pradar-Antak Churna - 100 g" class="product-image">
<img border="0" class="" src="http://n2.sdlcdn.com/imgs/a/a/x/166x194/PLAYUR047_M_1_2x-cb140.jpg" style="opacity: 1; "/>
<div class="shippingImage tooltip">
<span class="box">
<span class="arw"></span>
<label class="dispatched-one-day-lang">Dispatched in 1 business day</label>
</span>
</div>
</div>
<div class="product_grid_cont_heading">
				Planet Ayurveda Pradar-Antak Churna - 100 g</div>
<div class="ratingStarsSmall ratingStarsBelowTitle" pos="4.0" style="background-position: 0px -144px; "><span>(4)</span></div>
<script type="text/javascript">
						var ratingState = true;
					</script>
<div class="product_grid_cont_price_outer">
<div class="product_price ">
<span class="originalprice ">Rs
									240</span> Rs 214
							</div>
<div class="product_discount_outer ">
<div class="product_discount">
									11%
								</div>
</div>
</div>
<div class="cod-ico"><label class="lang">Cash on Delivery Available</label></div>
</a>
<a categoryid="770" class="hit-ss-logger" href="http://www.snapdeal.com/product/herbal-hills-shatavarihills-60-capsules/415830?pos=14;104" ispartialsearch="false" pogid="415830" pos="14;104" v="p">
<div atl="Herbal Hills ShatavariHills - 60 Capsules" class="product-image">
<img border="0" class="" src="http://n4.sdlcdn.com/imgs/a/c/6/166x194/1516461_1375188743_image1-f0ac8.jpg" style="opacity: 1; "/>
</div>
<div class="product_grid_cont_heading">
				Herbal Hills ShatavariHills - 60 Capsules</div>
<div class="ratingStarsSmall ratingStarsBelowTitle" pos="5.0" style="background-position: 0px -180px; "><span>(5)</span></div>
<script type="text/javascript">
						var ratingState = true;
					</script>
<div class="product_grid_cont_price_outer">
<div class="product_price ">
<span class="originalprice ">Rs
									147</span> Rs 119
							</div>
<div class="product_discount_outer ">
<div class="product_discount">
									19%
								</div>
</div>
</div>
<div class="cod-ico"><label class="lang">Cash on Delivery Available</label></div>
</a>
<a categoryid="770" class="hit-ss-logger" href="http://www.snapdeal.com/product/flowline-healthcare-postpartum-belt/2091732867?pos=15;104" ispartialsearch="false" pogid="2091732867" pos="15;104" v="p">
<div atl="Flowline Healthcare PostPartum Belt" class="product-image">
<img border="0" class="" src="http://n4.sdlcdn.com/imgs/a/c/4/166x194/SDL184028326_1374642203_image1-6858c.jpg" style="opacity: 1; "/>
</div>
<div class="product_grid_cont_heading">
				Flowline Healthcare PostPartum Belt</div>
<div class="ratingStarsSmall ratingStarsBelowTitle" pos="3.4" style="background-position: 0px -126px; "><span>(18)</span></div>
<script type="text/javascript">
						var ratingState = true;
					</script>
<div class="product_grid_cont_price_outer">
<div class="product_price ">
<span class="originalprice ">Rs
									2500</span> Rs 1944
							</div>
<div class="product_discount_outer ">
<div class="product_discount">
									22%
								</div>
</div>
</div>
<div class="cod-ico"><label class="lang">Cash on Delivery Available</label></div>
</a>
<a categoryid="770" class="hit-ss-logger" href="http://www.snapdeal.com/product/lunar-tight-lip/520528?pos=16;104" ispartialsearch="false" pogid="520528" pos="16;104" v="p">
<div atl="Lunar Tight Lip" class="product-image">
<img border="0" class="" src="http://n2.sdlcdn.com/imgs/a/a/m/166x194/Lunar_Tight_Lip_003_M_1_2x-43694.jpg" style="opacity: 1; "/>
</div>
<div class="product_grid_cont_heading">
				Lunar Tight Lip</div>
<div class="ratingStarsSmall ratingStarsBelowTitle" pos="3.0" style="background-position: 0px -108px; "><span>(2)</span></div>
<script type="text/javascript">
						var ratingState = true;
					</script>
<div class="product_grid_cont_price_outer">
<div class="product_price ">
<span class="originalprice ">Rs
									546</span> Rs 494
							</div>
<div class="product_discount_outer ">
<div class="product_discount">
									10%
								</div>
</div>
</div>
<div class="cod-ico"><label class="lang">Cash on Delivery Available</label></div>
</a>
<a categoryid="770" class="hit-ss-logger" href="http://www.snapdeal.com/product/boos-oil2-packs-100-ml/413600284?pos=17;104" ispartialsearch="false" pogid="413600284" pos="17;104" v="p">
<div atl="BOO'S OIL-2 Packs (100 ml each)" class="product-image">
<img border="0" class="" src="http://n2.sdlcdn.com/imgs/a/g/c/166x194/SDL427576944_1385554295_image1-67bab.jpg" style="opacity: 1; "/>
<div class="shippingImage tooltip">
<span class="box">
<span class="arw"></span>
<label class="dispatched-one-day-lang">Dispatched in 1 business day</label>
</span>
</div>
</div>
<div class="product_grid_cont_heading">
				BOO'S OIL-2 Packs (100 ml each)</div>
<div class="product_grid_cont_price_outer">
<div class="product_price ">
<span class="originalprice ">Rs
									600</span> Rs 500
							</div>
<div class="product_discount_outer ">
<div class="product_discount">
									17%
								</div>
</div>
</div>
<div class="cod-ico"><label class="lang">Cash on Delivery Available</label></div>
</a>
<a categoryid="770" class="hit-ss-logger" href="http://www.snapdeal.com/product/wet-curl-tab-5-strips/77921134?pos=18;104" ispartialsearch="false" pogid="77921134" pos="18;104" v="p">
<div atl="Wet Curl Tab (5 Strips x 6 Tablets)" class="product-image">
<img border="0" class="" src="http://n4.sdlcdn.com/imgs/a/f/y/166x194/SDL249720668_1383819254_image1-d15ea.jpg" style="opacity: 1; "/>
</div>
<div class="product_grid_cont_heading">
				Wet Curl Tab (5 Strips x 6 Tablets)</div>
<div class="ratingStarsSmall ratingStarsBelowTitle" pos="5.0" style="background-position: 0px -180px; "><span>(1)</span></div>
<script type="text/javascript">
						var ratingState = true;
					</script>
<div class="product_grid_cont_price_outer">
<div class="product_price ">
<span class="originalprice ">Rs
									750</span> Rs 623
							</div>
<div class="product_discount_outer ">
<div class="product_discount">
									17%
								</div>
</div>
</div>
<div class="cod-ico"><label class="lang">Cash on Delivery Available</label></div>
</a>
<a categoryid="770" class="hit-ss-logger" href="http://www.snapdeal.com/product/wild-cat-cap50-capsules/1642222370?pos=19;104" ispartialsearch="false" pogid="1642222370" pos="19;104" v="p">
<div atl="WILD CAT CAP-50 Capsules" class="product-image">
<img border="0" class="" src="http://n4.sdlcdn.com/imgs/a/g/c/166x194/SDL396667185_1385554291_image1-098bf.jpg" style="opacity: 1; "/>
<div class="shippingImage tooltip">
<span class="box">
<span class="arw"></span>
<label class="dispatched-one-day-lang">Dispatched in 1 business day</label>
</span>
</div>
</div>
<div class="product_grid_cont_heading">
				WILD CAT CAP-50 Capsules</div>
<div class="product_grid_cont_price_outer">
<div class="product_price ">
<span class="originalprice ">Rs
									1250</span> Rs 970
							</div>
<div class="product_discount_outer ">
<div class="product_discount">
									22%
								</div>
</div>
</div>
<div class="cod-ico"><label class="lang">Cash on Delivery Available</label></div>
</a>
<a categoryid="318" class="hit-ss-logger" href="http://www.snapdeal.com/product/leucor-caps-5-strips-x/1770782621?pos=20;104" ispartialsearch="false" pogid="1770782621" pos="20;104" v="p"><div alt="Leucor Caps (5 Strips x 10 Capsules)" atl="Leucor Caps (5 Strips x 10 Capsules)" class="product-image"><img border="0" class="" lazysrc="http://n3.sdlcdn.com/imgs/a/f/y/166x194/SDL250348002_1383819249_image1-2daa1.jpg" src="http://n3.sdlcdn.com/imgs/a/f/y/166x194/SDL250348002_1383819249_image1-2daa1.jpg" style="opacity: 1; "/></div><div class="product_grid_cont_heading">Leucor Caps (5 Strips x 10 Capsules)</div><div class="ratingStarsSmall ratingStarsBelowTitle" style="background-position: 0px -180px;"><span> (1) </span></div><div class="product_grid_cont_price_outer"><div class="product_price "><span class="originalprice ">Rs 205</span>  Rs 158</div><div class="product_discount_outer"><div class="product_discount">23%</div></div></div><div class="cod-ico"><label class="lang">Cash on Delivery Available</label></div></a>
<a categoryid="318" class="hit-ss-logger" href="http://www.snapdeal.com/product/gogirl-pink-tube-with-lavender/1726574258?pos=21;104" ispartialsearch="false" pogid="1726574258" pos="21;104" v="p"><div alt="GoGirl Pink Tube with Lavender (Female Urination Device) - Pack of 3" atl="GoGirl Pink Tube with Lavender (Female Urination Device) - Pack of 3" class="product-image"><img border="0" src="http://n1.sdlcdn.com/imgs/a/g/2/166x194/SDL479931125_1390894424_image1-f85f3.jpg" style="opacity: 1; "/></div><div class="product_grid_cont_heading">GoGirl Pink Tube with Lavender (Female Urination Device) - Pack of 3</div><div class="product_grid_cont_price_outer"><div class="product_price no-float"><span class="originalprice no-display">Rs 5110</span>  Rs 5110</div></div><div class="cod-ico"><label class="lang">Cash on Delivery Available</label></div></a>
<a categoryid="318" class="hit-ss-logger" href="http://www.snapdeal.com/product/gogirl-tote-and-tshirt-gift/162858415?pos=22;104" ispartialsearch="false" pogid="162858415" pos="22;104" v="p"><div alt="GoGirl Tote and T-Shirt Gift Pack: T-Shirt + Tote Bag + 3 Pink GoGirls + Lip Balm + Ballpoint Pen + Stickers and Tattoo Sample Pack" atl="GoGirl Tote and T-Shirt Gift Pack: T-Shirt + Tote Bag + 3 Pink GoGirls + Lip Balm + Ballpoint Pen + Stickers and Tattoo Sample Pack" class="product-image"><img border="0" class="" lazysrc="http://n1.sdlcdn.com/imgs/a/g/2/166x194/SDL492319873_1390894420_image1-d6388.jpg" src="http://n1.sdlcdn.com/imgs/a/g/2/166x194/SDL492319873_1390894420_image1-d6388.jpg" style="opacity: 1; "/></div><div class="product_grid_cont_heading">GoGirl Tote and T-Shirt Gift Pack: T-Shirt + Tote Bag + 3 Pink GoGirls + Lip Balm + Ballpoint Pen + Stickers and Tattoo Sample Pack</div><div class="product_grid_cont_price_outer"><div class="product_price no-float"><span class="originalprice no-display">Rs 8620</span>  Rs 8620</div></div><div class="cod-ico"><label class="lang">Cash on Delivery Available</label></div></a>
<a categoryid="318" class="hit-ss-logger" href="http://www.snapdeal.com/product/gogirl-camouflage-tube-with-khaki/1822531128?pos=23;104" ispartialsearch="false" pogid="1822531128" pos="23;104" v="p"><div alt="GoGirl Camouflage Tube with Khaki (Female Urination Device) - Pack of 3" atl="GoGirl Camouflage Tube with Khaki (Female Urination Device) - Pack of 3" class="product-image"><img border="0" class="" lazysrc="http://n3.sdlcdn.com/imgs/a/g/2/166x194/SDL479865606_1390894406_image1-25155.jpg" src="http://n3.sdlcdn.com/imgs/a/g/2/166x194/SDL479865606_1390894406_image1-25155.jpg" style="opacity: 1; "/></div><div class="product_grid_cont_heading">GoGirl Camouflage Tube with Khaki (Female Urination Device) - Pack of 3</div><div class="product_grid_cont_price_outer"><div class="product_price no-float"><span class="originalprice no-display">Rs 5110</span>  Rs 5110</div></div><div class="cod-ico"><label class="lang">Cash on Delivery Available</label></div></a>
<a categoryid="318" class="hit-ss-logger" href="http://www.snapdeal.com/product/gogirl-tote-gift-pack-3/42195579?pos=24;104" ispartialsearch="false" pogid="42195579" pos="24;104" v="p"><div alt="GoGirl Tote Gift Pack: 3 Pink GoGirls + Tote Bag + Stickers and Tattoo Sample Pack" atl="GoGirl Tote Gift Pack: 3 Pink GoGirls + Tote Bag + Stickers and Tattoo Sample Pack" class="product-image"><img border="0" class="" lazysrc="http://n2.sdlcdn.com/imgs/a/g/2/166x194/SDL489707922_1390894439_image1-2d1e4.jpg" src="http://n2.sdlcdn.com/imgs/a/g/2/166x194/SDL489707922_1390894439_image1-2d1e4.jpg" style="opacity: 1; "/></div><div class="product_grid_cont_heading">GoGirl Tote Gift Pack: 3 Pink GoGirls + Tote Bag + Stickers and Tattoo Sample Pack</div><div class="product_grid_cont_price_outer"><div class="product_price no-float"><span class="originalprice no-display">Rs 6425</span>  Rs 6425</div></div><div class="cod-ico"><label class="lang">Cash on Delivery Available</label></div></a>
<a categoryid="318" class="hit-ss-logger" href="http://www.snapdeal.com/product/gogirl-camouflage-tube-with-khaki/215198182?pos=25;104" ispartialsearch="false" pogid="215198182" pos="25;104" v="p"><div alt="GoGirl Camouflage Tube with Khaki (Female Urination Device) - Pack of 13" atl="GoGirl Camouflage Tube with Khaki (Female Urination Device) - Pack of 13" class="product-image"><img border="0" class="" lazysrc="http://n3.sdlcdn.com/imgs/a/g/2/166x194/SDL481570057_1390894443_image1-0fef0.jpg" src="http://n3.sdlcdn.com/imgs/a/g/2/166x194/SDL481570057_1390894443_image1-0fef0.jpg" style="opacity: 1; "/></div><div class="product_grid_cont_heading">GoGirl Camouflage Tube with Khaki (Female Urination Device) - Pack of 13</div><div class="product_grid_cont_price_outer"><div class="product_price no-float"><span class="originalprice no-display">Rs 18890</span>  Rs 18890</div></div><div class="cod-ico"><label class="lang">Cash on Delivery Available</label></div></a>
<a categoryid="318" class="hit-ss-logger" href="http://www.snapdeal.com/product/gogirl-camouflage-tube-with-khaki/196041444?pos=26;104" ispartialsearch="false" pogid="196041444" pos="26;104" v="p"><div alt="GoGirl Camouflage Tube with Khaki (Female Urination Device)" atl="GoGirl Camouflage Tube with Khaki (Female Urination Device)" class="product-image"><img border="0" class="" lazysrc="http://n3.sdlcdn.com/imgs/a/g/2/166x194/SDL481054795_1390894422_image1-b634c.jpg" src="http://n3.sdlcdn.com/imgs/a/g/2/166x194/SDL481054795_1390894422_image1-b634c.jpg" style="opacity: 1; "/></div><div class="product_grid_cont_heading">GoGirl Camouflage Tube with Khaki (Female Urination Device)</div><div class="product_grid_cont_price_outer"><div class="product_price no-float"><span class="originalprice no-display">Rs 2219</span>  Rs 2219</div></div><div class="cod-ico"><label class="lang">Cash on Delivery Available</label></div></a>
<a categoryid="318" class="hit-ss-logger" href="http://www.snapdeal.com/product/gogirl-pink-tube-with-lavender/9325793?pos=27;104" ispartialsearch="false" pogid="9325793" pos="27;104" v="p"><div alt="GoGirl Pink Tube with Lavender (Female Urination Device)" atl="GoGirl Pink Tube with Lavender (Female Urination Device)" class="product-image"><img border="0" class="" lazysrc="http://n2.sdlcdn.com/imgs/a/g/2/166x194/SDL481095556_1390894414_image1-a0f74.jpg" src="http://n2.sdlcdn.com/imgs/a/g/2/166x194/SDL481095556_1390894414_image1-a0f74.jpg" style="opacity: 1; "/></div><div class="product_grid_cont_heading">GoGirl Pink Tube with Lavender (Female Urination Device)</div><div class="product_grid_cont_price_outer"><div class="product_price no-float"><span class="originalprice no-display">Rs 2219</span>  Rs 2219</div></div><div class="cod-ico"><label class="lang">Cash on Delivery Available</label></div></a>
<a categoryid="318" class="hit-ss-logger" href="http://www.snapdeal.com/product/gogirl-pink-tube-with-lavender/934467681?pos=28;104" ispartialsearch="false" pogid="934467681" pos="28;104" v="p"><div alt="GoGirl Pink Tube with Lavender (Female Urination Device) - Pack of 13" atl="GoGirl Pink Tube with Lavender (Female Urination Device) - Pack of 13" class="product-image"><img border="0" class="" lazysrc="http://n3.sdlcdn.com/imgs/a/g/2/166x194/SDL479685156_1390894447_image1-dc31f.jpg" src="http://n3.sdlcdn.com/imgs/a/g/2/166x194/SDL479685156_1390894447_image1-dc31f.jpg" style="opacity: 1; "/></div><div class="product_grid_cont_heading">GoGirl Pink Tube with Lavender (Female Urination Device) - Pack of 13</div><div class="product_grid_cont_price_outer"><div class="product_price no-float"><span class="originalprice no-display">Rs 18890</span>  Rs 18890</div></div><div class="cod-ico"><label class="lang">Cash on Delivery Available</label></div></a>
<a categoryid="318" class="hit-ss-logger" href="http://www.snapdeal.com/product/gogirl-bling-tshirt-2-pink/598401451?pos=29;104" ispartialsearch="false" pogid="598401451" pos="29;104" v="p"><div alt="GoGirl Bling T-Shirt + 2 Pink GoGirls + Tattoo Sample Pack" atl="GoGirl Bling T-Shirt + 2 Pink GoGirls + Tattoo Sample Pack" class="product-image"><img border="0" class="" lazysrc="http://n2.sdlcdn.com/imgs/a/g/2/166x194/SDL488226964_1390894426_image1-c98dc.jpg" src="http://n2.sdlcdn.com/imgs/a/g/2/166x194/SDL488226964_1390894426_image1-c98dc.jpg" style="opacity: 1; "/></div><div class="product_grid_cont_heading">GoGirl Bling T-Shirt + 2 Pink GoGirls + Tattoo Sample Pack</div><div class="product_grid_cont_price_outer"><div class="product_price no-float"><span class="originalprice no-display">Rs 7288</span>  Rs 7288</div></div><div class="cod-ico"><label class="lang">Cash on Delivery Available</label></div></a>
<a categoryid="318" class="hit-ss-logger" href="http://www.snapdeal.com/product/gogirl-gift-pack-tshirt-3/732435320?pos=30;104" ispartialsearch="false" pogid="732435320" pos="30;104" v="p"><div alt="GoGirl Gift Pack: T-Shirt + 3 Pink GoGirls + Lip Balm + Stickers and Tattoo Sample Pack" atl="GoGirl Gift Pack: T-Shirt + 3 Pink GoGirls + Lip Balm + Stickers and Tattoo Sample Pack" class="product-image"><img border="0" class="" lazysrc="http://n1.sdlcdn.com/imgs/a/g/2/166x194/SDL485115164_1390894435_image1-a9a83.jpg" src="http://n1.sdlcdn.com/imgs/a/g/2/166x194/SDL485115164_1390894435_image1-a9a83.jpg" style="opacity: 1; "/></div><div class="product_grid_cont_heading">GoGirl Gift Pack: T-Shirt + 3 Pink GoGirls + Lip Balm + Stickers and Tattoo Sample Pack</div><div class="product_grid_cont_price_outer"><div class="product_price no-float"><span class="originalprice no-display">Rs 8220</span>  Rs 8220</div></div><div class="cod-ico"><label class="lang">Cash on Delivery Available</label></div></a>
<a categoryid="318" class="hit-ss-logger" href="http://www.snapdeal.com/product/gogorl-travel-gift-pack-3/1038945355?pos=31;104" ispartialsearch="false" pogid="1038945355" pos="31;104" v="p"><div alt="GoGorl Travel Gift Pack: 3 GoGirls + Luggage Tag + Stickers and Tattoo Sample Pack" atl="GoGorl Travel Gift Pack: 3 GoGirls + Luggage Tag + Stickers and Tattoo Sample Pack" class="product-image"><img border="0" class="" lazysrc="http://n4.sdlcdn.com/imgs/a/g/2/166x194/SDL486121278_1390894409_image1-05045.jpg" src="http://n4.sdlcdn.com/imgs/a/g/2/166x194/SDL486121278_1390894409_image1-05045.jpg" style="opacity: 1; "/></div><div class="product_grid_cont_heading">GoGorl Travel Gift Pack: 3 GoGirls + Luggage Tag + Stickers and Tattoo Sample Pack</div><div class="product_grid_cont_price_outer"><div class="product_price no-float"><span class="originalprice no-display">Rs 6425</span>  Rs 6425</div></div><div class="cod-ico"><label class="lang">Cash on Delivery Available</label></div></a>
<a categoryid="318" class="hit-ss-logger" href="http://www.snapdeal.com/product/hayaths-breast-enlargement-capsules-1/1099426619?pos=32;104" ispartialsearch="false" pogid="1099426619" pos="32;104" v="p"><div alt="Hayath's Breast Enlargement Capsules - 1 Month" atl="Hayath's Breast Enlargement Capsules - 1 Month" class="product-image"><img border="0" class="" lazysrc="http://n4.sdlcdn.com/imgs/a/g/w/166x194/SDL398786977_1389856387_image1-99a37.jpg" src="http://n4.sdlcdn.com/imgs/a/g/w/166x194/SDL398786977_1389856387_image1-99a37.jpg" style="opacity: 1; "/></div><div class="product_grid_cont_heading">Hayath's Breast Enlargement Capsules - 1 Month</div><div class="product_grid_cont_price_outer"><div class="product_price "><span class="originalprice ">Rs 1499</span>  Rs 1200</div><div class="product_discount_outer"><div class="product_discount">20%</div></div></div></a>
<a categoryid="318" class="hit-ss-logger" href="http://www.snapdeal.com/product/hayaths-breast-enlargement-capsules-3/1842896878?pos=33;104" ispartialsearch="false" pogid="1842896878" pos="33;104" v="p"><div alt="Hayath's Breast Enlargement Capsules - 3 Month" atl="Hayath's Breast Enlargement Capsules - 3 Month" class="product-image"><img border="0" class="" lazysrc="http://n3.sdlcdn.com/imgs/a/g/w/166x194/SDL400439381_1389856392_image1-a3e14.jpg" src="http://n3.sdlcdn.com/imgs/a/g/w/166x194/SDL400439381_1389856392_image1-a3e14.jpg" style="opacity: 1; "/></div><div class="product_grid_cont_heading">Hayath's Breast Enlargement Capsules - 3 Month</div><div class="product_grid_cont_price_outer"><div class="product_price "><span class="originalprice ">Rs 4497</span>  Rs 3373</div><div class="product_discount_outer"><div class="product_discount">25%</div></div></div></a>
<a categoryid="318" class="hit-ss-logger" href="http://www.snapdeal.com/product/hayaths-breast-enlargement-capsules-2/985989899?pos=34;104" ispartialsearch="false" pogid="985989899" pos="34;104" v="p"><div alt="Hayath's Breast Enlargement Capsules - 2 Month" atl="Hayath's Breast Enlargement Capsules - 2 Month" class="product-image"><img border="0" class="" lazysrc="http://n2.sdlcdn.com/imgs/a/g/w/166x194/SDL401998502_1389856389_image1-e8b7c.jpg" src="http://n2.sdlcdn.com/imgs/a/g/w/166x194/SDL401998502_1389856389_image1-e8b7c.jpg" style="opacity: 1; "/></div><div class="product_grid_cont_heading">Hayath's Breast Enlargement Capsules - 2 Month</div><div class="product_grid_cont_price_outer"><div class="product_price "><span class="originalprice ">Rs 2998</span>  Rs 2399</div><div class="product_discount_outer"><div class="product_discount">20%</div></div></div></a>
<a categoryid="318" class="hit-ss-logger" href="http://www.snapdeal.com/product/ayushman-herbals-vagina-tightening-cream/903561470?pos=35;104" ispartialsearch="false" pogid="903561470" pos="35;104" v="p"><div alt="Ayushman Herbals Vagina Tightening Cream" atl="Ayushman Herbals Vagina Tightening Cream" class="product-image"><img border="0" class="" lazysrc="http://n3.sdlcdn.com/imgs/a/g/u/166x194/SDL210191785_1389598232_image1-3d4fc.jpg" src="http://n3.sdlcdn.com/imgs/a/g/u/166x194/SDL210191785_1389598232_image1-3d4fc.jpg" style="opacity: 1; "/></div><div class="product_grid_cont_heading">Ayushman Herbals Vagina Tightening Cream</div><div class="product_grid_cont_price_outer"><div class="product_price "><span class="originalprice ">Rs 999</span>  Rs 699</div><div class="product_discount_outer"><div class="product_discount">30%</div></div></div></a>
<a categoryid="318" class="hit-ss-logger" href="http://www.snapdeal.com/product/gangeshwari-herbals-naari-sudha-syrup/1520496994?pos=36;104" ispartialsearch="false" pogid="1520496994" pos="36;104" v="p"><div alt="Gangeshwari Herbals Naari Sudha Syrup With Freebie" atl="Gangeshwari Herbals Naari Sudha Syrup With Freebie" class="product-image"><img border="0" class="" lazysrc="http://n4.sdlcdn.com/imgs/a/g/s/166x194/SDL022684534_1389246982_image1-f51de.jpg" src="http://n4.sdlcdn.com/imgs/a/g/s/166x194/SDL022684534_1389246982_image1-f51de.jpg" style="opacity: 1; "/></div><div class="product_grid_cont_heading">Gangeshwari Herbals Naari Sudha Syrup With Freebie</div><div class="product_grid_cont_price_outer"><div class="product_price no-float"><span class="originalprice no-display">Rs 135</span>  Rs 135</div></div></a>
<a categoryid="318" class="hit-ss-logger" href="http://www.snapdeal.com/product/boos-cream2-packs-60-gms/1404603371?pos=37;104" ispartialsearch="false" pogid="1404603371" pos="37;104" v="p"><div alt="BOO'S CREAM-2 Packs (60 gms each)" atl="BOO'S CREAM-2 Packs (60 gms each)" class="product-image"><img border="0" class="" lazysrc="http://n3.sdlcdn.com/imgs/a/g/c/166x194/SDL428715187_1385554307_image1-14058.jpg" src="http://n3.sdlcdn.com/imgs/a/g/c/166x194/SDL428715187_1385554307_image1-14058.jpg" style="opacity: 1; "/><div class="shippingImage tooltip"><span class="box"><span class="arw"></span><label class="lang dispatched-one-day-lang">Dispatched in 1 business day</label></span></div></div><div class="product_grid_cont_heading">BOO'S CREAM-2 Packs (60 gms each)</div><div class="product_grid_cont_price_outer"><div class="product_price "><span class="originalprice ">Rs 600</span>  Rs 490</div><div class="product_discount_outer"><div class="product_discount">18%</div></div></div><div class="cod-ico"><label class="lang">Cash on Delivery Available</label></div></a>
<a categoryid="318" class="hit-ss-logger" href="http://www.snapdeal.com/product/boos-capsules90-capsules/886181320?pos=38;104" ispartialsearch="false" pogid="886181320" pos="38;104" v="p"><div alt="BOO'S CAPSULES-90 Capsules" atl="BOO'S CAPSULES-90 Capsules" class="product-image"><img border="0" class="" lazysrc="http://n1.sdlcdn.com/imgs/a/g/c/166x194/SDL428969834_1385554294_image1-8990e.jpg" src="http://n1.sdlcdn.com/imgs/a/g/c/166x194/SDL428969834_1385554294_image1-8990e.jpg" style="opacity: 1; "/></div><div class="product_grid_cont_heading">BOO'S CAPSULES-90 Capsules</div><div class="product_grid_cont_price_outer"><div class="product_price "><span class="originalprice ">Rs 720</span>  Rs 579</div><div class="product_discount_outer"><div class="product_discount">20%</div></div></div><div class="cod-ico"><label class="lang">Cash on Delivery Available</label></div></a>
<a categoryid="318" class="hit-ss-logger" href="http://www.snapdeal.com/product/aarud-naturals-naari-sudha/787527491?pos=39;104" ispartialsearch="false" pogid="787527491" pos="39;104" v="p"><div alt="Aarud Naturals Naari Sudha" atl="Aarud Naturals Naari Sudha" class="product-image"><img border="0" class="" lazysrc="http://n4.sdlcdn.com/imgs/a/g/g/166x194/SDL321642937_1386232016_image1-d509d.jpg" src="http://n4.sdlcdn.com/imgs/a/g/g/166x194/SDL321642937_1386232016_image1-d509d.jpg" style="opacity: 1; "/></div><div class="product_grid_cont_heading">Aarud Naturals Naari Sudha</div><div class="product_grid_cont_price_outer"><div class="product_price no-float"><span class="originalprice no-display">Rs 293</span>  Rs 293</div></div><div class="cod-ico"><label class="lang">Cash on Delivery Available</label></div></a>
<a categoryid="318" class="hit-ss-logger" href="http://www.snapdeal.com/product/fit-warez-mystique-the-feminine/698449891?pos=40;104" ispartialsearch="false" pogid="698449891" pos="40;104" v="p"><div alt="Fit Warez Mystique - The Feminine Essence" atl="Fit Warez Mystique - The Feminine Essence" class="product-image"><img border="0" class="" lazysrc="http://n1.sdlcdn.com/imgs/a/g/e/166x194/SDL479158778_1385981376_image1-0f5aa.jpg" src="http://n1.sdlcdn.com/imgs/a/g/e/166x194/SDL479158778_1385981376_image1-0f5aa.jpg" style="opacity: 1; "/></div><div class="product_grid_cont_heading">Fit Warez Mystique - The Feminine Essence</div><div class="product_grid_cont_price_outer"><div class="product_price "><span class="originalprice ">Rs 1750</span>  Rs 999</div><div class="product_discount_outer"><div class="product_discount">43%</div></div></div><div class="cod-ico"><label class="lang">Cash on Delivery Available</label></div></a>
<a categoryid="318" class="hit-ss-logger" href="http://www.snapdeal.com/product/18herbs-greentea-diat-noni-combo/1557390209?pos=41;104" ispartialsearch="false" pogid="1557390209" pos="41;104" v="p"><div alt="18Herbs Greentea, Dia-T &amp; Noni Combo" atl="18Herbs Greentea, Dia-T &amp; Noni Combo" class="product-image"><img border="0" src="http://n1.sdlcdn.com/imgs/a/f/7/166x194/SDL015870517_1384940483_image1-dbc48.jpg" style="opacity: 1; "/></div><div class="product_grid_cont_heading">18Herbs Greentea, Dia-T &amp; Noni Combo</div><div class="product_grid_cont_price_outer"><div class="product_price "><span class="originalprice ">Rs 880</span>  Rs 836</div><div class="product_discount_outer"><div class="product_discount">5%</div></div></div><div class="cod-ico"><label class="lang">Cash on Delivery Available</label></div></a>
<a categoryid="318" class="hit-ss-logger" href="http://www.snapdeal.com/product/green-calls-kamana/1808513309?pos=42;104" ispartialsearch="false" pogid="1808513309" pos="42;104" v="p"><div alt="Green Calls Kamana" atl="Green Calls Kamana" class="product-image"><img border="0" class="" lazysrc="http://n4.sdlcdn.com/imgs/a/f/z/166x194/SDL294084974_1384174705_image1-cdee3.jpg" src="http://n4.sdlcdn.com/imgs/a/f/z/166x194/SDL294084974_1384174705_image1-cdee3.jpg" style="opacity: 1; "/></div><div class="product_grid_cont_heading">Green Calls Kamana</div><div class="product_grid_cont_price_outer"><div class="product_price no-float"><span class="originalprice no-display">Rs 1440</span>  Rs 1440</div></div></a>
<a categoryid="318" class="hit-ss-logger" href="http://www.snapdeal.com/product/bremed-bottle-warmer-for-car/646249?pos=43;104" ispartialsearch="false" pogid="646249" pos="43;104" v="p"><div alt="Bremed Bottle Warmer for Car and Home Use" atl="Bremed Bottle Warmer for Car and Home Use" class="product-image"><img border="0" class="" lazysrc="http://i1.sdlcdn.com/img/product/main/166x194/BD3210_M_1_2x.jpg" src="http://i1.sdlcdn.com/img/product/main/166x194/BD3210_M_1_2x.jpg" style="opacity: 1; "/></div><div class="product_grid_cont_heading">Bremed Bottle Warmer for Car and Home Use</div><div class="product_grid_cont_price_outer"><div class="product_price "><span class="originalprice ">Rs 2885</span>  Rs 1937</div><div class="product_discount_outer"><div class="product_discount">33%</div></div></div><div class="cod-ico"><label class="lang">Cash on Delivery Available</label></div></a>
<a categoryid="318" class="hit-ss-logger" href="http://www.snapdeal.com/product/overnix-5-strips-x-10/603793282?pos=44;104" ispartialsearch="false" pogid="603793282" pos="44;104" v="p"><div alt="Overnix (5 Strips x 10 Capsules)" atl="Overnix (5 Strips x 10 Capsules)" class="product-image"><img border="0" class="" lazysrc="http://n1.sdlcdn.com/imgs/a/f/y/166x194/SDL245701352_1383819255_image1-e9c64.jpg" src="http://n1.sdlcdn.com/imgs/a/f/y/166x194/SDL245701352_1383819255_image1-e9c64.jpg" style="opacity: 1; "/></div><div class="product_grid_cont_heading">Overnix (5 Strips x 10 Capsules)</div><div class="product_grid_cont_price_outer"><div class="product_price "><span class="originalprice ">Rs 1500</span>  Rs 1184</div><div class="product_discount_outer"><div class="product_discount">21%</div></div></div><div class="cod-ico"><label class="lang">Cash on Delivery Available</label></div></a>
<a categoryid="318" class="hit-ss-logger" href="http://www.snapdeal.com/product/organic-shatavri-rasayana-250-gms/1488193?pos=45;104" ispartialsearch="false" pogid="1488193" pos="45;104" v="p"><div alt="Nirogam Organic Shatavri Rasayana 250 gms helps in rejuvenating the female harmonal and reproductive system" atl="Nirogam Organic Shatavri Rasayana 250 gms helps in rejuvenating the female harmonal and reproductive system" class="product-image"><img border="0" class="" lazysrc="http://n4.sdlcdn.com/imgs/a/d/h/166x194/SDL328207217_1372141032_image1-f57b5.jpg" src="http://n4.sdlcdn.com/imgs/a/d/h/166x194/SDL328207217_1372141032_image1-f57b5.jpg" style="opacity: 1; "/><div class="shippingImage tooltip"><span class="box"><span class="arw"></span><label class="lang dispatched-one-day-lang">Dispatched in 1 business day</label></span></div></div><div class="product_grid_cont_heading">Nirogam Organic Shatavri Rasayana 250 gms helps in rejuvenating the female harmonal and reproductive system</div><div class="product_grid_cont_price_outer"><div class="product_price no-float"><span class="originalprice no-display">Rs 400</span>  Rs 400</div></div><div class="cod-ico"><label class="lang">Cash on Delivery Available</label></div></a>
<a categoryid="318" class="hit-ss-logger" href="http://www.snapdeal.com/product/hashmi-herbal-lady-care-capsule/1118732517?pos=46;104" ispartialsearch="false" pogid="1118732517" pos="46;104" v="p"><div alt="Hashmi Herbal Lady Care Capsule" atl="Hashmi Herbal Lady Care Capsule" class="product-image"><img border="0" class="" lazysrc="http://n3.sdlcdn.com/imgs/a/f/o/166x194/SDL178172346_1383025352_image1-9f5c7.jpg" src="http://n3.sdlcdn.com/imgs/a/f/o/166x194/SDL178172346_1383025352_image1-9f5c7.jpg" style="opacity: 1; "/></div><div class="product_grid_cont_heading">Hashmi Herbal Lady Care Capsule</div><div class="product_grid_cont_price_outer"><div class="product_price no-float"><span class="originalprice no-display">Rs 897</span>  Rs 897</div></div><div class="cod-ico"><label class="lang">Cash on Delivery Available</label></div></a>
<a categoryid="318" class="hit-ss-logger" href="http://www.snapdeal.com/product/screaming-ovation-kit-1-boxvez/1404791?pos=47;104" ispartialsearch="false" pogid="1404791" pos="47;104" v="p"><div alt="Screaming Ovation Kit 1 Box-VEZ" atl="Screaming Ovation Kit 1 Box-VEZ" class="product-image"><img border="0" class="" lazysrc="http://n3.sdlcdn.com/imgs/a/b/p/166x194/SDL062987923_1369376547_image1-07435.jpg" src="http://n3.sdlcdn.com/imgs/a/b/p/166x194/SDL062987923_1369376547_image1-07435.jpg" style="opacity: 1; "/></div><div class="product_grid_cont_heading">Screaming Ovation Kit 1 Box-VEZ</div><div class="product_grid_cont_price_outer"><div class="product_price "><span class="originalprice ">Rs 3826</span>  Rs 2576</div><div class="product_discount_outer"><div class="product_discount">33%</div></div></div><div class="cod-ico"><label class="lang">Cash on Delivery Available</label></div></a>
<a categoryid="318" class="hit-ss-logger" href="http://www.snapdeal.com/product/today-sponge-3-contraceptive-spongesdid/1404423?pos=48;104" ispartialsearch="false" pogid="1404423" pos="48;104" v="p"><div alt="Today Sponge 3 Contraceptive Sponges-DI-D" atl="Today Sponge 3 Contraceptive Sponges-DI-D" class="product-image"><img border="0" class="" lazysrc="http://n1.sdlcdn.com/imgs/a/b/p/166x194/SDL064915917_1369376141_image1-c5f81.jpg" src="http://n1.sdlcdn.com/imgs/a/b/p/166x194/SDL064915917_1369376141_image1-c5f81.jpg" style="opacity: 1; "/></div><div class="product_grid_cont_heading">Today Sponge 3 Contraceptive Sponges-DI-D</div><div class="product_grid_cont_price_outer"><div class="product_price "><span class="originalprice ">Rs 5881</span>  Rs 2372</div><div class="product_discount_outer"><div class="product_discount">60%</div></div></div><div class="cod-ico"><label class="lang">Cash on Delivery Available</label></div></a>
<a categoryid="318" class="hit-ss-logger" href="http://www.snapdeal.com/product/jelly-contraceptive-gynol-ii-285oz/1403293?pos=49;104" ispartialsearch="false" pogid="1403293" pos="49;104" v="p"><div alt="Jelly Contraceptive Gynol II 2.85oz Ea By J&amp;J Consumer Products-PDN" atl="Jelly Contraceptive Gynol II 2.85oz Ea By J&amp;J Consumer Products-PDN" class="product-image"><img border="0" class="" lazysrc="http://n2.sdlcdn.com/imgs/a/b/p/166x194/SDL558362115_1369314715_image1-7f72c.jpg" src="http://n2.sdlcdn.com/imgs/a/b/p/166x194/SDL558362115_1369314715_image1-7f72c.jpg" style="opacity: 1; "/></div><div class="product_grid_cont_heading">Jelly Contraceptive Gynol II 2.85oz Ea By J&amp;J Consumer Products-PDN</div><div class="product_grid_cont_price_outer"><div class="product_price "><span class="originalprice ">Rs 4447</span>  Rs 2548</div><div class="product_discount_outer"><div class="product_discount">43%</div></div></div><div class="cod-ico"><label class="lang">Cash on Delivery Available</label></div></a>
<a categoryid="318" class="hit-ss-logger" href="http://www.snapdeal.com/product/options-conceptrol-contraceptive-gel-w10/1403447?pos=50;104" ispartialsearch="false" pogid="1403447" pos="50;104" v="p"><div alt="Options Conceptrol Contraceptive Gel W/10 Appls 12/09-10 ct (Quantity of 2)-QQG" atl="Options Conceptrol Contraceptive Gel W/10 Appls 12/09-10 ct (Quantity of 2)-QQG" class="product-image"><img border="0" class="" lazysrc="http://n4.sdlcdn.com/imgs/a/b/p/166x194/SDL558514090_1369314863_image1-4d123.jpg" src="http://n4.sdlcdn.com/imgs/a/b/p/166x194/SDL558514090_1369314863_image1-4d123.jpg" style="opacity: 1; "/></div><div class="product_grid_cont_heading">Options Conceptrol Contraceptive Gel W/10 Appls 12/09-10 ct (Quantity of 2)-QQG</div><div class="product_grid_cont_price_outer"><div class="product_price "><span class="originalprice ">Rs 16596</span>  Rs 10104</div><div class="product_discount_outer"><div class="product_discount">39%</div></div></div><div class="cod-ico"><label class="lang">Cash on Delivery Available</label></div></a>
<a categoryid="318" class="hit-ss-logger" href="http://www.snapdeal.com/product/healthvit-shatavari/1384156?pos=51;104" ispartialsearch="false" pogid="1384156" pos="51;104" v="p"><div alt="HealthVit Shatavari Capsules" atl="HealthVit Shatavari Capsules" class="product-image"><img border="0" class="" lazysrc="http://n1.sdlcdn.com/imgs/a/b/n/166x194/SDL416218466_1368683898_image1-01339.jpg" src="http://n1.sdlcdn.com/imgs/a/b/n/166x194/SDL416218466_1368683898_image1-01339.jpg" style="opacity: 1; "/></div><div class="product_grid_cont_heading">HealthVit Shatavari Capsules</div><div class="product_grid_cont_price_outer"><div class="product_price "><span class="originalprice ">Rs 150</span>  Rs 127</div><div class="product_discount_outer"><div class="product_discount">15%</div></div></div><div class="cod-ico"><label class="lang">Cash on Delivery Available</label></div></a>
<a categoryid="318" class="hit-ss-logger" href="http://www.snapdeal.com/product/healthvit-bvit/1384172?pos=52;104" ispartialsearch="false" pogid="1384172" pos="52;104" v="p"><div alt="HealthVit B-Vit Capsules" atl="HealthVit B-Vit Capsules" class="product-image"><img border="0" class="" lazysrc="http://n2.sdlcdn.com/imgs/a/b/n/166x194/SDL424459313_1368683905_image1-37f7f.jpg" src="http://n2.sdlcdn.com/imgs/a/b/n/166x194/SDL424459313_1368683905_image1-37f7f.jpg" style="opacity: 1; "/></div><div class="product_grid_cont_heading">HealthVit B-Vit Capsules</div><div class="product_grid_cont_price_outer"><div class="product_price "><span class="originalprice ">Rs 150</span>  Rs 128</div><div class="product_discount_outer"><div class="product_discount">15%</div></div></div><div class="cod-ico"><label class="lang">Cash on Delivery Available</label></div></a>
<a categoryid="318" class="hit-ss-logger" href="http://www.snapdeal.com/product/gondwanas-naari-suraksha-pack-of/1487148597?pos=53;104" ispartialsearch="false" pogid="1487148597" pos="53;104" v="p"><div alt="Gondwana's Naari Suraksha Pack of 2" atl="Gondwana's Naari Suraksha Pack of 2" class="product-image"><img border="0" class="" lazysrc="http://n2.sdlcdn.com/imgs/a/d/n/166x194/SDL967214761_1378900626_image1-f8273.jpg" src="http://n2.sdlcdn.com/imgs/a/d/n/166x194/SDL967214761_1378900626_image1-f8273.jpg" style="opacity: 1; "/></div><div class="product_grid_cont_heading">Gondwana's Naari Suraksha Pack of 2</div><div class="product_grid_cont_price_outer"><div class="product_price "><span class="originalprice ">Rs 390</span>  Rs 376</div><div class="product_discount_outer"><div class="product_discount">4%</div></div></div><div class="cod-ico"><label class="lang">Cash on Delivery Available</label></div></a>
<a categoryid="318" class="hit-ss-logger" href="http://www.snapdeal.com/product/piramal-supractiv-complete-strips/1466487?pos=54;104" ispartialsearch="false" pogid="1466487" pos="54;104" v="p"><div alt="Piramal Supractiv Complete Strips" atl="Piramal Supractiv Complete Strips" class="product-image"><img border="0" class="" lazysrc="http://n4.sdlcdn.com/imgs/a/d/g/166x194/SDL809611990_1371554545_image1-2946d.jpg" src="http://n4.sdlcdn.com/imgs/a/d/g/166x194/SDL809611990_1371554545_image1-2946d.jpg" style="opacity: 1; "/></div><div class="product_grid_cont_heading">Piramal Supractiv Complete Strips</div><div class="ratingStarsSmall ratingStarsBelowTitle" style="background-position: 0px -126px;"><span> (5) </span></div><div class="product_grid_cont_price_outer"><div class="product_price "><span class="originalprice ">Rs 60</span>  Rs 57</div><div class="product_discount_outer"><div class="product_discount">5%</div></div></div><div class="cod-ico"><label class="lang">Cash on Delivery Available</label></div></a>
<a categoryid="318" class="hit-ss-logger" href="http://www.snapdeal.com/product/ladyshape-brazilian-bikini-shaving-stencil/1808510093?pos=55;104" ispartialsearch="false" pogid="1808510093" pos="55;104" v="p"><div alt="Ladyshape Brazilian Bikini shaving stencil &amp; Free Gillette for Women Razor" atl="Ladyshape Brazilian Bikini shaving stencil &amp; Free Gillette for Women Razor" class="product-image"><img border="0" class="" lazysrc="http://n1.sdlcdn.com/imgs/a/c/4/166x194/SDL416806580_1374583310_image1-ad2ad.jpg" src="http://n1.sdlcdn.com/imgs/a/c/4/166x194/SDL416806580_1374583310_image1-ad2ad.jpg" style="opacity: 1; "/><div class="shippingImage tooltip"><span class="box"><span class="arw"></span><label class="lang dispatched-one-day-lang">Dispatched in 1 business day</label></span></div></div><div class="product_grid_cont_heading">Ladyshape Brazilian Bikini shaving stencil &amp; Free Gillette for Women Razor</div><div class="product_grid_cont_price_outer"><div class="product_price "><span class="originalprice ">Rs 1425</span>  Rs 1099</div><div class="product_discount_outer"><div class="product_discount">23%</div></div></div><div class="cod-ico"><label class="lang">Cash on Delivery Available</label></div></a>
<a categoryid="318" class="hit-ss-logger" href="http://www.snapdeal.com/product/natures-answer-sarsaparilla-30-ml/463273?pos=56;104" ispartialsearch="false" pogid="463273" pos="56;104" v="p"><div alt="Nature's Answer Sarsaparilla - 30 ml" atl="Nature's Answer Sarsaparilla - 30 ml" class="product-image"><img border="0" class="" lazysrc="http://n1.sdlcdn.com/imgs/a/a/l/166x194/Svaasa056_M_1_2x-9e78f.jpg" src="http://n1.sdlcdn.com/imgs/a/a/l/166x194/Svaasa056_M_1_2x-9e78f.jpg" style="opacity: 1; "/></div><div class="product_grid_cont_heading">Nature's Answer Sarsaparilla - 30 ml</div><div class="ratingStarsSmall ratingStarsBelowTitle" style="background-position: 0px -162px;"><span> (3) </span></div><div class="product_grid_cont_price_outer"><div class="product_price "><span class="originalprice ">Rs 895</span>  Rs 724</div><div class="product_discount_outer"><div class="product_discount">19%</div></div></div><div class="cod-ico"><label class="lang">Cash on Delivery Available</label></div></a>
<a categoryid="318" class="hit-ss-logger" href="http://www.snapdeal.com/product/himalaya-womens-health-2-x/424181?pos=57;104" ispartialsearch="false" pogid="424181" pos="57;104" v="p"><div alt="Himalaya Women`s Health (2 X shatavari+punarnava)" atl="Himalaya Women`s Health (2 X shatavari+punarnava)" class="product-image"><img border="0" class="" lazysrc="http://n2.sdlcdn.com/imgs/a/a/a/166x194/HL_WH012_M_1_2x_a-932e1.jpg" src="http://n2.sdlcdn.com/imgs/a/a/a/166x194/HL_WH012_M_1_2x_a-932e1.jpg" style="opacity: 1; "/></div><div class="product_grid_cont_heading">Himalaya Women`s Health (2 X shatavari+punarnava)</div><div class="ratingStarsSmall ratingStarsBelowTitle" style="background-position: 0px -180px;"><span> (3) </span></div><div class="product_grid_cont_price_outer"><div class="product_price "><span class="originalprice ">Rs 300</span>  Rs 281</div><div class="product_discount_outer"><div class="product_discount">6%</div></div></div><div class="cod-ico"><label class="lang">Cash on Delivery Available</label></div></a>
<a categoryid="318" class="hit-ss-logger" href="http://www.snapdeal.com/product/organic-india-womens-well-being/431172?pos=58;104" ispartialsearch="false" pogid="431172" pos="58;104" v="p"><div alt="Organic India Women's Well Being Combo - 3 X 60 Capsules" atl="Organic India Women's Well Being Combo - 3 X 60 Capsules" class="product-image"><img border="0" class="" lazysrc="http://n4.sdlcdn.com/imgs/a/a/k/166x194/OI045_M_1_2x-41e02.jpg" src="http://n4.sdlcdn.com/imgs/a/a/k/166x194/OI045_M_1_2x-41e02.jpg" style="opacity: 1; "/></div><div class="product_grid_cont_heading">Organic India Women's Well Being Combo - 3 X 60 Capsules</div><div class="ratingStarsSmall ratingStarsBelowTitle" style="background-position: 0px -90px;"><span> (4) </span></div><div class="product_grid_cont_price_outer"><div class="product_price no-float"><span class="originalprice no-display">Rs 480</span>  Rs 480</div></div><div class="cod-ico"><label class="lang">Cash on Delivery Available</label></div></a>
<a categoryid="318" class="hit-ss-logger" href="http://www.snapdeal.com/product/fertility-combo-pack-free-1/431516?pos=59;104" ispartialsearch="false" pogid="431516" pos="59;104" v="p"><div alt="Fertility Combo Pack: Free 1 Ovulation Test Kit" atl="Fertility Combo Pack: Free 1 Ovulation Test Kit" class="product-image"><img border="0" class="" lazysrc="http://n3.sdlcdn.com/imgs/a/a/k/166x194/Fairhaven_Fertility_Combo_Pack_M_3_2x-bda50.jpg" src="http://n3.sdlcdn.com/imgs/a/a/k/166x194/Fairhaven_Fertility_Combo_Pack_M_3_2x-bda50.jpg" style="opacity: 1; "/></div><div class="product_grid_cont_heading">Fertility Combo Pack: Free 1 Ovulation Test Kit</div><div class="product_grid_cont_price_outer"><div class="product_price no-float"><span class="originalprice no-display">Rs 5940</span>  Rs 5940</div></div><div class="cod-ico"><label class="lang">Cash on Delivery Available</label></div></a>
<a categoryid="318" class="hit-ss-logger" href="http://www.snapdeal.com/product/get-pregnant-now-kit-free/431519?pos=60;104" ispartialsearch="false" pogid="431519" pos="60;104" v="p"><div alt="Get Pregnant Now Kit: Free 1 Fertility Friendly Lubricant" atl="Get Pregnant Now Kit: Free 1 Fertility Friendly Lubricant" class="product-image"><img border="0" class="" lazysrc="http://n3.sdlcdn.com/imgs/a/a/k/166x194/Fairhaven_Get_Pregnant_Now_Kit_M_2_2x-f51c7.jpg" src="http://n3.sdlcdn.com/imgs/a/a/k/166x194/Fairhaven_Get_Pregnant_Now_Kit_M_2_2x-f51c7.jpg" style="opacity: 1; "/></div><div class="product_grid_cont_heading">Get Pregnant Now Kit: Free 1 Fertility Friendly Lubricant</div><div class="ratingStarsSmall ratingStarsBelowTitle" style="background-position: 0px -180px;"><span> (1) </span></div><div class="product_grid_cont_price_outer"><div class="product_price "><span class="originalprice ">Rs 9395</span>  Rs 8926</div><div class="product_discount_outer"><div class="product_discount">5%</div></div></div><div class="cod-ico"><label class="lang">Cash on Delivery Available</label></div></a>
<a categoryid="318" class="hit-ss-logger" href="http://www.snapdeal.com/product/fertility-detox-combo-of-2/431518?pos=61;104" ispartialsearch="false" pogid="431518" pos="61;104" v="p"><div alt="Fertility Detox (Combo of 2): Free 1 Instant Pregnancy Test Kit" atl="Fertility Detox (Combo of 2): Free 1 Instant Pregnancy Test Kit" class="product-image"><img border="0" src="http://n1.sdlcdn.com/imgs/a/a/k/166x194/DivaliDetoxFertilityDetox_M_1_2x_New_New1-3bc08.jpg" style="opacity: 1; "/></div><div class="product_grid_cont_heading">Fertility Detox (Combo of 2): Free 1 Instant Pregnancy Test Kit</div><div class="ratingStarsSmall ratingStarsBelowTitle" style="background-position: 0px -144px;"><span> (2) </span></div><div class="product_grid_cont_price_outer"><div class="product_price no-float"><span class="originalprice no-display">Rs 4800</span>  Rs 4800</div></div><div class="cod-ico"><label class="lang">Cash on Delivery Available</label></div></a>
<a categoryid="318" class="hit-ss-logger" href="http://www.snapdeal.com/product/fertility-starter-pack-free-1/431515?pos=62;104" ispartialsearch="false" pogid="431515" pos="62;104" v="p"><div alt="Fertility Starter Pack: Free 1 Instant Ovulation Test Kit" atl="Fertility Starter Pack: Free 1 Instant Ovulation Test Kit" class="product-image"><img border="0" class="" lazysrc="http://n4.sdlcdn.com/imgs/a/a/k/166x194/Fairhaven_Fertility_Starter_Pack_M_1_2x_New1-35086.jpg" src="http://n4.sdlcdn.com/imgs/a/a/k/166x194/Fairhaven_Fertility_Starter_Pack_M_1_2x_New1-35086.jpg" style="opacity: 1; "/></div><div class="product_grid_cont_heading">Fertility Starter Pack: Free 1 Instant Ovulation Test Kit</div><div class="product_grid_cont_price_outer"><div class="product_price no-float"><span class="originalprice no-display">Rs 4400</span>  Rs 4400</div></div><div class="cod-ico"><label class="lang">Cash on Delivery Available</label></div></a>
<a categoryid="318" class="hit-ss-logger" href="http://www.snapdeal.com/product/flowline-healthcare-maternity-belt/216145981?pos=63;104" ispartialsearch="false" pogid="216145981" pos="63;104" v="p"><div alt="Flowline Healthcare Maternity Belt" atl="Flowline Healthcare Maternity Belt" class="product-image"><img border="0" class="" lazysrc="http://n1.sdlcdn.com/imgs/a/c/4/166x194/SDL175187340_1374642221_image1-2eb40.jpg" src="http://n1.sdlcdn.com/imgs/a/c/4/166x194/SDL175187340_1374642221_image1-2eb40.jpg" style="opacity: 1; "/></div><div class="product_grid_cont_heading">Flowline Healthcare Maternity Belt</div><div class="ratingStarsSmall ratingStarsBelowTitle" style="background-position: 0px -54px;"><span> (3) </span></div><div class="product_grid_cont_price_outer"><div class="product_price "><span class="originalprice ">Rs 2500</span>  Rs 1729</div><div class="product_discount_outer"><div class="product_discount">31%</div></div></div><div class="cod-ico"><label class="lang">Cash on Delivery Available</label></div></a>
<a categoryid="318" class="hit-ss-logger" href="http://www.snapdeal.com/product/nipple-nuture-balm/231063?pos=64;104" ispartialsearch="false" pogid="231063" pos="64;104" v="p"><div alt="Nipple Nuture Balm" atl="Nipple Nuture Balm" class="product-image"><img border="0" class="" lazysrc="http://n4.sdlcdn.com/imgs/a/a/w/166x194/Homecheck014_M_1_2x-1e45d.jpg" src="http://n4.sdlcdn.com/imgs/a/a/w/166x194/Homecheck014_M_1_2x-1e45d.jpg" style="opacity: 1; "/></div><div class="product_grid_cont_heading">Nipple Nuture Balm</div><div class="product_grid_cont_price_outer"><div class="product_price no-float"><span class="originalprice no-display">Rs 1250</span>  Rs 1249</div></div><div class="cod-ico"><label class="lang">Cash on Delivery Available</label></div></a>
<a categoryid="318" class="hit-ss-logger" href="http://www.snapdeal.com/product/nursingtimetea/231060?pos=65;104" ispartialsearch="false" pogid="231060" pos="65;104" v="p"><div alt="Nursing-time-tea" atl="Nursing-time-tea" class="product-image"><img border="0" class="" lazysrc="http://n4.sdlcdn.com/imgs/a/a/w/166x194/Homecheck015_M_1_2x_a-cda00.jpg" src="http://n4.sdlcdn.com/imgs/a/a/w/166x194/Homecheck015_M_1_2x_a-cda00.jpg" style="opacity: 1; "/></div><div class="product_grid_cont_heading">Nursing-time-tea</div><div class="product_grid_cont_price_outer"><div class="product_price no-float"><span class="originalprice no-display">Rs 1600</span>  Rs 1600</div></div><div class="cod-ico"><label class="lang">Cash on Delivery Available</label></div></a>
<a categoryid="318" class="hit-ss-logger" href="http://www.snapdeal.com/product/dream-belly-butter/231059?pos=66;104" ispartialsearch="false" pogid="231059" pos="66;104" v="p"><div alt="Dream Belly Butter" atl="Dream Belly Butter" class="product-image"><img border="0" class="" lazysrc="http://n2.sdlcdn.com/imgs/a/a/w/166x194/Homecheck018_M_1_2x_a-f21b4.jpg" src="http://n2.sdlcdn.com/imgs/a/a/w/166x194/Homecheck018_M_1_2x_a-f21b4.jpg" style="opacity: 1; "/></div><div class="product_grid_cont_heading">Dream Belly Butter</div><div class="product_grid_cont_price_outer"><div class="product_price no-float"><span class="originalprice no-display">Rs 1700</span>  Rs 1700</div></div><div class="cod-ico"><label class="lang">Cash on Delivery Available</label></div></a>
<a categoryid="318" class="hit-ss-logger" href="http://www.snapdeal.com/product/pregnancy-tea/231058?pos=67;104" ispartialsearch="false" pogid="231058" pos="67;104" v="p"><div alt="Pregnancy Tea" atl="Pregnancy Tea" class="product-image"><img border="0" class="" lazysrc="http://n1.sdlcdn.com/imgs/a/a/w/166x194/Homecheck019_M_1_2x-7bdb2.jpg" src="http://n1.sdlcdn.com/imgs/a/a/w/166x194/Homecheck019_M_1_2x-7bdb2.jpg" style="opacity: 1; "/></div><div class="product_grid_cont_heading">Pregnancy Tea</div><div class="product_grid_cont_price_outer"><div class="product_price no-float"><span class="originalprice no-display">Rs 1700</span>  Rs 1700</div></div><div class="cod-ico"><label class="lang">Cash on Delivery Available</label></div></a>
<a categoryid="318" class="hit-ss-logger" href="http://www.snapdeal.com/product/fertilcm/231080?pos=68;104" ispartialsearch="false" pogid="231080" pos="68;104" v="p"><div alt="FertilCM" atl="FertilCM" class="product-image"><img border="0" class="" lazysrc="http://n2.sdlcdn.com/imgs/a/a/w/166x194/Homecheck005_M_1_2x_a-5bbb4.jpg" src="http://n2.sdlcdn.com/imgs/a/a/w/166x194/Homecheck005_M_1_2x_a-5bbb4.jpg" style="opacity: 1; "/></div><div class="product_grid_cont_heading">FertilCM</div><div class="product_grid_cont_price_outer"><div class="product_price no-float"><span class="originalprice no-display">Rs 1590</span>  Rs 1590</div></div><div class="cod-ico"><label class="lang">Cash on Delivery Available</label></div></a>
<a categoryid="318" class="hit-ss-logger" href="http://www.snapdeal.com/product/evening-primrose-oil/231082?pos=69;104" ispartialsearch="false" pogid="231082" pos="69;104" v="p"><div alt="Evening primrose oil" atl="Evening primrose oil" class="product-image"><img border="0" class="" lazysrc="http://n3.sdlcdn.com/imgs/a/a/w/166x194/Homecheck009_M_1_2x-3923c.jpg" src="http://n3.sdlcdn.com/imgs/a/a/w/166x194/Homecheck009_M_1_2x-3923c.jpg" style="opacity: 1; "/></div><div class="product_grid_cont_heading">Evening primrose oil</div><div class="product_grid_cont_price_outer"><div class="product_price no-float"><span class="originalprice no-display">Rs 1100</span>  Rs 1100</div></div><div class="cod-ico"><label class="lang">Cash on Delivery Available</label></div></a>
<a categoryid="318" class="hit-ss-logger" href="http://www.snapdeal.com/product/virili-tea/231083?pos=70;104" ispartialsearch="false" pogid="231083" pos="70;104" v="p"><div alt="Virili Tea" atl="Virili Tea" class="product-image"><img border="0" class="" lazysrc="http://n3.sdlcdn.com/imgs/a/a/w/166x194/Homecheck008_M_1_2x_a-23f2f.jpg" src="http://n3.sdlcdn.com/imgs/a/a/w/166x194/Homecheck008_M_1_2x_a-23f2f.jpg" style="opacity: 1; "/></div><div class="product_grid_cont_heading">Virili Tea</div><div class="ratingStarsSmall ratingStarsBelowTitle" style="background-position: 0px -180px;"><span> (5) </span></div><div class="product_grid_cont_price_outer"><div class="product_price no-float"><span class="originalprice no-display">Rs 1100</span>  Rs 1100</div></div><div class="freebie-ico"><label class="lang freebie-lang">Freebie</label></div><div class="cod-ico"><label class="lang">Cash on Delivery Available</label></div></a>
<a categoryid="318" class="hit-ss-logger" href="http://www.snapdeal.com/product/fertiltea/231078?pos=71;104" ispartialsearch="false" pogid="231078" pos="71;104" v="p"><div alt="Fertiltea" atl="Fertiltea" class="product-image"><img border="0" class="" lazysrc="http://n3.sdlcdn.com/imgs/a/a/w/166x194/Homecheck007_M_1_2x_a-7a097.jpg" src="http://n3.sdlcdn.com/imgs/a/a/w/166x194/Homecheck007_M_1_2x_a-7a097.jpg" style="opacity: 1; "/></div><div class="product_grid_cont_heading">Fertiltea</div><div class="ratingStarsSmall ratingStarsBelowTitle" style="background-position: 0px -180px;"><span> (6) </span></div><div class="product_grid_cont_price_outer"><div class="product_price no-float"><span class="originalprice no-display">Rs 1100</span>  Rs 1100</div></div><div class="cod-ico"><label class="lang">Cash on Delivery Available</label></div></a>
<a categoryid="318" class="hit-ss-logger" href="http://www.snapdeal.com/product/homecheck-menopause-1-test/231073?pos=72;104" ispartialsearch="false" pogid="231073" pos="72;104" v="p"><div alt="Homecheck Menopause (1 test)" atl="Homecheck Menopause (1 test)" class="product-image"><img border="0" class="" lazysrc="http://n3.sdlcdn.com/imgs/a/a/w/166x194/Homecheck028_M_1_2x-c5ca9.jpg" src="http://n3.sdlcdn.com/imgs/a/a/w/166x194/Homecheck028_M_1_2x-c5ca9.jpg" style="opacity: 1; "/></div><div class="product_grid_cont_heading">Homecheck Menopause (1 test)</div><div class="ratingStarsSmall ratingStarsBelowTitle" style="background-position: 0px -144px;"><span> (2) </span></div><div class="product_grid_cont_price_outer"><div class="product_price "><span class="originalprice ">Rs 225</span>  Rs 165</div><div class="product_discount_outer"><div class="product_discount">27%</div></div></div><div class="cod-ico"><label class="lang">Cash on Delivery Available</label></div></a>
<a categoryid="318" class="hit-ss-logger" href="http://www.snapdeal.com/product/dolphin-breast-reliever-manual-breast/609652?pos=73;104" ispartialsearch="false" pogid="609652" pos="73;104" v="p"><div alt="Dolphin Breast Reliever / Manual Breast Pump" atl="Dolphin Breast Reliever / Manual Breast Pump" class="product-image"><img border="0" class="" lazysrc="http://n2.sdlcdn.com/imgs/a/a/g/166x194/Sun_Medi_043_M_1_2x-85b35.jpg" src="http://n2.sdlcdn.com/imgs/a/a/g/166x194/Sun_Medi_043_M_1_2x-85b35.jpg" style="opacity: 1; "/></div><div class="product_grid_cont_heading">Dolphin Breast Reliever / Manual Breast Pump</div><div class="product_grid_cont_price_outer"><div class="product_price no-float"><span class="originalprice no-display">Rs 105</span>  Rs 105</div></div><div class="cod-ico"><label class="lang">Cash on Delivery Available</label></div></a>
<a categoryid="318" class="hit-ss-logger" href="http://www.snapdeal.com/product/osim-ucleen-pacifier-baby-product/609118?pos=74;104" ispartialsearch="false" pogid="609118" pos="74;104" v="p"><div alt="OSIM uCleen Pacifier - Baby Product UV Steriliser" atl="OSIM uCleen Pacifier - Baby Product UV Steriliser" class="product-image"><img border="0" class="" lazysrc="http://n2.sdlcdn.com/imgs/a/a/f/166x194/OSIM_005_M_1_2x_New-f62d3.jpg" src="http://n2.sdlcdn.com/imgs/a/a/f/166x194/OSIM_005_M_1_2x_New-f62d3.jpg" style="opacity: 1; "/></div><div class="product_grid_cont_heading">OSIM uCleen Pacifier - Baby Product UV Steriliser</div><div class="product_grid_cont_price_outer"><div class="product_price no-float"><span class="originalprice no-display">Rs 2750</span>  Rs 2750</div></div><div class="cod-ico"><label class="lang">Cash on Delivery Available</label></div></a>
<a categoryid="318" class="hit-ss-logger" href="http://www.snapdeal.com/product/nfm-professional-max-coq-lipoic/602131?pos=75;104" ispartialsearch="false" pogid="602131" pos="75;104" v="p"><div alt="NFM Professional Max CoQ Lipoic 30's" atl="NFM Professional Max CoQ Lipoic 30's" class="product-image"><img border="0" class="" lazysrc="http://n1.sdlcdn.com/imgs/a/a/g/166x194/NFMIronPlus_M_1_2x-3f680.jpg" src="http://n1.sdlcdn.com/imgs/a/a/g/166x194/NFMIronPlus_M_1_2x-3f680.jpg" style="opacity: 1; "/></div><div class="product_grid_cont_heading">NFM Professional Max CoQ Lipoic 30's</div><div class="ratingStarsSmall ratingStarsBelowTitle" style="background-position: 0px -144px;"><span> (84) </span></div><div class="product_grid_cont_price_outer"><div class="product_price no-float"><span class="originalprice no-display">Rs 2300</span>  Rs 2300</div></div><div class="cod-ico"><label class="lang">Cash on Delivery Available</label></div></a>
<a categoryid="318" class="hit-ss-logger" href="http://www.snapdeal.com/product/nfm-professional-pro-biotic-40s/602135?pos=76;104" ispartialsearch="false" pogid="602135" pos="76;104" v="p"><div alt="NFM Professional PRO Biotic 40's" atl="NFM Professional PRO Biotic 40's" class="product-image"><img border="0" class="" lazysrc="http://n3.sdlcdn.com/imgs/a/a/g/166x194/NFMPROBiotic_M_1_2x-0daf7.jpg" src="http://n3.sdlcdn.com/imgs/a/a/g/166x194/NFMPROBiotic_M_1_2x-0daf7.jpg" style="opacity: 1; "/></div><div class="product_grid_cont_heading">NFM Professional PRO Biotic 40's</div><div class="product_grid_cont_price_outer"><div class="product_price no-float"><span class="originalprice no-display">Rs 2300</span>  Rs 2300</div></div><div class="cod-ico"><label class="lang">Cash on Delivery Available</label></div></a>
<a categoryid="318" class="hit-ss-logger" href="http://www.snapdeal.com/product/nfm-professional-zinc-30s/602132?pos=77;104" ispartialsearch="false" pogid="602132" pos="77;104" v="p"><div alt="NFM Professional Zinc 30's" atl="NFM Professional Zinc 30's" class="product-image"><img border="0" class="" lazysrc="http://n1.sdlcdn.com/imgs/a/a/g/166x194/NFM_Zinc_M_1_2x-40fa3.jpg" src="http://n1.sdlcdn.com/imgs/a/a/g/166x194/NFM_Zinc_M_1_2x-40fa3.jpg" style="opacity: 1; "/></div><div class="product_grid_cont_heading">NFM Professional Zinc 30's</div><div class="ratingStarsSmall ratingStarsBelowTitle" style="background-position: 0px -90px;"><span> (3) </span></div><div class="product_grid_cont_price_outer"><div class="product_price no-float"><span class="originalprice no-display">Rs 700</span>  Rs 700</div></div><div class="cod-ico"><label class="lang">Cash on Delivery Available</label></div></a>
<a categoryid="318" class="hit-ss-logger" href="http://www.snapdeal.com/product/nfm-professional-selenium-liquid/602133?pos=78;104" ispartialsearch="false" pogid="602133" pos="78;104" v="p"><div alt="NFM Professional Selenium Liquid" atl="NFM Professional Selenium Liquid" class="product-image"><img border="0" class="" lazysrc="http://n3.sdlcdn.com/imgs/a/a/g/166x194/NFM_Selenium_Liquid_M_1_2x-1d42f.jpg" src="http://n3.sdlcdn.com/imgs/a/a/g/166x194/NFM_Selenium_Liquid_M_1_2x-1d42f.jpg" style="opacity: 1; "/></div><div class="product_grid_cont_heading">NFM Professional Selenium Liquid</div><div class="ratingStarsSmall ratingStarsBelowTitle" style="background-position: 0px -126px;"><span> (2) </span></div><div class="product_grid_cont_price_outer"><div class="product_price no-float"><span class="originalprice no-display">Rs 1400</span>  Rs 1400</div></div><div class="cod-ico"><label class="lang">Cash on Delivery Available</label></div></a>
<a categoryid="318" class="hit-ss-logger" href="http://www.snapdeal.com/product/westcoast-previt-tablets/622618?pos=79;104" ispartialsearch="false" pogid="622618" pos="79;104" v="p"><div alt="West-Coast Previt Tablets" atl="West-Coast Previt Tablets" class="product-image"><img border="0" class="" lazysrc="http://n1.sdlcdn.com/imgs/a/a/h/166x194/westcoast_006_M_1_2x-b8900.jpg" src="http://n1.sdlcdn.com/imgs/a/a/h/166x194/westcoast_006_M_1_2x-b8900.jpg" style="opacity: 1; "/></div><div class="product_grid_cont_heading">West-Coast Previt Tablets</div><div class="ratingStarsSmall ratingStarsBelowTitle" style="background-position: 0px -144px;"><span> (2) </span></div><div class="product_grid_cont_price_outer"><div class="product_price "><span class="originalprice ">Rs 165</span>  Rs 116</div><div class="product_discount_outer"><div class="product_discount">30%</div></div></div><div class="cod-ico"><label class="lang">Cash on Delivery Available</label></div></a>
<a categoryid="318" class="hit-ss-logger" href="http://www.snapdeal.com/product/ladyshape-heart-bikini-shaving-stencil/781101806?pos=80;104" ispartialsearch="false" pogid="781101806" pos="80;104" v="p"><div alt="Ladyshape Heart Bikini shaving stencil &amp; Free Gillette for Women Razor" atl="Ladyshape Heart Bikini shaving stencil &amp; Free Gillette for Women Razor" class="product-image"><img border="0" class="" lazysrc="http://n4.sdlcdn.com/imgs/a/c/4/166x194/SDL417092775_1374583341_image1-5604f.jpg" src="http://n4.sdlcdn.com/imgs/a/c/4/166x194/SDL417092775_1374583341_image1-5604f.jpg" style="opacity: 1; "/><div class="shippingImage tooltip"><span class="box"><span class="arw"></span><label class="lang dispatched-one-day-lang">Dispatched in 1 business day</label></span></div></div><div class="product_grid_cont_heading">Ladyshape Heart Bikini shaving stencil &amp; Free Gillette for Women Razor</div><div class="product_grid_cont_price_outer"><div class="product_price "><span class="originalprice ">Rs 1425</span>  Rs 1044</div><div class="product_discount_outer"><div class="product_discount">27%</div></div></div><div class="cod-ico"><label class="lang">Cash on Delivery Available</label></div></a>
<a categoryid="318" class="hit-ss-logger" href="http://www.snapdeal.com/product/ladyshape-triangle-bikini-shaving-stencil/886877974?pos=81;104" ispartialsearch="false" pogid="886877974" pos="81;104" v="p"><div alt="Ladyshape Triangle Bikini shaving stencil &amp; Free Gillette for Women Razor" atl="Ladyshape Triangle Bikini shaving stencil &amp; Free Gillette for Women Razor" class="product-image"><img border="0" src="http://n4.sdlcdn.com/imgs/a/c/4/166x194/SDL417331244_1374583318_image1-4a7b2.jpg" style="opacity: 1; "/><div class="shippingImage tooltip"><span class="box"><span class="arw"></span><label class="lang dispatched-one-day-lang">Dispatched in 1 business day</label></span></div></div><div class="product_grid_cont_heading">Ladyshape Triangle Bikini shaving stencil &amp; Free Gillette for Women Razor</div><div class="product_grid_cont_price_outer"><div class="product_price "><span class="originalprice ">Rs 1425</span>  Rs 1044</div><div class="product_discount_outer"><div class="product_discount">27%</div></div></div><div class="cod-ico"><label class="lang">Cash on Delivery Available</label></div></a>
<a categoryid="318" class="hit-ss-logger" href="http://www.snapdeal.com/product/tight-lip-combo-of-2/662843?pos=82;104" ispartialsearch="false" pogid="662843" pos="82;104" v="p"><div alt="Tight Lip - Combo of 2" atl="Tight Lip - Combo of 2" class="product-image"><img border="0" class="" lazysrc="http://n4.sdlcdn.com/imgs/a/a/j/166x194/lunar_vora_004_M_1_2x-fb224.jpg" src="http://n4.sdlcdn.com/imgs/a/a/j/166x194/lunar_vora_004_M_1_2x-fb224.jpg" style="opacity: 1; "/></div><div class="product_grid_cont_heading">Tight Lip - Combo of 2</div><div class="ratingStarsSmall ratingStarsBelowTitle" style="background-position: 0px -180px;"><span> (1) </span></div><div class="product_grid_cont_price_outer"><div class="product_price "><span class="originalprice ">Rs 1092</span>  Rs 918</div><div class="product_discount_outer"><div class="product_discount">16%</div></div></div><div class="cod-ico"><label class="lang">Cash on Delivery Available</label></div></a>
<a categoryid="318" class="hit-ss-logger" href="http://www.snapdeal.com/product/bremed-baby-monitor/640264?pos=83;104" ispartialsearch="false" pogid="640264" pos="83;104" v="p"><div alt="Bremed Baby Monitor" atl="Bremed Baby Monitor" class="product-image"><img border="0" class="" lazysrc="http://i2.sdlcdn.com/img/product/main/166x194/BD3000_M_1_2x.jpg" src="http://i2.sdlcdn.com/img/product/main/166x194/BD3000_M_1_2x.jpg" style="opacity: 1; "/></div><div class="product_grid_cont_heading">Bremed Baby Monitor</div><div class="product_grid_cont_price_outer"><div class="product_price "><span class="originalprice ">Rs 4665</span>  Rs 3174</div><div class="product_discount_outer"><div class="product_discount">32%</div></div></div><div class="cod-ico"><label class="lang">Cash on Delivery Available</label></div></a>
<a categoryid="318" class="hit-ss-logger" href="http://www.snapdeal.com/product/bremed-electric-bottle-steam-sterilizer/640262?pos=84;104" ispartialsearch="false" pogid="640262" pos="84;104" v="p"><div alt="Bremed Electric Bottle Steam Sterilizer â€“ 6 Bottles" atl="Bremed Electric Bottle Steam Sterilizer â€“ 6 Bottles" class="product-image"><img border="0" class="" lazysrc="http://i1.sdlcdn.com/img/product/main/166x194/BD3250_M_1_2x.jpg" src="http://i1.sdlcdn.com/img/product/main/166x194/BD3250_M_1_2x.jpg" style="opacity: 1; "/></div><div class="product_grid_cont_heading">Bremed Electric Bottle Steam Sterilizer â€“ 6 Bottles</div><div class="product_grid_cont_price_outer"><div class="product_price "><span class="originalprice ">Rs 5550</span>  Rs 2744</div><div class="product_discount_outer"><div class="product_discount">51%</div></div></div><div class="cod-ico"><label class="lang">Cash on Delivery Available</label></div></a>
<a categoryid="318" class="hit-ss-logger" href="http://www.snapdeal.com/product/vee-excel-vxl-women-care/665776360?pos=85;104" ispartialsearch="false" pogid="665776360" pos="85;104" v="p"><div alt="Vee Excel VXL Women Care Syrup (Combo of 5)" atl="Vee Excel VXL Women Care Syrup (Combo of 5)" class="product-image"><img border="0" class="" lazysrc="http://n3.sdlcdn.com/imgs/a/d/f/166x194/VeeExcel_017_M_1_2x-e92c3.jpg" src="http://n3.sdlcdn.com/imgs/a/d/f/166x194/VeeExcel_017_M_1_2x-e92c3.jpg" style="opacity: 1; "/></div><div class="product_grid_cont_heading">Vee Excel VXL Women Care Syrup (Combo of 5)</div><div class="ratingStarsSmall ratingStarsBelowTitle" style="background-position: 0px -180px;"><span> (5) </span></div><div class="product_grid_cont_price_outer"><div class="product_price "><span class="originalprice ">Rs 750</span>  Rs 675</div><div class="product_discount_outer"><div class="product_discount">10%</div></div></div><div class="cod-ico"><label class="lang">Cash on Delivery Available</label></div></a>
<a categoryid="318" class="hit-ss-logger" href="http://www.snapdeal.com/product/natures-answer-yohimbe-af-30/463337?pos=86;104" ispartialsearch="false" pogid="463337" pos="86;104" v="p"><div alt="Nature's Answer Yohimbe (AF) - 30 ml" atl="Nature's Answer Yohimbe (AF) - 30 ml" class="product-image"><img border="0" class="" lazysrc="http://n3.sdlcdn.com/imgs/a/a/l/166x194/Svaasa070_M_1_2x-81f24.jpg" src="http://n3.sdlcdn.com/imgs/a/a/l/166x194/Svaasa070_M_1_2x-81f24.jpg" style="opacity: 1; "/></div><div class="product_grid_cont_heading">Nature's Answer Yohimbe (AF) - 30 ml</div><div class="ratingStarsSmall ratingStarsBelowTitle" style="background-position: 0px -180px;"><span> (6) </span></div><div class="product_grid_cont_price_outer"><div class="product_price "><span class="originalprice ">Rs 1250</span>  Rs 1021</div><div class="product_discount_outer"><div class="product_discount">18%</div></div></div><div class="cod-ico"><label class="lang">Cash on Delivery Available</label></div></a>
<a categoryid="318" class="hit-ss-logger" href="http://www.snapdeal.com/product/nfm-professional-iron-plus-30s/602136?pos=87;104" ispartialsearch="false" pogid="602136" pos="87;104" v="p"><div alt="NFM Professional Iron Plus 30's" atl="NFM Professional Iron Plus 30's" class="product-image"><img border="0" class="" lazysrc="http://n3.sdlcdn.com/imgs/a/a/g/166x194/NFMIronPlus_M_1_2x-7403a.jpg" src="http://n3.sdlcdn.com/imgs/a/a/g/166x194/NFMIronPlus_M_1_2x-7403a.jpg" style="opacity: 1; "/><div class="soldout prod-grid-sold-out-lang"></div></div><div class="product_grid_cont_heading">NFM Professional Iron Plus 30's</div><div class="product_grid_cont_price_outer"><div class="product_price no-float"><span class="originalprice no-display">Rs 700</span>  Rs 700</div></div><div class="cod-ico"><label class="lang">Cash on Delivery Available</label></div></a>
<a categoryid="318" class="hit-ss-logger" href="http://www.snapdeal.com/product/himalaya-mens-health-2-x/424176?pos=88;104" ispartialsearch="false" pogid="424176" pos="88;104" v="p"><div alt="Clean and Dry Intimate Powder (5) + intimate Wash ( 5 ) combo value pack" atl="Clean and Dry Intimate Powder (5) + intimate Wash ( 5 ) combo value pack" class="product-image"><img border="0" class="" lazysrc="http://n4.sdlcdn.com/imgs/a/d/7/166x194/1532390_1381151973_image1-e6e7b.jpg" src="http://n4.sdlcdn.com/imgs/a/d/7/166x194/1532390_1381151973_image1-e6e7b.jpg" style="opacity: 1; "/><div class="shippingImage tooltip"><span class="box"><span class="arw"></span><label class="lang dispatched-one-day-lang">Dispatched in 1 business day</label></span></div><div class="soldout prod-grid-sold-out-lang"></div></div><div class="product_grid_cont_heading">Clean and Dry Intimate Powder (5) + intimate Wash ( 5 ) combo value pack</div><div class="ratingStarsSmall ratingStarsBelowTitle" style="background-position: 0px -144px;"><span> (6) </span></div><div class="product_grid_cont_price_outer"><div class="product_price "><span class="originalprice ">Rs 300</span>  Rs 265</div><div class="product_discount_outer"><div class="product_discount">12%</div></div></div><div class="cod-ico"><label class="lang">Cash on Delivery Available</label></div></a>
<a categoryid="318" class="hit-ss-logger" href="http://www.snapdeal.com/product/lasky-herbal/1537451329?pos=89;104" ispartialsearch="false" pogid="1537451329" pos="89;104" v="p"><div alt="Lasky Herbal" atl="Lasky Herbal" class="product-image"><img border="0" class="" lazysrc="http://n4.sdlcdn.com/imgs/a/g/w/166x194/SDL254463158_1389876432_image1-5a688.jpg" src="http://n4.sdlcdn.com/imgs/a/g/w/166x194/SDL254463158_1389876432_image1-5a688.jpg" style="opacity: 1; "/><div class="soldout prod-grid-sold-out-lang"></div></div><div class="product_grid_cont_heading">Lasky Herbal</div><div class="product_grid_cont_price_outer"><div class="product_price "><span class="originalprice ">Rs 410</span>  Rs 390</div><div class="product_discount_outer"><div class="product_discount">5%</div></div></div></a>
<a categoryid="318" class="hit-ss-logger" href="http://www.snapdeal.com/product/lasky-herbal/1794610735?pos=90;104" ispartialsearch="false" pogid="1794610735" pos="90;104" v="p"><div alt="Lasky Herbal" atl="Lasky Herbal" class="product-image"><img border="0" class="" lazysrc="http://n2.sdlcdn.com/imgs/a/g/w/166x194/SDL254078880_1389876456_image1-a1305.jpg" src="http://n2.sdlcdn.com/imgs/a/g/w/166x194/SDL254078880_1389876456_image1-a1305.jpg" style="opacity: 1; "/><div class="soldout prod-grid-sold-out-lang"></div></div><div class="product_grid_cont_heading">Lasky Herbal</div><div class="product_grid_cont_price_outer"><div class="product_price "><span class="originalprice ">Rs 399</span>  Rs 375</div><div class="product_discount_outer"><div class="product_discount">6%</div></div></div></a>
<a categoryid="318" class="hit-ss-logger" href="http://www.snapdeal.com/product/lasky-herbal/1204686427?pos=91;104" ispartialsearch="false" pogid="1204686427" pos="91;104" v="p"><div alt="Lasky Herbal" atl="Lasky Herbal" class="product-image"><img border="0" class="" lazysrc="http://n1.sdlcdn.com/imgs/a/g/w/166x194/SDL263464617_1389876438_image1-ead44.jpg" src="http://n1.sdlcdn.com/imgs/a/g/w/166x194/SDL263464617_1389876438_image1-ead44.jpg" style="opacity: 1; "/><div class="soldout prod-grid-sold-out-lang"></div></div><div class="product_grid_cont_heading">Lasky Herbal</div><div class="product_grid_cont_price_outer"><div class="product_price "><span class="originalprice ">Rs 1596</span>  Rs 1450</div><div class="product_discount_outer"><div class="product_discount">9%</div></div></div></a>
<a categoryid="318" class="hit-ss-logger" href="http://www.snapdeal.com/product/lasky-herbal/1217359599?pos=92;104" ispartialsearch="false" pogid="1217359599" pos="92;104" v="p"><div alt="Lasky Herbal" atl="Lasky Herbal" class="product-image"><img border="0" class="" lazysrc="http://n3.sdlcdn.com/imgs/a/g/w/166x194/SDL260942315_1389876440_image1-8d105.jpg" src="http://n3.sdlcdn.com/imgs/a/g/w/166x194/SDL260942315_1389876440_image1-8d105.jpg" style="opacity: 1; "/><div class="soldout prod-grid-sold-out-lang"></div></div><div class="product_grid_cont_heading">Lasky Herbal</div><div class="product_grid_cont_price_outer"><div class="product_price "><span class="originalprice ">Rs 1596</span>  Rs 1450</div><div class="product_discount_outer"><div class="product_discount">9%</div></div></div></a>
<a categoryid="318" class="hit-ss-logger" href="http://www.snapdeal.com/product/lasky-herbal/1922606871?pos=93;104" ispartialsearch="false" pogid="1922606871" pos="93;104" v="p"><div alt="Lasky Herbal" atl="Lasky Herbal" class="product-image"><img border="0" class="" lazysrc="http://n1.sdlcdn.com/imgs/a/g/w/166x194/SDL266090665_1389876416_image1-8b49d.jpg" src="http://n1.sdlcdn.com/imgs/a/g/w/166x194/SDL266090665_1389876416_image1-8b49d.jpg" style="opacity: 1; "/><div class="soldout prod-grid-sold-out-lang"></div></div><div class="product_grid_cont_heading">Lasky Herbal</div><div class="product_grid_cont_price_outer"><div class="product_price "><span class="originalprice ">Rs 2394</span>  Rs 2250</div><div class="product_discount_outer"><div class="product_discount">6%</div></div></div></a>
<a categoryid="318" class="hit-ss-logger" href="http://www.snapdeal.com/product/lasky-herbal/432344313?pos=94;104" ispartialsearch="false" pogid="432344313" pos="94;104" v="p"><div alt="Lasky Herbal" atl="Lasky Herbal" class="product-image"><img border="0" class="" lazysrc="http://n3.sdlcdn.com/imgs/a/g/w/166x194/SDL256662410_1389876443_image1-381a2.jpg" src="http://n3.sdlcdn.com/imgs/a/g/w/166x194/SDL256662410_1389876443_image1-381a2.jpg" style="opacity: 1; "/><div class="soldout prod-grid-sold-out-lang"></div></div><div class="product_grid_cont_heading">Lasky Herbal</div><div class="product_grid_cont_price_outer"><div class="product_price "><span class="originalprice ">Rs 1230</span>  Rs 1050</div><div class="product_discount_outer"><div class="product_discount">15%</div></div></div></a>
<a categoryid="318" class="hit-ss-logger" href="http://www.snapdeal.com/product/lasky-herbal/855123225?pos=95;104" ispartialsearch="false" pogid="855123225" pos="95;104" v="p"><div alt="Lasky Herbal" atl="Lasky Herbal" class="product-image"><img border="0" class="" lazysrc="http://n3.sdlcdn.com/imgs/a/g/w/166x194/SDL254285507_1389876425_image1-5bcaf.jpg" src="http://n3.sdlcdn.com/imgs/a/g/w/166x194/SDL254285507_1389876425_image1-5bcaf.jpg" style="opacity: 1; "/><div class="soldout prod-grid-sold-out-lang"></div></div><div class="product_grid_cont_heading">Lasky Herbal</div><div class="product_grid_cont_price_outer"><div class="product_price "><span class="originalprice ">Rs 425</span>  Rs 400</div><div class="product_discount_outer"><div class="product_discount">6%</div></div></div></a>
<a categoryid="318" class="hit-ss-logger" href="http://www.snapdeal.com/product/lasky-herbal/885865936?pos=96;104" ispartialsearch="false" pogid="885865936" pos="96;104" v="p"><div alt="Lasky Herbal" atl="Lasky Herbal" class="product-image"><img border="0" class="" lazysrc="http://n2.sdlcdn.com/imgs/a/g/w/166x194/SDL263061852_1389876435_image1-26813.jpg" src="http://n2.sdlcdn.com/imgs/a/g/w/166x194/SDL263061852_1389876435_image1-26813.jpg" style="opacity: 1; "/><div class="soldout prod-grid-sold-out-lang"></div></div><div class="product_grid_cont_heading">Lasky Herbal</div><div class="product_grid_cont_price_outer"><div class="product_price "><span class="originalprice ">Rs 2394</span>  Rs 2250</div><div class="product_discount_outer"><div class="product_discount">6%</div></div></div></a>
<a categoryid="318" class="hit-ss-logger" href="http://www.snapdeal.com/product/lasky-herbal/668078774?pos=97;104" ispartialsearch="false" pogid="668078774" pos="97;104" v="p"><div alt="Lasky Herbal" atl="Lasky Herbal" class="product-image"><img border="0" class="" lazysrc="http://n1.sdlcdn.com/imgs/a/g/w/166x194/SDL257309749_1389876451_image1-5b409.jpg" src="http://n1.sdlcdn.com/imgs/a/g/w/166x194/SDL257309749_1389876451_image1-5b409.jpg" style="opacity: 1; "/><div class="soldout prod-grid-sold-out-lang"></div></div><div class="product_grid_cont_heading">Lasky Herbal</div><div class="product_grid_cont_price_outer"><div class="product_price "><span class="originalprice ">Rs 399</span>  Rs 375</div><div class="product_discount_outer"><div class="product_discount">6%</div></div></div></a>
<a categoryid="318" class="hit-ss-logger" href="http://www.snapdeal.com/product/prolab-horny-goat-weed-cap60/1941788961?pos=98;104" ispartialsearch="false" pogid="1941788961" pos="98;104" v="p"><div alt="Prolab Horny Goat Weed Cap-60" atl="Prolab Horny Goat Weed Cap-60" class="product-image"><img border="0" class="" lazysrc="http://n2.sdlcdn.com/imgs/a/d/u/166x194/SDL502482924_1380262946_image1-67042.jpg" src="http://n2.sdlcdn.com/imgs/a/d/u/166x194/SDL502482924_1380262946_image1-67042.jpg" style="opacity: 1; "/><div class="soldout prod-grid-sold-out-lang"></div></div><div class="product_grid_cont_heading">Prolab Horny Goat Weed Cap-60</div><div class="product_grid_cont_price_outer"><div class="product_price "><span class="originalprice ">Rs 1170</span>  Rs 1045</div><div class="product_discount_outer"><div class="product_discount">11%</div></div></div><div class="cod-ico"><label class="lang">Cash on Delivery Available</label></div></a>
<a categoryid="318" class="hit-ss-logger" href="http://www.snapdeal.com/product/18herbs-noni-fruit-juice/869535142?pos=99;104" ispartialsearch="false" pogid="869535142" pos="99;104" v="p"><div alt="18Herbs Noni Fruit Juice" atl="18Herbs Noni Fruit Juice" class="product-image"><img border="0" class="" lazysrc="http://n3.sdlcdn.com/imgs/a/f/7/166x194/SDL012358727_1384940488_image3-819da.jpg" src="http://n3.sdlcdn.com/imgs/a/f/7/166x194/SDL012358727_1384940488_image3-819da.jpg" style="opacity: 1; "/><div class="soldout prod-grid-sold-out-lang"></div></div><div class="product_grid_cont_heading">18Herbs Noni Fruit Juice</div><div class="product_grid_cont_price_outer"><div class="product_price "><span class="originalprice ">Rs 495</span>  Rs 470</div><div class="product_discount_outer"><div class="product_discount">5%</div></div></div><div class="cod-ico"><label class="lang">Cash on Delivery Available</label></div></a>
<a categoryid="318" class="hit-ss-logger" href="http://www.snapdeal.com/product/dr-avis-femayu-60-caps/529983?pos=100;104" ispartialsearch="false" pogid="529983" pos="100;104" v="p"><div alt="Dr Avi's Femayu 60 Caps" atl="Dr Avi's Femayu 60 Caps" class="product-image"><img border="0" class="" lazysrc="http://n1.sdlcdn.com/imgs/a/a/n/166x194/DR_AVI_006_M_1_2x-57308.jpg" src="http://n1.sdlcdn.com/imgs/a/a/n/166x194/DR_AVI_006_M_1_2x-57308.jpg" style="opacity: 1; "/><div class="soldout prod-grid-sold-out-lang"></div></div><div class="product_grid_cont_heading">Dr Avi's Femayu 60 Caps</div><div class="ratingStarsSmall ratingStarsBelowTitle" style="background-position: 0px -180px;"><span> (1) </span></div><div class="product_grid_cont_price_outer"><div class="product_price "><span class="originalprice ">Rs 300</span>  Rs 294</div><div class="product_discount_outer"><div class="product_discount">2%</div></div></div><div class="cod-ico"><label class="lang">Cash on Delivery Available</label></div></a>
<a categoryid="318" class="hit-ss-logger" href="http://www.snapdeal.com/product/unipill-emergency-contraceptive-pill-10s/1241102?pos=101;104" ispartialsearch="false" pogid="1241102" pos="101;104" v="p"><div alt="Unipill Emergency Contraceptive Pill (10's x 3 Strips)" atl="Unipill Emergency Contraceptive Pill (10's x 3 Strips)" class="product-image"><img border="0" src="http://n2.sdlcdn.com/imgs/a/b/f/166x194/SDL143080336_1365424817_image1-3abf6.jpg" style="opacity: 1; "/><div class="soldout prod-grid-sold-out-lang"></div></div><div class="product_grid_cont_heading">Unipill Emergency Contraceptive Pill (10's x 3 Strips)</div><div class="product_grid_cont_price_outer"><div class="product_price "><span class="originalprice ">Rs 300</span>  Rs 232</div><div class="product_discount_outer"><div class="product_discount">23%</div></div></div><div class="cod-ico"><label class="lang">Cash on Delivery Available</label></div></a>
<a categoryid="318" class="hit-ss-logger" href="http://www.snapdeal.com/product/glass-basal-thermometer/231062?pos=102;104" ispartialsearch="false" pogid="231062" pos="102;104" v="p"><div alt="Glass Basal Thermometer" atl="Glass Basal Thermometer" class="product-image"><img border="0" class="" lazysrc="http://n1.sdlcdn.com/imgs/a/a/w/166x194/Homecheck013_M_1_2x_a-ba969.jpg" src="http://n1.sdlcdn.com/imgs/a/a/w/166x194/Homecheck013_M_1_2x_a-ba969.jpg" style="opacity: 1; "/><div class="soldout prod-grid-sold-out-lang"></div></div><div class="product_grid_cont_heading">Glass Basal Thermometer</div><div class="ratingStarsSmall ratingStarsBelowTitle" style="background-position: 0px -180px;"><span> (5) </span></div><div class="product_grid_cont_price_outer"><div class="product_price no-float"><span class="originalprice no-display">Rs 1450</span>  Rs 1450</div></div><div class="cod-ico"><label class="lang">Cash on Delivery Available</label></div></a>
<a categoryid="318" class="hit-ss-logger" href="http://www.snapdeal.com/product/velfit-oil/861426?pos=103;104" ispartialsearch="false" pogid="861426" pos="103;104" v="p"><div alt="Velfit Oil" atl="Velfit Oil" class="product-image"><img border="0" class="" lazysrc="http://n3.sdlcdn.com/imgs/a/a/r/166x194/SDL074030488_1363261124_image1-05658.jpg" src="http://n3.sdlcdn.com/imgs/a/a/r/166x194/SDL074030488_1363261124_image1-05658.jpg" style="opacity: 1; "/><div class="soldout prod-grid-sold-out-lang"></div></div><div class="product_grid_cont_heading">Velfit Oil</div><div class="ratingStarsSmall ratingStarsBelowTitle" style="background-position: 0px -180px;"><span> (1) </span></div><div class="product_grid_cont_price_outer"><div class="product_price "><span class="originalprice ">Rs 350</span>  Rs 302</div><div class="product_discount_outer"><div class="product_discount">14%</div></div></div><div class="cod-ico"><label class="lang">Cash on Delivery Available</label></div></a>
