<a categoryid="169" class="hit-ss-logger" href="http://www.snapdeal.com/product/vinex-eco-club-table-tennis/1520890074?pos=0;39" ispartialsearch="false" pogid="1520890074" pos="0;39" v="p">
<div atl="Vinex Eco Club Table Tennis Table" class="product-image">
<img border="0" class="" src="http://n1.sdlcdn.com/imgs/a/c/3/166x194/SDL136844853_1374235106_image1-3849b.jpg" style="opacity: 1; "/>
</div>
<div class="product_grid_cont_heading">
				Vinex Eco Club Table Tennis Table</div>
<div class="product_grid_cont_price_outer">
<div class="product_price ">
<span class="originalprice ">Rs
									11495</span> Rs 10346
							</div>
<div class="product_discount_outer ">
<div class="product_discount">
									10%
								</div>
</div>
</div>
<div class="cashBack"><span>Insta Cashback :</span><span class="cashBackPrice"> Rs 1150</span></div>
</a>
<a categoryid="169" class="hit-ss-logger" href="http://www.snapdeal.com/product/metcoclub-dx9006-tt-table-top/1084952558?pos=1;39" ispartialsearch="false" pogid="1084952558" pos="1;39" v="p">
<div atl="Metco-Club Dx-9006 TT Table (Top Size:18mm)" class="product-image">
<img border="0" class="" src="http://n1.sdlcdn.com/imgs/a/g/y/166x194/SDL605147456_1390305979_image1-7042e.jpg" style="opacity: 1; "/>
</div>
<div class="product_grid_cont_heading">
				Metco-Club Dx-9006 TT Table (Top Size:18mm)</div>
<div class="product_grid_cont_price_outer">
<div class="product_price ">
<span class="originalprice ">Rs
									20600</span> Rs 14722
							</div>
<div class="product_discount_outer ">
<div class="product_discount">
									29%
								</div>
</div>
</div>
<div class="cashBack"><span>Insta Cashback :</span><span class="cashBackPrice"> Rs 2060</span></div>
</a>
<a categoryid="169" class="hit-ss-logger" href="http://www.snapdeal.com/product/metcoclub9007-tt-table-top-size18mm/1138564122?pos=2;39" ispartialsearch="false" pogid="1138564122" pos="2;39" v="p">
<div atl="Metco-Club-9007 TT Table (Top Size:18mm)" class="product-image">
<img border="0" class="" src="http://n4.sdlcdn.com/imgs/a/g/y/166x194/SDL602899634_1390305985_image1-18163.jpg" style="opacity: 1; "/>
</div>
<div class="product_grid_cont_heading">
				Metco-Club-9007 TT Table (Top Size:18mm)</div>
<div class="product_grid_cont_price_outer">
<div class="product_price ">
<span class="originalprice ">Rs
									19400</span> Rs 13984
							</div>
<div class="product_discount_outer ">
<div class="product_discount">
									28%
								</div>
</div>
</div>
<div class="cashBack"><span>Insta Cashback :</span><span class="cashBackPrice"> Rs 1940</span></div>
</a>
<a categoryid="169" class="hit-ss-logger" href="http://www.snapdeal.com/product/metcodeluxe9005-tt-table-top-size18mm/1185785546?pos=3;39" ispartialsearch="false" pogid="1185785546" pos="3;39" v="p">
<div atl="Metco-Deluxe-9005 TT Table (Top Size:18mm)" class="product-image">
<img border="0" class="" src="http://n4.sdlcdn.com/imgs/a/g/y/166x194/SDL605293524_1390305974_image1-d5b52.jpg" style="opacity: 1; "/>
</div>
<div class="product_grid_cont_heading">
				Metco-Deluxe-9005 TT Table (Top Size:18mm)</div>
<div class="product_grid_cont_price_outer">
<div class="product_price ">
<span class="originalprice ">Rs
									21400</span> Rs 15216
							</div>
<div class="product_discount_outer ">
<div class="product_discount">
									29%
								</div>
</div>
</div>
<div class="cashBack"><span>Insta Cashback :</span><span class="cashBackPrice"> Rs 2140</span></div>
</a>
<a categoryid="169" class="hit-ss-logger" href="http://www.snapdeal.com/product/vinex-tournament-table-tennis-table/1387823647?pos=4;39" ispartialsearch="false" pogid="1387823647" pos="4;39" v="p">
<div atl="Vinex Tournament Table Tennis Table" class="product-image">
<img border="0" class="" src="http://n4.sdlcdn.com/imgs/a/c/3/166x194/SDL170367609_1374235102_image1-e13d1.jpg" style="opacity: 1; "/>
</div>
<div class="product_grid_cont_heading">
				Vinex Tournament Table Tennis Table</div>
<div class="product_grid_cont_price_outer">
<div class="product_price ">
<span class="originalprice ">Rs
									30250</span> Rs 27225
							</div>
<div class="product_discount_outer ">
<div class="product_discount">
									10%
								</div>
</div>
</div>
<div class="cashBack"><span>Insta Cashback :</span><span class="cashBackPrice"> Rs 3025</span></div>
</a>
<a categoryid="169" class="hit-ss-logger" href="http://www.snapdeal.com/product/kamachi-junior-tt-table/1373053?pos=5;39" ispartialsearch="false" pogid="1373053" pos="5;39" v="p">
<div atl="Kamachi Junior TT Table" class="product-image">
<img border="0" class="" src="http://n1.sdlcdn.com/imgs/a/b/m/166x194/SDL261984694_1368607704_image1-09e1c.jpg" style="opacity: 1; "/>
</div>
<div class="product_grid_cont_heading">
				Kamachi Junior TT Table</div>
<div class="ratingStarsSmall ratingStarsBelowTitle" pos="1.0" style="background-position: 0px -36px; "><span>(1)</span></div>
<script type="text/javascript">
						var ratingState = true;
					</script>
<div class="product_grid_cont_price_outer">
<div class="product_price ">
<span class="originalprice ">Rs
									13000</span> Rs 8450
							</div>
<div class="product_discount_outer ">
<div class="product_discount">
									35%
								</div>
</div>
</div>
<div class="cashBack"><span>Insta Cashback :</span><span class="cashBackPrice"> Rs 1300</span></div>
<div class="cod-ico"><label class="lang">Cash on Delivery Available</label></div>
</a>
<a categoryid="169" class="hit-ss-logger" href="http://www.snapdeal.com/product/metcotournament-9001-tt-table-top/1305623228?pos=6;39" ispartialsearch="false" pogid="1305623228" pos="6;39" v="p">
<div atl="Metco-Tournament -9001 TT  Table (Top Size:25mm)" class="product-image">
<img border="0" class="" src="http://n1.sdlcdn.com/imgs/a/g/y/166x194/SDL605577898_1390305982_image2-f65b9.jpg" style="opacity: 1; "/>
</div>
<div class="product_grid_cont_heading">
				Metco-Tournament -9001 TT  Table (Top Size:25mm)</div>
<div class="product_grid_cont_price_outer">
<div class="product_price ">
<span class="originalprice ">Rs
									32800</span> Rs 22910
							</div>
<div class="product_discount_outer ">
<div class="product_discount">
									30%
								</div>
</div>
</div>
<div class="cashBack"><span>Insta Cashback :</span><span class="cashBackPrice"> Rs 3280</span></div>
</a>
<a categoryid="169" class="hit-ss-logger" href="http://www.snapdeal.com/product/vinex-competition-table-tennis-table/1504982099?pos=7;39" ispartialsearch="false" pogid="1504982099" pos="7;39" v="p">
<div atl="Vinex Competition Table Tennis Table" class="product-image">
<img border="0" class="" src="http://n2.sdlcdn.com/imgs/a/c/3/166x194/SDL169877599_1374235092_image1-01fd7.jpg" style="opacity: 1; "/>
</div>
<div class="product_grid_cont_heading">
				Vinex Competition Table Tennis Table</div>
<div class="product_grid_cont_price_outer">
<div class="product_price ">
<span class="originalprice ">Rs
									25410</span> Rs 22869
							</div>
<div class="product_discount_outer ">
<div class="product_discount">
									10%
								</div>
</div>
</div>
<div class="cashBack"><span>Insta Cashback :</span><span class="cashBackPrice"> Rs 2541</span></div>
</a>
<a categoryid="169" class="hit-ss-logger" href="http://www.snapdeal.com/product/osel-tt-table-osel-2000xt/1506302524?pos=8;39" ispartialsearch="false" pogid="1506302524" pos="8;39" v="p">
<div atl="Osel TT Table - Osel - 2000Xt" class="product-image">
<img border="0" class="" src="http://n1.sdlcdn.com/imgs/a/g/9/166x194/SDL917926810_1392181833_image1-d0219.jpg" style="opacity: 1; "/>
</div>
<div class="product_grid_cont_heading">
				Osel TT Table - Osel - 2000Xt</div>
<div class="product_grid_cont_price_outer">
<div class="product_price ">
<span class="originalprice ">Rs
									34999</span> Rs 25423
							</div>
<div class="product_discount_outer ">
<div class="product_discount">
									27%
								</div>
</div>
</div>
<div class="cashBack"><span>Insta Cashback :</span><span class="cashBackPrice"> Rs 3500</span></div>
<div class="cod-ico"><label class="lang">Cash on Delivery Available</label></div>
</a>
<a categoryid="169" class="hit-ss-logger" href="http://www.snapdeal.com/product/cosco-style-indoor-cs-table/1496253?pos=9;39" ispartialsearch="false" pogid="1496253" pos="9;39" v="p">
<div atl="Stiga Style Indoor CS Table Tennis Table" class="product-image">
<img border="0" class="" src="http://n1.sdlcdn.com/imgs/a/b/x/166x194/SDL632523648_1372659289_image1-61602.jpg" style="opacity: 1; "/>
</div>
<div class="product_grid_cont_heading">
				Stiga Style Indoor CS Table Tennis Table</div>
<div class="product_grid_cont_price_outer">
<div class="product_price ">
<span class="originalprice ">Rs
									43000</span> Rs 34400
							</div>
<div class="product_discount_outer ">
<div class="product_discount">
									20%
								</div>
</div>
</div>
<div class="cashBack"><span>Insta Cashback :</span><span class="cashBackPrice"> Rs 4300</span></div>
</a>
<a categoryid="169" class="hit-ss-logger" href="http://www.snapdeal.com/product/vinex-club-table-tennis-table/1334409925?pos=10;39" ispartialsearch="false" pogid="1334409925" pos="10;39" v="p">
<div atl="Vinex Club Table Tennis Table" class="product-image">
<img border="0" class="" src="http://n4.sdlcdn.com/imgs/a/c/3/166x194/SDL168446426_1374235105_image1-546a5.jpg" style="opacity: 1; "/>
</div>
<div class="product_grid_cont_heading">
				Vinex Club Table Tennis Table</div>
<div class="product_grid_cont_price_outer">
<div class="product_price ">
<span class="originalprice ">Rs
									22264</span> Rs 20038
							</div>
<div class="product_discount_outer ">
<div class="product_discount">
									10%
								</div>
</div>
</div>
<div class="cashBack"><span>Insta Cashback :</span><span class="cashBackPrice"> Rs 2226</span></div>
</a>
<a categoryid="169" class="hit-ss-logger" href="http://www.snapdeal.com/product/vinex-practice-table-tennis-table/1824151002?pos=11;39" ispartialsearch="false" pogid="1824151002" pos="11;39" v="p">
<div atl="Vinex Practice Table Tennis Table" class="product-image">
<img border="0" class="" src="http://n1.sdlcdn.com/imgs/a/c/3/166x194/SDL171183999_1374235100_image1-2cd4a.jpg" style="opacity: 1; "/>
</div>
<div class="product_grid_cont_heading">
				Vinex Practice Table Tennis Table</div>
<div class="product_grid_cont_price_outer">
<div class="product_price ">
<span class="originalprice ">Rs
									21054</span> Rs 18949
							</div>
<div class="product_discount_outer ">
<div class="product_discount">
									10%
								</div>
</div>
</div>
<div class="cashBack"><span>Insta Cashback :</span><span class="cashBackPrice"> Rs 2105</span></div>
</a>
<a categoryid="169" class="hit-ss-logger" href="http://www.snapdeal.com/product/metcosuper-deluxe9004-tt-table-top/483650664?pos=12;39" ispartialsearch="false" pogid="483650664" pos="12;39" v="p">
<div atl="Metco-Super Deluxe-9004 TT Table (Top Size:18mm)" class="product-image">
<img border="0" class="" src="http://n2.sdlcdn.com/imgs/a/g/y/166x194/SDL605299410_1390305989_image1-b6c49.jpg" style="opacity: 1; "/>
</div>
<div class="product_grid_cont_heading">
				Metco-Super Deluxe-9004 TT Table (Top Size:18mm)</div>
<div class="product_grid_cont_price_outer">
<div class="product_price ">
<span class="originalprice ">Rs
									22600</span> Rs 15956
							</div>
<div class="product_discount_outer ">
<div class="product_discount">
									29%
								</div>
</div>
</div>
<div class="cashBack"><span>Insta Cashback :</span><span class="cashBackPrice"> Rs 2260</span></div>
</a>
<a categoryid="169" class="hit-ss-logger" href="http://www.snapdeal.com/product/metcomini9008-tt-table-top-size18mm/448897484?pos=13;39" ispartialsearch="false" pogid="448897484" pos="13;39" v="p">
<div atl="Metco-Mini-9008 TT Table (Top Size:18mm)" class="product-image">
<img border="0" class="" src="http://n4.sdlcdn.com/imgs/a/g/y/166x194/SDL602563277_1390305991_image1-b6c37.jpg" style="opacity: 1; "/>
</div>
<div class="product_grid_cont_heading">
				Metco-Mini-9008 TT Table (Top Size:18mm)</div>
<div class="product_grid_cont_price_outer">
<div class="product_price ">
<span class="originalprice ">Rs
									10000</span> Rs 7276
							</div>
<div class="product_discount_outer ">
<div class="product_discount">
									27%
								</div>
</div>
</div>
<div class="cashBack"><span>Insta Cashback :</span><span class="cashBackPrice"> Rs 1000</span></div>
</a>
<a categoryid="169" class="hit-ss-logger" href="http://www.snapdeal.com/product/gki-euro-star-table-tennis/345857552?pos=14;39" ispartialsearch="false" pogid="345857552" pos="14;39" v="p">
<div atl="GKI Euro Star Table Tennis Table" class="product-image">
<img border="0" class="" src="http://n3.sdlcdn.com/imgs/a/g/9/166x194/SDL447418166_1392116102_image1-e9d58.jpg" style="opacity: 1; "/>
</div>
<div class="product_grid_cont_heading">
				GKI Euro Star Table Tennis Table</div>
<div class="product_grid_cont_price_outer">
<div class="product_price ">
<span class="originalprice ">Rs
									23000</span> Rs 19550
							</div>
<div class="product_discount_outer ">
<div class="product_discount">
									15%
								</div>
</div>
</div>
<div class="cashBack"><span>Insta Cashback :</span><span class="cashBackPrice"> Rs 2300</span></div>
</a>
<a categoryid="169" class="hit-ss-logger" href="http://www.snapdeal.com/product/stiga-action-roller-table-tennis/431343?pos=15;39" ispartialsearch="false" pogid="431343" pos="15;39" v="p">
<div atl="Stiga Action Roller Table Tennis Table" class="product-image">
<img border="0" class="" src="http://n1.sdlcdn.com/imgs/a/a/k/166x194/Seg_cos_hs_10_M_1_2x_New-54d94.jpg" style="opacity: 1; "/>
</div>
<div class="product_grid_cont_heading">
				Stiga Action Roller Table Tennis Table</div>
<div class="product_grid_cont_price_outer">
<div class="product_price ">
<span class="originalprice ">Rs
									30600</span> Rs 24480
							</div>
<div class="product_discount_outer ">
<div class="product_discount">
									20%
								</div>
</div>
</div>
<div class="cashBack"><span>Insta Cashback :</span><span class="cashBackPrice"> Rs 3060</span></div>
</a>
<a categoryid="169" class="hit-ss-logger" href="http://www.snapdeal.com/product/stiga-triumph-roller-table-tennis/431333?pos=16;39" ispartialsearch="false" pogid="431333" pos="16;39" v="p">
<div atl="Stiga Triumph Roller Table Tennis Table" class="product-image">
<img border="0" class="" src="http://n4.sdlcdn.com/imgs/a/a/k/166x194/Seg_cos_hs_6_M_1_2x_New-fa823.jpg" style="opacity: 1; "/>
</div>
<div class="product_grid_cont_heading">
				Stiga Triumph Roller Table Tennis Table</div>
<div class="product_grid_cont_price_outer">
<div class="product_price ">
<span class="originalprice ">Rs
									26000</span> Rs 20800
							</div>
<div class="product_discount_outer ">
<div class="product_discount">
									20%
								</div>
</div>
</div>
<div class="cashBack"><span>Insta Cashback :</span><span class="cashBackPrice"> Rs 2600</span></div>
</a>
<a categoryid="169" class="hit-ss-logger" href="http://www.snapdeal.com/product/stiga-expert-roller-css-table/431334?pos=17;39" ispartialsearch="false" pogid="431334" pos="17;39" v="p">
<div atl="Stiga Expert Roller Css Table Tennis Table" class="product-image">
<img border="0" class="" src="http://n2.sdlcdn.com/imgs/a/a/k/166x194/Seg_cos_hs_12_M_1_2x-77de5.jpg" style="opacity: 1; "/>
</div>
<div class="product_grid_cont_heading">
				Stiga Expert Roller Css Table Tennis Table</div>
<div class="product_grid_cont_price_outer">
<div class="product_price ">
<span class="originalprice ">Rs
									71000</span> Rs 56800
							</div>
<div class="product_discount_outer ">
<div class="product_discount">
									20%
								</div>
</div>
</div>
<div class="cashBack"><span>Insta Cashback :</span><span class="cashBackPrice"> Rs 7100</span></div>
</a>
<a categoryid="169" class="hit-ss-logger" href="http://www.snapdeal.com/product/osel-tt-table-osel-citizen/267454941?pos=18;39" ispartialsearch="false" pogid="267454941" pos="18;39" v="p">
<div atl="Osel TT Table - Osel - Citizen Xt" class="product-image">
<img border="0" class="" src="http://n4.sdlcdn.com/imgs/a/g/9/166x194/SDL917926682_1392181838_image1-ba55f.jpg" style="opacity: 1; "/>
</div>
<div class="product_grid_cont_heading">
				Osel TT Table - Osel - Citizen Xt</div>
<div class="product_grid_cont_price_outer">
<div class="product_price ">
<span class="originalprice ">Rs
									20999</span> Rs 17366
							</div>
<div class="product_discount_outer ">
<div class="product_discount">
									17%
								</div>
</div>
</div>
<div class="cashBack"><span>Insta Cashback :</span><span class="cashBackPrice"> Rs 2100</span></div>
<div class="cod-ico"><label class="lang">Cash on Delivery Available</label></div>
</a>
<a categoryid="169" class="hit-ss-logger" href="http://www.snapdeal.com/product/vinex-mini-champion-table-tennis/2093443114?pos=19;39" ispartialsearch="false" pogid="2093443114" pos="19;39" v="p">
<div atl="Vinex Mini Champion Table Tennis Table" class="product-image">
<img border="0" class="" src="http://n2.sdlcdn.com/imgs/a/c/3/166x194/SDL133897294_1374235096_image1-b2c04.jpg" style="opacity: 1; "/>
</div>
<div class="product_grid_cont_heading">
				Vinex Mini Champion Table Tennis Table</div>
<div class="product_grid_cont_price_outer">
<div class="product_price ">
<span class="originalprice ">Rs
									9075</span> Rs 8440
							</div>
<div class="product_discount_outer ">
<div class="product_discount">
									7%
								</div>
</div>
</div>
<div class="cashBack"><span>Insta Cashback :</span><span class="cashBackPrice"> Rs 908</span></div>
</a>
<a categoryid="159" class="hit-ss-logger" href="http://www.snapdeal.com/product/stag-club-table-tennis-table/253299?pos=20;39" ispartialsearch="false" pogid="253299" pos="20;39" v="p"><div alt="Stag Club Table Tennis Table (With  75 mm Wheels &amp; Levelers,18 mm  Top)" atl="Stag Club Table Tennis Table (With  75 mm Wheels &amp; Levelers,18 mm  Top)" class="product-image"><img border="0" class="" lazysrc="http://n1.sdlcdn.com/imgs/a/a/y/166x194/8406610000089_STAG_STAG_M_1_2x-c02f7.jpg" src="http://n1.sdlcdn.com/imgs/a/a/y/166x194/8406610000089_STAG_STAG_M_1_2x-c02f7.jpg" style="opacity: 1; "/></div><div class="product_grid_cont_heading">Stag Club Table Tennis Table (With  75 mm Wheels &amp; Levelers,18 mm  Top)</div><div class="product_grid_cont_price_outer"><div class="product_price "><span class="originalprice ">Rs 21500</span>  Rs 19350</div><div class="product_discount_outer"><div class="product_discount">10%</div></div></div><div class="cashBack"><span>Insta Cashback :</span><span class="cashBackPrice"> Rs 2150</span></div></a>
<a categoryid="159" class="hit-ss-logger" href="http://www.snapdeal.com/product/stag-elite-stylish-sleek-table/253303?pos=21;39" ispartialsearch="false" pogid="253303" pos="21;39" v="p"><div alt="Stag  Elite Stylish &amp; Sleek Table  Tennis Table (With 16 mm Top,75  mm Wheels)" atl="Stag  Elite Stylish &amp; Sleek Table  Tennis Table (With 16 mm Top,75  mm Wheels)" class="product-image"><img border="0" src="http://n2.sdlcdn.com/imgs/a/a/y/166x194/8406610000102_STAG_STAG_M_1_2x-2ee9b.jpg" style="opacity: 1; "/></div><div class="product_grid_cont_heading">Stag  Elite Stylish &amp; Sleek Table  Tennis Table (With 16 mm Top,75  mm Wheels)</div><div class="product_grid_cont_price_outer"><div class="product_price "><span class="originalprice ">Rs 20000</span>  Rs 18000</div><div class="product_discount_outer"><div class="product_discount">10%</div></div></div><div class="cashBack"><span>Insta Cashback :</span><span class="cashBackPrice"> Rs 2000</span></div></a>
<a categoryid="159" class="hit-ss-logger" href="http://www.snapdeal.com/product/stag-pre-laminated-table-tennis/253301?pos=22;39" ispartialsearch="false" pogid="253301" pos="22;39" v="p"><div alt="Stag Pre Laminated Table Tennis  Table (With 25 mm Top,100 mm  Wheels)" atl="Stag Pre Laminated Table Tennis  Table (With 25 mm Top,100 mm  Wheels)" class="product-image"><img border="0" class="" lazysrc="http://n3.sdlcdn.com/imgs/a/a/y/166x194/8406610000058_STAG_STAG_M_1_2x-2310f.jpg" src="http://n3.sdlcdn.com/imgs/a/a/y/166x194/8406610000058_STAG_STAG_M_1_2x-2310f.jpg" style="opacity: 1; "/></div><div class="product_grid_cont_heading">Stag Pre Laminated Table Tennis  Table (With 25 mm Top,100 mm  Wheels)</div><div class="product_grid_cont_price_outer"><div class="product_price "><span class="originalprice ">Rs 31500</span>  Rs 28350</div><div class="product_discount_outer"><div class="product_discount">10%</div></div></div><div class="cashBack"><span>Insta Cashback :</span><span class="cashBackPrice"> Rs 3150</span></div></a>
<a categoryid="159" class="hit-ss-logger" href="http://www.snapdeal.com/product/stag-jr-mini-table-tennis/253305?pos=23;39" ispartialsearch="false" pogid="253305" pos="23;39" v="p"><div alt="Stag Jr Mini Table Tennis Table  (208 X 112 Cm)" atl="Stag Jr Mini Table Tennis Table  (208 X 112 Cm)" class="product-image"><img border="0" class="" lazysrc="http://n3.sdlcdn.com/imgs/a/a/y/166x194/8406610000270_STAG_STAG_M_1_2x-37170.jpg" src="http://n3.sdlcdn.com/imgs/a/a/y/166x194/8406610000270_STAG_STAG_M_1_2x-37170.jpg" style="opacity: 1; "/></div><div class="product_grid_cont_heading">Stag Jr Mini Table Tennis Table  (208 X 112 Cm)</div><div class="product_grid_cont_price_outer"><div class="product_price "><span class="originalprice ">Rs 9200</span>  Rs 8280</div><div class="product_discount_outer"><div class="product_discount">10%</div></div></div><div class="cashBack"><span>Insta Cashback :</span><span class="cashBackPrice"> Rs 920</span></div><div class="cod-ico"><label class="lang">Cash on Delivery Available</label></div></a>
<a categoryid="159" class="hit-ss-logger" href="http://www.snapdeal.com/product/stag-jr-mini-table-tennis/253304?pos=24;39" ispartialsearch="false" pogid="253304" pos="24;39" v="p"><div alt="Stag Jr Mini Table Tennis Table  (180 X 90 Cm)" atl="Stag Jr Mini Table Tennis Table  (180 X 90 Cm)" class="product-image"><img border="0" class="" lazysrc="http://n4.sdlcdn.com/imgs/a/a/y/166x194/8406610000287_STAG_STAG_M_1_2x-2fd65.jpg" src="http://n4.sdlcdn.com/imgs/a/a/y/166x194/8406610000287_STAG_STAG_M_1_2x-2fd65.jpg" style="opacity: 1; "/></div><div class="product_grid_cont_heading">Stag Jr Mini Table Tennis Table  (180 X 90 Cm)</div><div class="product_grid_cont_price_outer"><div class="product_price "><span class="originalprice ">Rs 7500</span>  Rs 7125</div><div class="product_discount_outer"><div class="product_discount">5%</div></div></div><div class="cashBack"><span>Insta Cashback :</span><span class="cashBackPrice"> Rs 750</span></div><div class="cod-ico"><label class="lang">Cash on Delivery Available</label></div></a>
<a categoryid="159" class="hit-ss-logger" href="http://www.snapdeal.com/product/stiga-style-indoor-cs-table/622680?pos=25;39" ispartialsearch="false" pogid="622680" pos="25;39" v="p"><div alt="Stiga Style Indoor CS Table Tennis Table" atl="Stiga Style Indoor CS Table Tennis Table" class="product-image"><img border="0" class="" lazysrc="http://n4.sdlcdn.com/imgs/a/a/h/166x194/SeG_Cos_Tb_1_M_1_2x-24769.jpg" src="http://n4.sdlcdn.com/imgs/a/a/h/166x194/SeG_Cos_Tb_1_M_1_2x-24769.jpg" style="opacity: 1; "/></div><div class="product_grid_cont_heading">Stiga Style Indoor CS Table Tennis Table</div><div class="product_grid_cont_price_outer"><div class="product_price "><span class="originalprice ">Rs 48500</span>  Rs 38800</div><div class="product_discount_outer"><div class="product_discount">20%</div></div></div><div class="cashBack"><span>Insta Cashback :</span><span class="cashBackPrice"> Rs 4850</span></div></a>
<a categoryid="159" class="hit-ss-logger" href="http://www.snapdeal.com/product/kamachi-senior-tt-table/1373059?pos=26;39" ispartialsearch="false" pogid="1373059" pos="26;39" v="p"><div alt="Kamachi Senior TT Table" atl="Kamachi Senior TT Table" class="product-image"><img border="0" class="" lazysrc="http://n4.sdlcdn.com/imgs/a/b/m/166x194/SDL264306020_1368189875_image1-1541d.jpg" src="http://n4.sdlcdn.com/imgs/a/b/m/166x194/SDL264306020_1368189875_image1-1541d.jpg" style="opacity: 1; "/></div><div class="product_grid_cont_heading">Kamachi Senior TT Table</div><div class="ratingStarsSmall ratingStarsBelowTitle" style="background-position: 0px -144px;"><span> (2) </span></div><div class="product_grid_cont_price_outer"><div class="product_price "><span class="originalprice ">Rs 21000</span>  Rs 14700</div><div class="product_discount_outer"><div class="product_discount">30%</div></div></div><div class="cashBack"><span>Insta Cashback :</span><span class="cashBackPrice"> Rs 2100</span></div></a>
<a categoryid="159" class="hit-ss-logger" href="http://www.snapdeal.com/product/metcochampion9003-tt-table-top-size18mm/1022889874?pos=27;39" ispartialsearch="false" pogid="1022889874" pos="27;39" v="p"><div alt="Metco-Champion-9003 TT Table (Top Size:18mm)" atl="Metco-Champion-9003 TT Table (Top Size:18mm)" class="product-image"><img border="0" class="" lazysrc="http://n4.sdlcdn.com/imgs/a/g/y/166x194/SDL605324022_1390305971_image2-914e3.jpg" src="http://n4.sdlcdn.com/imgs/a/g/y/166x194/SDL605324022_1390305971_image2-914e3.jpg" style="opacity: 1; "/></div><div class="product_grid_cont_heading">Metco-Champion-9003 TT Table (Top Size:18mm)</div><div class="product_grid_cont_price_outer"><div class="product_price "><span class="originalprice ">Rs 25800</span>  Rs 17928</div><div class="product_discount_outer"><div class="product_discount">31%</div></div></div><div class="cashBack"><span>Insta Cashback :</span><span class="cashBackPrice"> Rs 2580</span></div></a>
<a categoryid="159" class="hit-ss-logger" href="http://www.snapdeal.com/product/stag-super-mini-table-tennis/102841?pos=28;39" ispartialsearch="false" pogid="102841" pos="28;39" v="p"><div alt="Stag Super Mini Table Tennis  Table" atl="Stag Super Mini Table Tennis  Table" class="product-image"><img border="0" class="" lazysrc="http://n3.sdlcdn.com/imgs/a/a/5/166x194/stag_8406610000317_STAG_STAG_M_1_2x-2fca0.jpg" src="http://n3.sdlcdn.com/imgs/a/a/5/166x194/stag_8406610000317_STAG_STAG_M_1_2x-2fca0.jpg" style="opacity: 1; "/></div><div class="product_grid_cont_heading">Stag Super Mini Table Tennis  Table</div><div class="ratingStarsSmall ratingStarsBelowTitle" style="background-position: 0px -162px;"><span> (6) </span></div><div class="product_grid_cont_price_outer"><div class="product_price no-float"><span class="originalprice no-display">Rs 1150</span>  Rs 1150</div></div><div class="cod-ico"><label class="lang">Cash on Delivery Available</label></div></a>
<a categoryid="159" class="hit-ss-logger" href="http://www.snapdeal.com/product/stiga-expert-roller-table-tennis/431331?pos=29;39" ispartialsearch="false" pogid="431331" pos="29;39" v="p"><div alt="Stiga Expert Roller Table Tennis Table" atl="Stiga Expert Roller Table Tennis Table" class="product-image"><img border="0" class="" lazysrc="http://n4.sdlcdn.com/imgs/a/a/k/166x194/Seg_cos_hs_8_M_1_2x_New-6f5c2.jpg" src="http://n4.sdlcdn.com/imgs/a/a/k/166x194/Seg_cos_hs_8_M_1_2x_New-6f5c2.jpg" style="opacity: 1; "/><div class="soldout prod-grid-sold-out-lang"></div></div><div class="product_grid_cont_heading">Stiga Expert Roller Table Tennis Table</div><div class="product_grid_cont_price_outer"><div class="product_price "><span class="originalprice ">Rs 71000</span>  Rs 56800</div><div class="product_discount_outer"><div class="product_discount">20%</div></div></div><div class="cashBack"><span>Insta Cashback :</span><span class="cashBackPrice"> Rs 7100</span></div></a>
<a categoryid="159" class="hit-ss-logger" href="http://www.snapdeal.com/product/stiga-compact-roller-table-tennis/431339?pos=30;39" ispartialsearch="false" pogid="431339" pos="30;39" v="p"><div alt="Stiga Compact Roller Table Tennis Table" atl="Stiga Compact Roller Table Tennis Table" class="product-image"><img border="0" class="" lazysrc="http://n1.sdlcdn.com/imgs/a/a/k/166x194/Seg_cos_hs_5_M_1_2x_New-e885d.jpg" src="http://n1.sdlcdn.com/imgs/a/a/k/166x194/Seg_cos_hs_5_M_1_2x_New-e885d.jpg" style="opacity: 1; "/><div class="soldout prod-grid-sold-out-lang"></div></div><div class="product_grid_cont_heading">Stiga Compact Roller Table Tennis Table</div><div class="product_grid_cont_price_outer"><div class="product_price "><span class="originalprice ">Rs 20700</span>  Rs 18630</div><div class="product_discount_outer"><div class="product_discount">10%</div></div></div><div class="cashBack"><span>Insta Cashback :</span><span class="cashBackPrice"> Rs 2070</span></div></a>
<a categoryid="159" class="hit-ss-logger" href="http://www.snapdeal.com/product/metcomark-i9002-tt-table-top/1303739577?pos=31;39" ispartialsearch="false" pogid="1303739577" pos="31;39" v="p"><div alt="Metco-Mark- I-9002 TT  Table (Top Size:18mm)" atl="Metco-Mark- I-9002 TT  Table (Top Size:18mm)" class="product-image"><img border="0" class="" lazysrc="http://n4.sdlcdn.com/imgs/a/g/y/166x194/SDL605338873_1390305977_image1-51677.jpg" src="http://n4.sdlcdn.com/imgs/a/g/y/166x194/SDL605338873_1390305977_image1-51677.jpg" style="opacity: 1; "/><div class="soldout prod-grid-sold-out-lang"></div></div><div class="product_grid_cont_heading">Metco-Mark- I-9002 TT  Table (Top Size:18mm)</div><div class="product_grid_cont_price_outer"><div class="product_price "><span class="originalprice ">Rs 28800</span>  Rs 20446</div><div class="product_discount_outer"><div class="product_discount">29%</div></div></div><div class="cashBack"><span>Insta Cashback :</span><span class="cashBackPrice"> Rs 2880</span></div></a>
<a categoryid="159" class="hit-ss-logger" href="http://www.snapdeal.com/product/artengo-easy-pongori-table-tennis/1400275?pos=32;39" ispartialsearch="false" pogid="1400275" pos="32;39" v="p"><div alt="Artengo Easy Pongori Table Tennis  Table 8194210" atl="Artengo Easy Pongori Table Tennis  Table 8194210" class="product-image"><img border="0" class="" lazysrc="http://n2.sdlcdn.com/imgs/a/b/o/166x194/SDL409971055_1369297510_image1-eeb45.jpg" src="http://n2.sdlcdn.com/imgs/a/b/o/166x194/SDL409971055_1369297510_image1-eeb45.jpg" style="opacity: 1; "/><div class="soldout prod-grid-sold-out-lang"></div></div><div class="product_grid_cont_heading">Artengo Easy Pongori Table Tennis  Table 8194210</div><div class="product_grid_cont_price_outer"><div class="product_price no-float"><span class="originalprice no-display">Rs 5999</span>  Rs 5999</div></div><div class="cashBack"><span>Insta Cashback :</span><span class="cashBackPrice"> Rs 600</span></div></a>
<a categoryid="159" class="hit-ss-logger" href="http://www.snapdeal.com/product/stiga-superior-roller-table-tennis/431335?pos=33;39" ispartialsearch="false" pogid="431335" pos="33;39" v="p"><div alt="Stiga Superior Roller Table Tennis Table" atl="Stiga Superior Roller Table Tennis Table" class="product-image"><img border="0" class="" lazysrc="http://n1.sdlcdn.com/imgs/a/a/k/166x194/Seg_cos_hs_7_M_1_2x_New-8b3c8.jpg" src="http://n1.sdlcdn.com/imgs/a/a/k/166x194/Seg_cos_hs_7_M_1_2x_New-8b3c8.jpg" style="opacity: 1; "/><div class="soldout prod-grid-sold-out-lang"></div></div><div class="product_grid_cont_heading">Stiga Superior Roller Table Tennis Table</div><div class="product_grid_cont_price_outer"><div class="product_price "><span class="originalprice ">Rs 30600</span>  Rs 24480</div><div class="product_discount_outer"><div class="product_discount">20%</div></div></div><div class="cashBack"><span>Insta Cashback :</span><span class="cashBackPrice"> Rs 3060</span></div></a>
<a categoryid="159" class="hit-ss-logger" href="http://www.snapdeal.com/product/stiga-premium-roller-table-tennis/431345?pos=34;39" ispartialsearch="false" pogid="431345" pos="34;39" v="p"><div alt="Stiga Premium Roller Table Tennis Table" atl="Stiga Premium Roller Table Tennis Table" class="product-image"><img border="0" class="" lazysrc="http://n4.sdlcdn.com/imgs/a/a/k/166x194/Seg_cos_hs_9_M_1_2x_New-61501.jpg" src="http://n4.sdlcdn.com/imgs/a/a/k/166x194/Seg_cos_hs_9_M_1_2x_New-61501.jpg" style="opacity: 1; "/><div class="soldout prod-grid-sold-out-lang"></div></div><div class="product_grid_cont_heading">Stiga Premium Roller Table Tennis Table</div><div class="product_grid_cont_price_outer"><div class="product_price "><span class="originalprice ">Rs 53000</span>  Rs 42400</div><div class="product_discount_outer"><div class="product_discount">20%</div></div></div><div class="cashBack"><span>Insta Cashback :</span><span class="cashBackPrice"> Rs 5300</span></div></a>
<a categoryid="159" class="hit-ss-logger" href="http://www.snapdeal.com/product/stag-family-model-table-tennis/253302?pos=35;39" ispartialsearch="false" pogid="253302" pos="35;39" v="p"><div alt="Stag  Family Model Table Tennis  Table (16mm Top, 50mm Wheels)" atl="Stag  Family Model Table Tennis  Table (16mm Top, 50mm Wheels)" class="product-image"><img border="0" class="" lazysrc="http://n1.sdlcdn.com/imgs/a/a/y/166x194/8406610000157_STAG_STAG_M_1_2x-331ba.jpg" src="http://n1.sdlcdn.com/imgs/a/a/y/166x194/8406610000157_STAG_STAG_M_1_2x-331ba.jpg" style="opacity: 1; "/><div class="soldout prod-grid-sold-out-lang"></div></div><div class="product_grid_cont_heading">Stag  Family Model Table Tennis  Table (16mm Top, 50mm Wheels)</div><div class="ratingStarsSmall ratingStarsBelowTitle" style="background-position: 0px -180px;"><span> (19) </span></div><div class="product_grid_cont_price_outer"><div class="product_price "><span class="originalprice ">Rs 12700</span>  Rs 11430</div><div class="product_discount_outer"><div class="product_discount">10%</div></div></div><div class="cashBack"><span>Insta Cashback :</span><span class="cashBackPrice"> Rs 1270</span></div></a>
<a categoryid="159" class="hit-ss-logger" href="http://www.snapdeal.com/product/stag-championship-rollon-table-tennis/253300?pos=36;39" ispartialsearch="false" pogid="253300" pos="36;39" v="p"><div alt="Stag Championship Roll-On Table  Tennis Table (With 75mm Wheels  &amp; Leveler)" atl="Stag Championship Roll-On Table  Tennis Table (With 75mm Wheels  &amp; Leveler)" class="product-image"><img border="0" class="" lazysrc="http://n4.sdlcdn.com/imgs/a/a/y/166x194/8406610000072_STAG_STAG_M_1_2x-635ed.jpg" src="http://n4.sdlcdn.com/imgs/a/a/y/166x194/8406610000072_STAG_STAG_M_1_2x-635ed.jpg" style="opacity: 1; "/><div class="soldout prod-grid-sold-out-lang"></div></div><div class="product_grid_cont_heading">Stag Championship Roll-On Table  Tennis Table (With 75mm Wheels  &amp; Leveler)</div><div class="ratingStarsSmall ratingStarsBelowTitle" style="background-position: 0px -108px;"><span> (1) </span></div><div class="product_grid_cont_price_outer"><div class="product_price "><span class="originalprice ">Rs 24000</span>  Rs 21600</div><div class="product_discount_outer"><div class="product_discount">10%</div></div></div><div class="cashBack"><span>Insta Cashback :</span><span class="cashBackPrice"> Rs 2400</span></div></a>
<a categoryid="159" class="hit-ss-logger" href="http://www.snapdeal.com/product/artengo-artengo-ft-950-c/922260037?pos=37;39" ispartialsearch="false" pogid="922260037" pos="37;39" v="p"><div alt="Artengo ARTENGO FT 950 C Table Tennis TABLES 8279563" atl="Artengo ARTENGO FT 950 C Table Tennis TABLES 8279563" class="product-image"><img border="0" class="" lazysrc="http://n4.sdlcdn.com/imgs/a/g/8/166x194/SDL806282729_1391774788_image1-a1e3c.jpg" src="http://n4.sdlcdn.com/imgs/a/g/8/166x194/SDL806282729_1391774788_image1-a1e3c.jpg" style="opacity: 1; "/><div class="soldout prod-grid-sold-out-lang"></div></div><div class="product_grid_cont_heading">Artengo ARTENGO FT 950 C Table Tennis TABLES 8279563</div><div class="product_grid_cont_price_outer"><div class="product_price "><span class="originalprice ">Rs 40000</span>  Rs 38589</div><div class="product_discount_outer"><div class="product_discount">4%</div></div></div><div class="cashBack"><span>Insta Cashback :</span><span class="cashBackPrice"> Rs 4000</span></div></a>
<a categoryid="159" class="hit-ss-logger" href="http://www.snapdeal.com/product/artengo-ft-720-indoor-table/623061?pos=38;39" ispartialsearch="false" pogid="623061" pos="38;39" v="p"><div alt="Artengo FT 720 Indoor Table   Tennis Table 8209351" atl="Artengo FT 720 Indoor Table   Tennis Table 8209351" class="product-image"><img border="0" class="" lazysrc="http://n2.sdlcdn.com/imgs/a/a/h/166x194/1486115_Three6_Decathlon_M_1_2X-c8dc4.jpg" src="http://n2.sdlcdn.com/imgs/a/a/h/166x194/1486115_Three6_Decathlon_M_1_2X-c8dc4.jpg" style="opacity: 1; "/><div class="soldout prod-grid-sold-out-lang"></div></div><div class="product_grid_cont_heading">Artengo FT 720 Indoor Table   Tennis Table 8209351</div><div class="ratingStarsSmall ratingStarsBelowTitle" style="background-position: 0px -180px;"><span> (5) </span></div><div class="product_grid_cont_price_outer"><div class="product_price "><span class="originalprice ">Rs 18999</span>  Rs 15403</div><div class="product_discount_outer"><div class="product_discount">19%</div></div></div><div class="cashBack"><span>Insta Cashback :</span><span class="cashBackPrice"> Rs 1900</span></div></a>
