<a categoryid="172" class="hit-ss-logger" href="http://www.snapdeal.com/product/vikang-yoga-mat6mm/1771625326?pos=0;80" ispartialsearch="false" pogid="1771625326" pos="0;80" v="p">
<div atl="Vikang Yoga Mat-6mm" class="product-image">
<img border="0" class="" src="http://n4.sdlcdn.com/imgs/a/e/f/166x194/SDL265096779_1375874693_image1-bc755.jpg" style="opacity: 1; "/>
<div class="shippingImage tooltip">
<span class="box">
<span class="arw"></span>
<label class="dispatched-one-day-lang">Dispatched in 1 business day</label>
</span>
</div>
</div>
<div class="product_grid_cont_heading">
				Vikang Yoga Mat-6mm</div>
<div class="ratingStarsSmall ratingStarsBelowTitle" pos="3.7" style="background-position: 0px -126px; "><span>(15)</span></div>
<script type="text/javascript">
						var ratingState = true;
					</script>
<div class="product_grid_cont_price_outer">
<div class="product_price ">
<span class="originalprice ">Rs
									680</span> Rs 509
							</div>
<div class="product_discount_outer ">
<div class="product_discount">
									25%
								</div>
</div>
</div>
<div class="cod-ico"><label class="lang">Cash on Delivery Available</label></div>
</a>
<a categoryid="172" class="hit-ss-logger" href="http://www.snapdeal.com/product/cosco-power-yoga-mat/621954?pos=1;80" ispartialsearch="false" pogid="621954" pos="1;80" v="p">
<div atl="Cosco Sticky Yoga Mat" class="product-image">
<img border="0" class="" src="http://i4.sdlcdn.com/img/product/main/166x194/101_ESG_Cos_Blue_M_1_2x.jpg" style="opacity: 1; "/>
<div class="shippingImage tooltip">
<span class="box">
<span class="arw"></span>
<label class="dispatched-one-day-lang">Dispatched in 1 business day</label>
</span>
</div>
</div>
<div class="product_grid_cont_heading">
				Cosco Sticky Yoga Mat</div>
<div class="ratingStarsSmall ratingStarsBelowTitle" pos="3.7" style="background-position: 0px -126px; "><span>(44)</span></div>
<script type="text/javascript">
						var ratingState = true;
					</script>
<div class="product_grid_cont_price_outer">
<div class="product_price ">
<span class="originalprice ">Rs
									590</span> Rs 551
							</div>
<div class="product_discount_outer ">
<div class="product_discount">
									7%
								</div>
</div>
</div>
<div class="cod-ico"><label class="lang">Cash on Delivery Available</label></div>
</a>
<a categoryid="172" class="hit-ss-logger" href="http://www.snapdeal.com/product/fitnext-taiwan-yoga-mat-5mm/1267235635?pos=2;80" ispartialsearch="false" pogid="1267235635" pos="2;80" v="p">
<div atl="Fit-Next Taiwan Yoga Mat 5mm" class="product-image">
<img border="0" class="" src="http://n3.sdlcdn.com/imgs/a/g/k/166x194/SDL896573123_1387437632_image1-88b11.jpg" style="opacity: 1; "/>
</div>
<div class="product_grid_cont_heading">
				Fit-Next Taiwan Yoga Mat 5mm</div>
<div class="ratingStarsSmall ratingStarsBelowTitle" pos="4.0" style="background-position: 0px -144px; "><span>(5)</span></div>
<script type="text/javascript">
						var ratingState = true;
					</script>
<div class="product_grid_cont_price_outer">
<div class="product_price ">
<span class="originalprice ">Rs
									499</span> Rs 426
							</div>
<div class="product_discount_outer ">
<div class="product_discount">
									15%
								</div>
</div>
</div>
<div class="cod-ico"><label class="lang">Cash on Delivery Available</label></div>
</a>
<a categoryid="172" class="hit-ss-logger" href="http://www.snapdeal.com/product/kamachi-yoga-mat-6-mm/1177234?pos=3;80" ispartialsearch="false" pogid="1177234" pos="3;80" v="p">
<div atl="Kamachi Yoga Mat 6 Mm" class="product-image">
<img border="0" class="" src="http://n2.sdlcdn.com/imgs/a/e/f/166x194/SDL218820511_1364975979_image1-41dfa.jpg" style="opacity: 1; "/>
<div class="shippingImage tooltip">
<span class="box">
<span class="arw"></span>
<label class="dispatched-one-day-lang">Dispatched in 1 business day</label>
</span>
</div>
</div>
<div class="product_grid_cont_heading">
				Kamachi Yoga Mat 6 Mm</div>
<div class="ratingStarsSmall ratingStarsBelowTitle" pos="3.6" style="background-position: 0px -126px; "><span>(14)</span></div>
<script type="text/javascript">
						var ratingState = true;
					</script>
<div class="product_grid_cont_price_outer">
<div class="product_price ">
<span class="originalprice ">Rs
									800</span> Rs 668
							</div>
<div class="product_discount_outer ">
<div class="product_discount">
									17%
								</div>
</div>
</div>
<div class="cod-ico"><label class="lang">Cash on Delivery Available</label></div>
</a>
<a categoryid="172" class="hit-ss-logger" href="http://www.snapdeal.com/product/fitnext-taiwan-yoga-mat-6mm/1990719990?pos=4;80" ispartialsearch="false" pogid="1990719990" pos="4;80" v="p">
<div atl="Fit-Next Taiwan Yoga Mat 6mm with Carry Case" class="product-image">
<img border="0" class="" src="http://n4.sdlcdn.com/imgs/a/g/k/166x194/SDL894851770_1387437631_image1-0514c.jpg" style="opacity: 1; "/>
</div>
<div class="product_grid_cont_heading">
				Fit-Next Taiwan Yoga Mat 6mm with Carry Case</div>
<div class="ratingStarsSmall ratingStarsBelowTitle" pos="4.0" style="background-position: 0px -144px; "><span>(1)</span></div>
<script type="text/javascript">
						var ratingState = true;
					</script>
<div class="product_grid_cont_price_outer">
<div class="product_price ">
<span class="originalprice ">Rs
									699</span> Rs 537
							</div>
<div class="product_discount_outer ">
<div class="product_discount">
									23%
								</div>
</div>
</div>
<div class="cod-ico"><label class="lang">Cash on Delivery Available</label></div>
</a>
<a categoryid="172" class="hit-ss-logger" href="http://www.snapdeal.com/product/tunturi-yoga-starter-kit/1462234?pos=5;80" ispartialsearch="false" pogid="1462234" pos="5;80" v="p">
<div atl="Tunturi Yoga Starter Kit" class="product-image">
<img border="0" class="" src="http://n3.sdlcdn.com/imgs/a/d/h/166x194/SDL308661274_1371459495_image1-0b5f2.jpg" style="opacity: 1; "/>
</div>
<div class="product_grid_cont_heading">
				Tunturi Yoga Starter Kit</div>
<div class="product_grid_cont_price_outer">
<div class="product_price ">
<span class="originalprice ">Rs
									2470</span> Rs 1990
							</div>
<div class="product_discount_outer ">
<div class="product_discount">
									19%
								</div>
</div>
</div>
<div class="cod-ico"><label class="lang">Cash on Delivery Available</label></div>
</a>
<a categoryid="172" class="hit-ss-logger" href="http://www.snapdeal.com/product/domyos-tg-100-mats-blue/155587?pos=6;80" ispartialsearch="false" pogid="155587" pos="6;80" v="p">
<div atl="Domyos Tg 100 Mats Blue 1774932" class="product-image">
<img border="0" class="" src="http://n3.sdlcdn.com/imgs/a/a/0/166x194/1221245_Domyos_Three6_M_1_2x-770f9.jpg" style="opacity: 1; "/>
</div>
<div class="product_grid_cont_heading">
				Domyos Tg 100 Mats Blue 1774932</div>
<div class="ratingStarsSmall ratingStarsBelowTitle" pos="2.6" style="background-position: 0px -90px; "><span>(11)</span></div>
<script type="text/javascript">
						var ratingState = true;
					</script>
<div class="product_grid_cont_price_outer">
<div class="product_price no-float">
<span class="originalprice no-display">Rs
									299</span> Rs 299
							</div>
<div class="product_discount_outer no-display">
<div class="product_discount">
									0%
								</div>
</div>
</div>
<div class="cod-ico"><label class="lang">Cash on Delivery Available</label></div>
</a>
<a categoryid="172" class="hit-ss-logger" href="http://www.snapdeal.com/product/shangyou-yoga-mat/682572?pos=7;80" ispartialsearch="false" pogid="682572" pos="7;80" v="p">
<div atl="Shangyou Yoga Mat" class="product-image">
<img border="0" class="" src="http://n4.sdlcdn.com/imgs/a/a/b/166x194/SDL002114425_1362378396_image1-232db.jpg" style="opacity: 1; "/>
</div>
<div class="product_grid_cont_heading">
				Shangyou Yoga Mat</div>
<div class="ratingStarsSmall ratingStarsBelowTitle" pos="3.1" style="background-position: 0px -108px; "><span>(18)</span></div>
<script type="text/javascript">
						var ratingState = true;
					</script>
<div class="product_grid_cont_price_outer">
<div class="product_price ">
<span class="originalprice ">Rs
									800</span> Rs 499
							</div>
<div class="product_discount_outer ">
<div class="product_discount">
									38%
								</div>
</div>
</div>
<div class="cod-ico"><label class="lang">Cash on Delivery Available</label></div>
</a>
<a categoryid="172" class="hit-ss-logger" href="http://www.snapdeal.com/product/vikang-double-color-8-mm/2143477905?pos=8;80" ispartialsearch="false" pogid="2143477905" pos="8;80" v="p">
<div atl="Vikang Double Color 8 mm Yoga Mat" class="product-image">
<img border="0" class="" src="http://n3.sdlcdn.com/imgs/a/g/j/166x194/SDL703058765_1387275581_image1-9e7c3.jpg" style="opacity: 1; "/>
</div>
<div class="product_grid_cont_heading">
				Vikang Double Color 8 mm Yoga Mat</div>
<div class="ratingStarsSmall ratingStarsBelowTitle" pos="3.6" style="background-position: 0px -126px; "><span>(21)</span></div>
<script type="text/javascript">
						var ratingState = true;
					</script>
<div class="product_grid_cont_price_outer">
<div class="product_price ">
<span class="originalprice ">Rs
									899</span> Rs 552
							</div>
<div class="product_discount_outer ">
<div class="product_discount">
									39%
								</div>
</div>
</div>
<div class="cod-ico"><label class="lang">Cash on Delivery Available</label></div>
</a>
<a categoryid="172" class="hit-ss-logger" href="http://www.snapdeal.com/product/kamachi-yoga-mat-4-mm/1177222?pos=9;80" ispartialsearch="false" pogid="1177222" pos="9;80" v="p">
<div atl="Kamachi Yoga Mat 4 Mm" class="product-image">
<img border="0" class="" src="http://n1.sdlcdn.com/imgs/a/e/f/166x194/SDL212268465_1364975978_image1-6ce20.jpg" style="opacity: 1; "/>
</div>
<div class="product_grid_cont_heading">
				Kamachi Yoga Mat 4 Mm</div>
<div class="ratingStarsSmall ratingStarsBelowTitle" pos="4.6" style="background-position: 0px -162px; "><span>(5)</span></div>
<script type="text/javascript">
						var ratingState = true;
					</script>
<div class="product_grid_cont_price_outer">
<div class="product_price ">
<span class="originalprice ">Rs
									600</span> Rs 519
							</div>
<div class="product_discount_outer ">
<div class="product_discount">
									14%
								</div>
</div>
</div>
<div class="cod-ico"><label class="lang">Cash on Delivery Available</label></div>
</a>
<a categoryid="172" class="hit-ss-logger" href="http://www.snapdeal.com/product/yoga-mat/1353341609?pos=10;80" ispartialsearch="false" pogid="1353341609" pos="10;80" v="p">
<div atl="Hawk Yoga Mat" class="product-image">
<img border="0" class="" src="http://n4.sdlcdn.com/imgs/a/g/x/166x194/SDL014119384_1390211411_image1-98d21.JPG" style="opacity: 1; "/>
<div class="shippingImage tooltip">
<span class="box">
<span class="arw"></span>
<label class="dispatched-one-day-lang">Dispatched in 1 business day</label>
</span>
</div>
</div>
<div class="product_grid_cont_heading">
				Hawk Yoga Mat</div>
<div class="product_grid_cont_price_outer">
<div class="product_price ">
<span class="originalprice ">Rs
									999</span> Rs 722
							</div>
<div class="product_discount_outer ">
<div class="product_discount">
									28%
								</div>
</div>
</div>
</a>
<a categoryid="172" class="hit-ss-logger" href="http://www.snapdeal.com/product/reebok-fitness-mat-cyan/1361599?pos=11;80" ispartialsearch="false" pogid="1361599" pos="11;80" v="p">
<div atl="Reebok Fitness Mat  - Cyan" class="product-image">
<img border="0" class="" src="http://n4.sdlcdn.com/imgs/a/e/f/166x194/SDL845732461_1367566779_image1-f5c18.jpg" style="opacity: 1; "/>
</div>
<div class="product_grid_cont_heading">
				Reebok Fitness Mat  - Cyan</div>
<div class="ratingStarsSmall ratingStarsBelowTitle" pos="4.0" style="background-position: 0px -144px; "><span>(2)</span></div>
<script type="text/javascript">
						var ratingState = true;
					</script>
<div class="product_grid_cont_price_outer">
<div class="product_price no-float">
<span class="originalprice no-display">Rs
									2999</span> Rs 2999
							</div>
<div class="product_discount_outer no-display">
<div class="product_discount">
									0%
								</div>
</div>
</div>
<div class="cod-ico"><label class="lang">Cash on Delivery Available</label></div>
</a>
<a categoryid="172" class="hit-ss-logger" href="http://www.snapdeal.com/product/reebok-elements-yoga-mat-grey/1361659?pos=12;80" ispartialsearch="false" pogid="1361659" pos="12;80" v="p">
<div atl="Reebok Elements Yoga Mat - Grey" class="product-image">
<img border="0" class="" src="http://n1.sdlcdn.com/imgs/a/b/l/166x194/SDL841444192_1367566829_image1-20c01.jpg" style="opacity: 1; "/>
</div>
<div class="product_grid_cont_heading">
				Reebok Elements Yoga Mat - Grey</div>
<div class="ratingStarsSmall ratingStarsBelowTitle" pos="3.7" style="background-position: 0px -126px; "><span>(3)</span></div>
<script type="text/javascript">
						var ratingState = true;
					</script>
<div class="product_grid_cont_price_outer">
<div class="product_price no-float">
<span class="originalprice no-display">Rs
									1999</span> Rs 1999
							</div>
<div class="product_discount_outer no-display">
<div class="product_discount">
									0%
								</div>
</div>
</div>
<div class="cod-ico"><label class="lang">Cash on Delivery Available</label></div>
</a>
<a categoryid="172" class="hit-ss-logger" href="http://www.snapdeal.com/product/reebok-yoga-mat-magenta/1361646?pos=13;80" ispartialsearch="false" pogid="1361646" pos="13;80" v="p">
<div atl="Reebok Yoga Mat - Magenta" class="product-image">
<img border="0" class="" src="http://n2.sdlcdn.com/imgs/a/b/l/166x194/SDL848023793_1367566818_image1-8ff6d.jpg" style="opacity: 1; "/>
</div>
<div class="product_grid_cont_heading">
				Reebok Yoga Mat - Magenta</div>
<div class="product_grid_cont_price_outer">
<div class="product_price no-float">
<span class="originalprice no-display">Rs
									2299</span> Rs 2299
							</div>
<div class="product_discount_outer no-display">
<div class="product_discount">
									0%
								</div>
</div>
</div>
<div class="cod-ico"><label class="lang">Cash on Delivery Available</label></div>
</a>
<a categoryid="172" class="hit-ss-logger" href="http://www.snapdeal.com/product/reebok-fitness-mat-magenta/1361613?pos=14;80" ispartialsearch="false" pogid="1361613" pos="14;80" v="p">
<div atl="Reebok Fitness Mat  - Magenta" class="product-image">
<img border="0" class="" src="http://n2.sdlcdn.com/imgs/a/b/l/166x194/SDL845738228_1367566791_image1-96d55.jpg" style="opacity: 1; "/>
</div>
<div class="product_grid_cont_heading">
				Reebok Fitness Mat  - Magenta</div>
<div class="product_grid_cont_price_outer">
<div class="product_price no-float">
<span class="originalprice no-display">Rs
									2999</span> Rs 2999
							</div>
<div class="product_discount_outer no-display">
<div class="product_discount">
									0%
								</div>
</div>
</div>
<div class="cod-ico"><label class="lang">Cash on Delivery Available</label></div>
</a>
<a categoryid="172" class="hit-ss-logger" href="http://www.snapdeal.com/product/reebok-yoga-mat-cyan/1361676?pos=15;80" ispartialsearch="false" pogid="1361676" pos="15;80" v="p">
<div atl="Reebok Yoga Mat - Cyan" class="product-image">
<img border="0" class="" src="http://n1.sdlcdn.com/imgs/a/e/f/166x194/SDL848008207_1367566844_image1-4becf.jpg" style="opacity: 1; "/>
</div>
<div class="product_grid_cont_heading">
				Reebok Yoga Mat - Cyan</div>
<div class="ratingStarsSmall ratingStarsBelowTitle" pos="3.7" style="background-position: 0px -126px; "><span>(3)</span></div>
<script type="text/javascript">
						var ratingState = true;
					</script>
<div class="product_grid_cont_price_outer">
<div class="product_price no-float">
<span class="originalprice no-display">Rs
									2299</span> Rs 2299
							</div>
<div class="product_discount_outer no-display">
<div class="product_discount">
									0%
								</div>
</div>
</div>
<div class="cod-ico"><label class="lang">Cash on Delivery Available</label></div>
</a>
<a categoryid="172" class="hit-ss-logger" href="http://www.snapdeal.com/product/reebok-elements-fitness-mat-blue/1361681?pos=16;80" ispartialsearch="false" pogid="1361681" pos="16;80" v="p">
<div atl="Reebok Elements Fitness Mat - Blue" class="product-image">
<img border="0" class="" src="http://n3.sdlcdn.com/imgs/a/b/l/166x194/SDL842090603_1367566849_image1-04d7d.jpg" style="opacity: 1; "/>
</div>
<div class="product_grid_cont_heading">
				Reebok Elements Fitness Mat - Blue</div>
<div class="product_grid_cont_price_outer">
<div class="product_price no-float">
<span class="originalprice no-display">Rs
									2999</span> Rs 2999
							</div>
<div class="product_discount_outer no-display">
<div class="product_discount">
									0%
								</div>
</div>
</div>
<div class="cod-ico"><label class="lang">Cash on Delivery Available</label></div>
</a>
<a categoryid="172" class="hit-ss-logger" href="http://www.snapdeal.com/product/syndicate-multipurpose-travelyogapicnic-mat/1390536?pos=17;80" ispartialsearch="false" pogid="1390536" pos="17;80" v="p">
<div atl="Syndicate Multipurpose Travel/Yoga/Picnic Mat" class="product-image">
<img border="0" class="" src="http://n3.sdlcdn.com/imgs/a/b/o/166x194/SDL679940289_1369035916_image1-b6ea8.jpg" style="opacity: 1; "/>
</div>
<div class="product_grid_cont_heading">
				Syndicate Multipurpose Travel/Yoga/Picnic Mat</div>
<div class="ratingStarsSmall ratingStarsBelowTitle" pos="3.1" style="background-position: 0px -108px; "><span>(47)</span></div>
<script type="text/javascript">
						var ratingState = true;
					</script>
<div class="product_grid_cont_price_outer">
<div class="product_price ">
<span class="originalprice ">Rs
									999</span> Rs 401
							</div>
<div class="product_discount_outer ">
<div class="product_discount">
									60%
								</div>
</div>
</div>
<div class="cod-ico"><label class="lang">Cash on Delivery Available</label></div>
</a>
<a categoryid="172" class="hit-ss-logger" href="http://www.snapdeal.com/product/domyos-fitness-mat-comfort-fitness/1694190979?pos=18;80" ispartialsearch="false" pogid="1694190979" pos="18;80" v="p">
<div atl="Domyos FITNESS MAT COMFORT Fitness FITNESS MATS 8227669" class="product-image">
<img border="0" class="" src="http://n2.sdlcdn.com/imgs/a/g/8/166x194/SDL505020595_1391773547_image1-96083.jpg" style="opacity: 1; "/>
</div>
<div class="product_grid_cont_heading">
				Domyos FITNESS MAT COMFORT Fitness FITNESS MATS 8227669</div>
<div class="product_grid_cont_price_outer">
<div class="product_price ">
<span class="originalprice ">Rs
									3599</span> Rs 3508
							</div>
<div class="product_discount_outer ">
<div class="product_discount">
									3%
								</div>
</div>
</div>
<div class="cod-ico"><label class="lang">Cash on Delivery Available</label></div>
</a>
<a categoryid="172" class="hit-ss-logger" href="http://www.snapdeal.com/product/protoner-yoga-mat-6mm/1736596630?pos=19;80" ispartialsearch="false" pogid="1736596630" pos="19;80" v="p">
<div atl="Protoner Yoga Mat 6mm" class="product-image">
<img border="0" class="" src="http://n1.sdlcdn.com/imgs/a/c/4/166x194/SDL408050860_1374581597_image1-26824.jpg" style="opacity: 1; "/>
</div>
<div class="product_grid_cont_heading">
				Protoner Yoga Mat 6mm</div>
<div class="ratingStarsSmall ratingStarsBelowTitle" pos="2.6" style="background-position: 0px -90px; "><span>(5)</span></div>
<script type="text/javascript">
						var ratingState = true;
					</script>
<div class="product_grid_cont_price_outer">
<div class="product_price ">
<span class="originalprice ">Rs
									600</span> Rs 529
							</div>
<div class="product_discount_outer ">
<div class="product_discount">
									12%
								</div>
</div>
</div>
<div class="cod-ico"><label class="lang">Cash on Delivery Available</label></div>
</a>
<a categoryid="159" class="hit-ss-logger" href="http://www.snapdeal.com/product/domyos-np110/155613?pos=20;80" ispartialsearch="false" pogid="155613" pos="20;80" v="p"><div alt="Domyos Np110 8174945" atl="Domyos Np110 8174945" class="product-image"><img border="0" class="" lazysrc="http://n1.sdlcdn.com/imgs/a/a/0/166x194/1349078_Domyos_Three6_M_1_2x-c5251.jpg" src="http://n1.sdlcdn.com/imgs/a/a/0/166x194/1349078_Domyos_Three6_M_1_2x-c5251.jpg" style="opacity: 1; "/></div><div class="product_grid_cont_heading">Domyos Np110 8174945</div><div class="ratingStarsSmall ratingStarsBelowTitle" style="background-position: 0px -108px;"><span> (1) </span></div><div class="product_grid_cont_price_outer"><div class="product_price no-float"><span class="originalprice no-display">Rs 449</span>  Rs 449</div></div><div class="cod-ico"><label class="lang">Cash on Delivery Available</label></div></a>
<a categoryid="159" class="hit-ss-logger" href="http://www.snapdeal.com/product/tunturi-training-mat/1462273?pos=21;80" ispartialsearch="false" pogid="1462273" pos="21;80" v="p"><div alt="Tunturi Training Mat" atl="Tunturi Training Mat" class="product-image"><img border="0" src="http://n4.sdlcdn.com/imgs/a/e/f/166x194/SDL306399845_1371459463_image1-04f44.jpg" style="opacity: 1; "/></div><div class="product_grid_cont_heading">Tunturi Training Mat</div><div class="ratingStarsSmall ratingStarsBelowTitle" style="background-position: 0px -54px;"><span> (4) </span></div><div class="product_grid_cont_price_outer"><div class="product_price no-float"><span class="originalprice no-display">Rs 1750</span>  Rs 1750</div></div><div class="cod-ico"><label class="lang">Cash on Delivery Available</label></div></a>
<a categoryid="159" class="hit-ss-logger" href="http://www.snapdeal.com/product/tunturi-yoga-resistance-band-kit/1462286?pos=22;80" ispartialsearch="false" pogid="1462286" pos="22;80" v="p"><div alt="Tunturi Yoga Resistance Band Kit" atl="Tunturi Yoga Resistance Band Kit" class="product-image"><img border="0" class="" lazysrc="http://n2.sdlcdn.com/imgs/a/d/h/166x194/SDL309073892_1371459461_image1-e32f3.jpg" src="http://n2.sdlcdn.com/imgs/a/d/h/166x194/SDL309073892_1371459461_image1-e32f3.jpg" style="opacity: 1; "/></div><div class="product_grid_cont_heading">Tunturi Yoga Resistance Band Kit</div><div class="product_grid_cont_price_outer"><div class="product_price no-float"><span class="originalprice no-display">Rs 2380</span>  Rs 2380</div></div><div class="cod-ico"><label class="lang">Cash on Delivery Available</label></div></a>
<a categoryid="159" class="hit-ss-logger" href="http://www.snapdeal.com/product/tunturi-yoga-aerobic-band-heavy/1462231?pos=23;80" ispartialsearch="false" pogid="1462231" pos="23;80" v="p"><div alt="Tunturi Yoga Aerobic Band Heavy" atl="Tunturi Yoga Aerobic Band Heavy" class="product-image"><img border="0" class="" lazysrc="http://n2.sdlcdn.com/imgs/a/d/h/166x194/SDL310359758_1371459452_image1-79d6e.jpg" src="http://n2.sdlcdn.com/imgs/a/d/h/166x194/SDL310359758_1371459452_image1-79d6e.jpg" style="opacity: 1; "/></div><div class="product_grid_cont_heading">Tunturi Yoga Aerobic Band Heavy</div><div class="product_grid_cont_price_outer"><div class="product_price no-float"><span class="originalprice no-display">Rs 600</span>  Rs 600</div></div><div class="cod-ico"><label class="lang">Cash on Delivery Available</label></div></a>
<a categoryid="159" class="hit-ss-logger" href="http://www.snapdeal.com/product/tunturi-yoga-aerobic-band-light/1462239?pos=24;80" ispartialsearch="false" pogid="1462239" pos="24;80" v="p"><div alt="Tunturi Yoga Aerobic Band Light" atl="Tunturi Yoga Aerobic Band Light" class="product-image"><img border="0" class="" lazysrc="http://n2.sdlcdn.com/imgs/a/d/h/166x194/SDL309122889_1371459459_image1-653b7.jpg" src="http://n2.sdlcdn.com/imgs/a/d/h/166x194/SDL309122889_1371459459_image1-653b7.jpg" style="opacity: 1; "/></div><div class="product_grid_cont_heading">Tunturi Yoga Aerobic Band Light</div><div class="product_grid_cont_price_outer"><div class="product_price no-float"><span class="originalprice no-display">Rs 530</span>  Rs 530</div></div><div class="cod-ico"><label class="lang">Cash on Delivery Available</label></div></a>
<a categoryid="159" class="hit-ss-logger" href="http://www.snapdeal.com/product/tunturi-yoga-aerobic-band-middle/1462262?pos=25;80" ispartialsearch="false" pogid="1462262" pos="25;80" v="p"><div alt="Tunturi Yoga Aerobic Band Middle" atl="Tunturi Yoga Aerobic Band Middle" class="product-image"><img border="0" class="" lazysrc="http://n4.sdlcdn.com/imgs/a/d/h/166x194/SDL310190363_1371459499_image1-9184c.jpg" src="http://n4.sdlcdn.com/imgs/a/d/h/166x194/SDL310190363_1371459499_image1-9184c.jpg" style="opacity: 1; "/></div><div class="product_grid_cont_heading">Tunturi Yoga Aerobic Band Middle</div><div class="product_grid_cont_price_outer"><div class="product_price no-float"><span class="originalprice no-display">Rs 610</span>  Rs 610</div></div><div class="cod-ico"><label class="lang">Cash on Delivery Available</label></div></a>
<a categoryid="159" class="hit-ss-logger" href="http://www.snapdeal.com/product/tunturi-aerobicfitness-mat-roll/1462265?pos=26;80" ispartialsearch="false" pogid="1462265" pos="26;80" v="p"><div alt="Tunturi Aerobic/Fitness Mat Roll" atl="Tunturi Aerobic/Fitness Mat Roll" class="product-image"><img border="0" class="" lazysrc="http://n4.sdlcdn.com/imgs/a/d/h/166x194/SDL305152466_1371459469_image1-81e6d.jpg" src="http://n4.sdlcdn.com/imgs/a/d/h/166x194/SDL305152466_1371459469_image1-81e6d.jpg" style="opacity: 1; "/></div><div class="product_grid_cont_heading">Tunturi Aerobic/Fitness Mat Roll</div><div class="product_grid_cont_price_outer"><div class="product_price no-float"><span class="originalprice no-display">Rs 1360</span>  Rs 1360</div></div><div class="cod-ico"><label class="lang">Cash on Delivery Available</label></div></a>
<a categoryid="159" class="hit-ss-logger" href="http://www.snapdeal.com/product/tunturi-yoga-roller/1462242?pos=27;80" ispartialsearch="false" pogid="1462242" pos="27;80" v="p"><div alt="Tunturi Yoga Roller" atl="Tunturi Yoga Roller" class="product-image"><img border="0" class="" lazysrc="http://n3.sdlcdn.com/imgs/a/d/h/166x194/SDL308231697_1371459482_image1-24fd3.jpg" src="http://n3.sdlcdn.com/imgs/a/d/h/166x194/SDL308231697_1371459482_image1-24fd3.jpg" style="opacity: 1; "/></div><div class="product_grid_cont_heading">Tunturi Yoga Roller</div><div class="ratingStarsSmall ratingStarsBelowTitle" style="background-position: 0px -180px;"><span> (3) </span></div><div class="product_grid_cont_price_outer"><div class="product_price no-float"><span class="originalprice no-display">Rs 2040</span>  Rs 2040</div></div><div class="cod-ico"><label class="lang">Cash on Delivery Available</label></div></a>
<a categoryid="159" class="hit-ss-logger" href="http://www.snapdeal.com/product/tunturi-yoga-air-pad/1462244?pos=28;80" ispartialsearch="false" pogid="1462244" pos="28;80" v="p"><div alt="Tunturi Yoga Air Pad" atl="Tunturi Yoga Air Pad" class="product-image"><img border="0" class="" lazysrc="http://n4.sdlcdn.com/imgs/a/d/h/166x194/SDL308738040_1371459500_image1-2b371.jpg" src="http://n4.sdlcdn.com/imgs/a/d/h/166x194/SDL308738040_1371459500_image1-2b371.jpg" style="opacity: 1; "/></div><div class="product_grid_cont_heading">Tunturi Yoga Air Pad</div><div class="ratingStarsSmall ratingStarsBelowTitle" style="background-position: 0px -180px;"><span> (1) </span></div><div class="product_grid_cont_price_outer"><div class="product_price no-float"><span class="originalprice no-display">Rs 1600</span>  Rs 1600</div></div><div class="cod-ico"><label class="lang">Cash on Delivery Available</label></div></a>
<a categoryid="159" class="hit-ss-logger" href="http://www.snapdeal.com/product/tunturi-yoga-mat-print/1462249?pos=29;80" ispartialsearch="false" pogid="1462249" pos="29;80" v="p"><div alt="Tunturi Yoga Mat Print" atl="Tunturi Yoga Mat Print" class="product-image"><img border="0" class="" lazysrc="http://n4.sdlcdn.com/imgs/a/d/h/166x194/SDL307230482_1371459456_image1-8af9c.jpg" src="http://n4.sdlcdn.com/imgs/a/d/h/166x194/SDL307230482_1371459456_image1-8af9c.jpg" style="opacity: 1; "/></div><div class="product_grid_cont_heading">Tunturi Yoga Mat Print</div><div class="product_grid_cont_price_outer"><div class="product_price no-float"><span class="originalprice no-display">Rs 1520</span>  Rs 1520</div></div><div class="cod-ico"><label class="lang">Cash on Delivery Available</label></div></a>
<a categoryid="159" class="hit-ss-logger" href="http://www.snapdeal.com/product/nivia-fitness-combo/477193?pos=30;80" ispartialsearch="false" pogid="477193" pos="30;80" v="p"><div alt="Nivia Fitness Combo" atl="Nivia Fitness Combo" class="product-image"><img border="0" class="" lazysrc="http://n1.sdlcdn.com/imgs/a/a/l/166x194/Nivia_Fitness_Combo_M_1_2x-565e5.jpg" src="http://n1.sdlcdn.com/imgs/a/a/l/166x194/Nivia_Fitness_Combo_M_1_2x-565e5.jpg" style="opacity: 1; "/></div><div class="product_grid_cont_heading">Nivia Fitness Combo</div><div class="product_grid_cont_price_outer"><div class="product_price "><span class="originalprice ">Rs 1400</span>  Rs 1167</div><div class="product_discount_outer"><div class="product_discount">17%</div></div></div><div class="cod-ico"><label class="lang">Cash on Delivery Available</label></div></a>
<a categoryid="159" class="hit-ss-logger" href="http://www.snapdeal.com/product/vinex-yoga-mat-ecos/482254749?pos=31;80" ispartialsearch="false" pogid="482254749" pos="31;80" v="p"><div alt="Vinex Yoga Mat - Ecos" atl="Vinex Yoga Mat - Ecos" class="product-image"><img border="0" class="" lazysrc="http://n3.sdlcdn.com/imgs/a/c/4/166x194/SDL020072415_1374746567_image1-d5c86.jpg" src="http://n3.sdlcdn.com/imgs/a/c/4/166x194/SDL020072415_1374746567_image1-d5c86.jpg" style="opacity: 1; "/></div><div class="product_grid_cont_heading">Vinex Yoga Mat - Ecos</div><div class="product_grid_cont_price_outer"><div class="product_price "><span class="originalprice ">Rs 1087</span>  Rs 1033</div><div class="product_discount_outer"><div class="product_discount">5%</div></div></div><div class="cod-ico"><label class="lang">Cash on Delivery Available</label></div></a>
<a categoryid="159" class="hit-ss-logger" href="http://www.snapdeal.com/product/yoga-mat/481571442?pos=32;80" ispartialsearch="false" pogid="481571442" pos="32;80" v="p"><div alt="Hawk Yoga Mat" atl="Hawk Yoga Mat" class="product-image"><img border="0" class="" lazysrc="http://n1.sdlcdn.com/imgs/a/g/x/166x194/SDL016706471_1390211422_image1-7d38d.jpg" src="http://n1.sdlcdn.com/imgs/a/g/x/166x194/SDL016706471_1390211422_image1-7d38d.jpg" style="opacity: 1; "/><div class="shippingImage tooltip"><span class="box"><span class="arw"></span><label class="lang dispatched-one-day-lang">Dispatched in 1 business day</label></span></div></div><div class="product_grid_cont_heading">Hawk Yoga Mat</div><div class="product_grid_cont_price_outer"><div class="product_price "><span class="originalprice ">Rs 999</span>  Rs 722</div><div class="product_discount_outer"><div class="product_discount">28%</div></div></div></a>
<a categoryid="159" class="hit-ss-logger" href="http://www.snapdeal.com/product/adidas-performance-training-mat/2028363716?pos=33;80" ispartialsearch="false" pogid="2028363716" pos="33;80" v="p"><div alt="Adidas Performance Training Mat" atl="Adidas Performance Training Mat" class="product-image"><img border="0" class="" lazysrc="http://n1.sdlcdn.com/imgs/a/f/0/166x194/SDL838553267_1384261667_image1-60eff.jpg" src="http://n1.sdlcdn.com/imgs/a/f/0/166x194/SDL838553267_1384261667_image1-60eff.jpg" style="opacity: 1; "/></div><div class="product_grid_cont_heading">Adidas Performance Training Mat</div><div class="product_grid_cont_price_outer"><div class="product_price "><span class="originalprice ">Rs 4700</span>  Rs 3909</div><div class="product_discount_outer"><div class="product_discount">17%</div></div></div><div class="cod-ico"><label class="lang">Cash on Delivery Available</label></div></a>
<a categoryid="159" class="hit-ss-logger" href="http://www.snapdeal.com/product/dekor-world-floral-yoga-mat/428925?pos=34;80" ispartialsearch="false" pogid="428925" pos="34;80" v="p"><div alt="Dekor World Floral Yoga Mat" atl="Dekor World Floral Yoga Mat" class="product-image"><img border="0" class="" lazysrc="http://n3.sdlcdn.com/imgs/a/a/k/166x194/Dekor_World_DWYM_004_M_1_2x-52048.jpg" src="http://n3.sdlcdn.com/imgs/a/a/k/166x194/Dekor_World_DWYM_004_M_1_2x-52048.jpg" style="opacity: 1; "/></div><div class="product_grid_cont_heading">Dekor World Floral Yoga Mat</div><div class="product_grid_cont_price_outer"><div class="product_price "><span class="originalprice ">Rs 1498</span>  Rs 825</div><div class="product_discount_outer"><div class="product_discount">45%</div></div></div><div class="cod-ico"><label class="lang">Cash on Delivery Available</label></div></a>
<a categoryid="159" class="hit-ss-logger" href="http://www.snapdeal.com/product/dekor-world-beach-design-yoga/428924?pos=35;80" ispartialsearch="false" pogid="428924" pos="35;80" v="p"><div alt="Dekor World Beach Design Yoga Mat" atl="Dekor World Beach Design Yoga Mat" class="product-image"><img border="0" class="" lazysrc="http://n3.sdlcdn.com/imgs/a/a/k/166x194/Dekor_World_DWYM_005_M_1_2x-9f8af.jpg" src="http://n3.sdlcdn.com/imgs/a/a/k/166x194/Dekor_World_DWYM_005_M_1_2x-9f8af.jpg" style="opacity: 1; "/></div><div class="product_grid_cont_heading">Dekor World Beach Design Yoga Mat</div><div class="ratingStarsSmall ratingStarsBelowTitle" style="background-position: 0px -36px;"><span> (1) </span></div><div class="product_grid_cont_price_outer"><div class="product_price "><span class="originalprice ">Rs 1498</span>  Rs 825</div><div class="product_discount_outer"><div class="product_discount">45%</div></div></div><div class="cod-ico"><label class="lang">Cash on Delivery Available</label></div></a>
<a categoryid="159" class="hit-ss-logger" href="http://www.snapdeal.com/product/dekor-world-patch-work-design/428922?pos=36;80" ispartialsearch="false" pogid="428922" pos="36;80" v="p"><div alt="Dekor World Patch Work Design Yoga Mat" atl="Dekor World Patch Work Design Yoga Mat" class="product-image"><img border="0" class="" lazysrc="http://n2.sdlcdn.com/imgs/a/a/k/166x194/Dekor_World_DWYM_002_M_1_2x-28556.jpg" src="http://n2.sdlcdn.com/imgs/a/a/k/166x194/Dekor_World_DWYM_002_M_1_2x-28556.jpg" style="opacity: 1; "/></div><div class="product_grid_cont_heading">Dekor World Patch Work Design Yoga Mat</div><div class="product_grid_cont_price_outer"><div class="product_price "><span class="originalprice ">Rs 1498</span>  Rs 825</div><div class="product_discount_outer"><div class="product_discount">45%</div></div></div><div class="cod-ico"><label class="lang">Cash on Delivery Available</label></div></a>
<a categoryid="159" class="hit-ss-logger" href="http://www.snapdeal.com/product/dekor-world-multicoloured-yoga-mat/428921?pos=37;80" ispartialsearch="false" pogid="428921" pos="37;80" v="p"><div alt="Dekor World Multi-coloured Yoga Mat" atl="Dekor World Multi-coloured Yoga Mat" class="product-image"><img border="0" class="" lazysrc="http://n4.sdlcdn.com/imgs/a/a/k/166x194/Dekor_World_DWYM_003_M_1_2x-f5761.jpg" src="http://n4.sdlcdn.com/imgs/a/a/k/166x194/Dekor_World_DWYM_003_M_1_2x-f5761.jpg" style="opacity: 1; "/></div><div class="product_grid_cont_heading">Dekor World Multi-coloured Yoga Mat</div><div class="ratingStarsSmall ratingStarsBelowTitle" style="background-position: 0px -72px;"><span> (2) </span></div><div class="product_grid_cont_price_outer"><div class="product_price "><span class="originalprice ">Rs 1498</span>  Rs 825</div><div class="product_discount_outer"><div class="product_discount">45%</div></div></div><div class="cod-ico"><label class="lang">Cash on Delivery Available</label></div></a>
<a categoryid="159" class="hit-ss-logger" href="http://www.snapdeal.com/product/silvers-4mm-yoga-mat-black/434982?pos=38;80" ispartialsearch="false" pogid="434982" pos="38;80" v="p"><div alt="Silver's 4mm Yoga Mat (Black)" atl="Silver's 4mm Yoga Mat (Black)" class="product-image"><img border="0" class="" lazysrc="http://i3.sdlcdn.com/img/product/main/166x194/YM02_AVM_Silvers_M_1_2x.jpg" src="http://i3.sdlcdn.com/img/product/main/166x194/YM02_AVM_Silvers_M_1_2x.jpg" style="opacity: 1; "/></div><div class="product_grid_cont_heading">Silver's 4mm Yoga Mat (Black)</div><div class="ratingStarsSmall ratingStarsBelowTitle" style="background-position: 0px -180px;"><span> (3) </span></div><div class="product_grid_cont_price_outer"><div class="product_price "><span class="originalprice ">Rs 595</span>  Rs 540</div><div class="product_discount_outer"><div class="product_discount">9%</div></div></div><div class="cod-ico"><label class="lang">Cash on Delivery Available</label></div></a>
<a categoryid="159" class="hit-ss-logger" href="http://www.snapdeal.com/product/silvers-6mm-yoga-mat/434983?pos=39;80" ispartialsearch="false" pogid="434983" pos="39;80" v="p"><div alt="Silver's 6mm Yoga Mat (Pink)" atl="Silver's 6mm Yoga Mat (Pink)" class="product-image"><img border="0" class="" lazysrc="http://i2.sdlcdn.com/img/product/main/166x194/YM01_AVM_Silvers_M_1_2x.jpg" src="http://i2.sdlcdn.com/img/product/main/166x194/YM01_AVM_Silvers_M_1_2x.jpg" style="opacity: 1; "/><div class="shippingImage tooltip"><span class="box"><span class="arw"></span><label class="lang dispatched-one-day-lang">Dispatched in 1 business day</label></span></div></div><div class="product_grid_cont_heading">Silver's 6mm Yoga Mat (Pink)</div><div class="ratingStarsSmall ratingStarsBelowTitle" style="background-position: 0px -180px;"><span> (3) </span></div><div class="product_grid_cont_price_outer"><div class="product_price "><span class="originalprice ">Rs 710</span>  Rs 622</div><div class="product_discount_outer"><div class="product_discount">12%</div></div></div><div class="cod-ico"><label class="lang">Cash on Delivery Available</label></div></a>
<a categoryid="159" class="hit-ss-logger" href="http://www.snapdeal.com/product/cofit-yoga-balance-pad/213630382?pos=40;80" ispartialsearch="false" pogid="213630382" pos="40;80" v="p"><div alt="Co-Fit yoga Balance Pad" atl="Co-Fit yoga Balance Pad" class="product-image"><img border="0" class="" lazysrc="http://n2.sdlcdn.com/imgs/a/g/m/166x194/SDL866238563_1388078743_image1-1cb94.jpg" src="http://n2.sdlcdn.com/imgs/a/g/m/166x194/SDL866238563_1388078743_image1-1cb94.jpg" style="opacity: 1; "/></div><div class="product_grid_cont_heading">Co-Fit yoga Balance Pad</div><div class="product_grid_cont_price_outer"><div class="product_price "><span class="originalprice ">Rs 2100</span>  Rs 1617</div><div class="product_discount_outer"><div class="product_discount">23%</div></div></div><div class="cod-ico"><label class="lang">Cash on Delivery Available</label></div></a>
<a categoryid="159" class="hit-ss-logger" href="http://www.snapdeal.com/product/vinex-yoga-mat-prima/2112620808?pos=41;80" ispartialsearch="false" pogid="2112620808" pos="41;80" v="p"><div alt="Vinex Yoga Mat - Prima" atl="Vinex Yoga Mat - Prima" class="product-image"><img border="0" src="http://n3.sdlcdn.com/imgs/a/c/4/166x194/SDL020418520_1374746516_image1-1d7e2.jpg" style="opacity: 1; "/></div><div class="product_grid_cont_heading">Vinex Yoga Mat - Prima</div><div class="ratingStarsSmall ratingStarsBelowTitle" style="background-position: 0px -36px;"><span> (2) </span></div><div class="product_grid_cont_price_outer"><div class="product_price "><span class="originalprice ">Rs 1208</span>  Rs 1148</div><div class="product_discount_outer"><div class="product_discount">5%</div></div></div><div class="cod-ico"><label class="lang">Cash on Delivery Available</label></div></a>
<a categoryid="159" class="hit-ss-logger" href="http://www.snapdeal.com/product/ecowellness-aerobic-mat/26212889?pos=42;80" ispartialsearch="false" pogid="26212889" pos="42;80" v="p"><div alt="Ecowellness Aerobic Mat" atl="Ecowellness Aerobic Mat" class="product-image"><img border="0" class="" lazysrc="http://n2.sdlcdn.com/imgs/a/e/f/166x194/SDL487566273_1374645219_image1-2b6ff.jpg" src="http://n2.sdlcdn.com/imgs/a/e/f/166x194/SDL487566273_1374645219_image1-2b6ff.jpg" style="opacity: 1; "/></div><div class="product_grid_cont_heading">Ecowellness Aerobic Mat</div><div class="product_grid_cont_price_outer"><div class="product_price "><span class="originalprice ">Rs 1899</span>  Rs 1731</div><div class="product_discount_outer"><div class="product_discount">9%</div></div></div><div class="cod-ico"><label class="lang">Cash on Delivery Available</label></div></a>
<a categoryid="159" class="hit-ss-logger" href="http://www.snapdeal.com/product/adidas-stretch-mat/849606273?pos=43;80" ispartialsearch="false" pogid="849606273" pos="43;80" v="p"><div alt="Adidas Stretch Mat" atl="Adidas Stretch Mat" class="product-image"><img border="0" class="" lazysrc="http://n2.sdlcdn.com/imgs/a/f/0/166x194/SDL838265280_1384261681_image1-b38bf.jpg" src="http://n2.sdlcdn.com/imgs/a/f/0/166x194/SDL838265280_1384261681_image1-b38bf.jpg" style="opacity: 1; "/></div><div class="product_grid_cont_heading">Adidas Stretch Mat</div><div class="product_grid_cont_price_outer"><div class="product_price "><span class="originalprice ">Rs 2200</span>  Rs 2080</div><div class="product_discount_outer"><div class="product_discount">5%</div></div></div><div class="cod-ico"><label class="lang">Cash on Delivery Available</label></div></a>
<a categoryid="159" class="hit-ss-logger" href="http://www.snapdeal.com/product/toppro-yoga-mat-6mm/96655?pos=44;80" ispartialsearch="false" pogid="96655" pos="44;80" v="p"><div alt="Toppro Yoga Mat 6Mm" atl="Toppro Yoga Mat 6Mm" class="product-image"><img border="0" class="" lazysrc="http://i2.sdlcdn.com/img/product/main/166x194/100321_SPORTSHUB_TOPPRO_M_1_2x.jpg" src="http://i2.sdlcdn.com/img/product/main/166x194/100321_SPORTSHUB_TOPPRO_M_1_2x.jpg" style="opacity: 1; "/><div class="shippingImage tooltip"><span class="box"><span class="arw"></span><label class="lang dispatched-one-day-lang">Dispatched in 1 business day</label></span></div></div><div class="product_grid_cont_heading">Toppro Yoga Mat 6Mm</div><div class="ratingStarsSmall ratingStarsBelowTitle" style="background-position: 0px -144px;"><span> (4) </span></div><div class="product_grid_cont_price_outer"><div class="product_price "><span class="originalprice ">Rs 750</span>  Rs 605</div><div class="product_discount_outer"><div class="product_discount">19%</div></div></div><div class="cod-ico"><label class="lang">Cash on Delivery Available</label></div></a>
<a categoryid="159" class="hit-ss-logger" href="http://www.snapdeal.com/product/cofit-double-color-yoga-mat/900671329?pos=45;80" ispartialsearch="false" pogid="900671329" pos="45;80" v="p"><div alt="Co-Fit Double Color Yoga mat" atl="Co-Fit Double Color Yoga mat" class="product-image"><img border="0" class="" lazysrc="http://n2.sdlcdn.com/imgs/a/g/m/166x194/SDL866317900_1388078772_image1-f0187.jpg" src="http://n2.sdlcdn.com/imgs/a/g/m/166x194/SDL866317900_1388078772_image1-f0187.jpg" style="opacity: 1; "/></div><div class="product_grid_cont_heading">Co-Fit Double Color Yoga mat</div><div class="product_grid_cont_price_outer"><div class="product_price "><span class="originalprice ">Rs 950</span>  Rs 786</div><div class="product_discount_outer"><div class="product_discount">17%</div></div></div><div class="cod-ico"><label class="lang">Cash on Delivery Available</label></div></a>
<a categoryid="159" class="hit-ss-logger" href="http://www.snapdeal.com/product/yoga-mat/949372696?pos=46;80" ispartialsearch="false" pogid="949372696" pos="46;80" v="p"><div alt="Hawk Yoga Mat" atl="Hawk Yoga Mat" class="product-image"><img border="0" class="" lazysrc="http://n2.sdlcdn.com/imgs/a/g/x/166x194/SDL015366184_1390211433_image1-61589.jpg" src="http://n2.sdlcdn.com/imgs/a/g/x/166x194/SDL015366184_1390211433_image1-61589.jpg" style="opacity: 1; "/><div class="shippingImage tooltip"><span class="box"><span class="arw"></span><label class="lang dispatched-one-day-lang">Dispatched in 1 business day</label></span></div></div><div class="product_grid_cont_heading">Hawk Yoga Mat</div><div class="product_grid_cont_price_outer"><div class="product_price "><span class="originalprice ">Rs 999</span>  Rs 722</div><div class="product_discount_outer"><div class="product_discount">28%</div></div></div></a>
<a categoryid="159" class="hit-ss-logger" href="http://www.snapdeal.com/product/cofit-yoga-mat/512015739?pos=47;80" ispartialsearch="false" pogid="512015739" pos="47;80" v="p"><div alt="Co-Fit Yoga Mat" atl="Co-Fit Yoga Mat" class="product-image"><img border="0" class="" lazysrc="http://n4.sdlcdn.com/imgs/a/g/m/166x194/SDL866229755_1388078777_image1-73a26.jpg" src="http://n4.sdlcdn.com/imgs/a/g/m/166x194/SDL866229755_1388078777_image1-73a26.jpg" style="opacity: 1; "/></div><div class="product_grid_cont_heading">Co-Fit Yoga Mat</div><div class="product_grid_cont_price_outer"><div class="product_price "><span class="originalprice ">Rs 700</span>  Rs 568</div><div class="product_discount_outer"><div class="product_discount">19%</div></div></div><div class="cod-ico"><label class="lang">Cash on Delivery Available</label></div></a>
<a categoryid="159" class="hit-ss-logger" href="http://www.snapdeal.com/product/adidas-fitness-mat/414052319?pos=48;80" ispartialsearch="false" pogid="414052319" pos="48;80" v="p"><div alt="Adidas Fitness Mat" atl="Adidas Fitness Mat" class="product-image"><img border="0" class="" lazysrc="http://n3.sdlcdn.com/imgs/a/f/0/166x194/SDL839184047_1384261687_image1-4b2d4.jpg" src="http://n3.sdlcdn.com/imgs/a/f/0/166x194/SDL839184047_1384261687_image1-4b2d4.jpg" style="opacity: 1; "/></div><div class="product_grid_cont_heading">Adidas Fitness Mat</div><div class="product_grid_cont_price_outer"><div class="product_price "><span class="originalprice ">Rs 3900</span>  Rs 3688</div><div class="product_discount_outer"><div class="product_discount">5%</div></div></div><div class="cod-ico"><label class="lang">Cash on Delivery Available</label></div></a>
<a categoryid="159" class="hit-ss-logger" href="http://www.snapdeal.com/product/yoga-mat/529585830?pos=49;80" ispartialsearch="false" pogid="529585830" pos="49;80" v="p"><div alt="Hawk Yoga Mat" atl="Hawk Yoga Mat" class="product-image"><img border="0" class="" lazysrc="http://n4.sdlcdn.com/imgs/a/g/x/166x194/SDL018417199_1390211419_image1-a8cbc.JPG" src="http://n4.sdlcdn.com/imgs/a/g/x/166x194/SDL018417199_1390211419_image1-a8cbc.JPG" style="opacity: 1; "/><div class="shippingImage tooltip"><span class="box"><span class="arw"></span><label class="lang dispatched-one-day-lang">Dispatched in 1 business day</label></span></div></div><div class="product_grid_cont_heading">Hawk Yoga Mat</div><div class="product_grid_cont_price_outer"><div class="product_price "><span class="originalprice ">Rs 999</span>  Rs 722</div><div class="product_discount_outer"><div class="product_discount">28%</div></div></div></a>
<a categoryid="159" class="hit-ss-logger" href="http://www.snapdeal.com/product/domyos-tg-700-fitness-fitness/518786792?pos=50;80" ispartialsearch="false" pogid="518786792" pos="50;80" v="p"><div alt="Domyos TG 700 Fitness FITNESS MATS 8207227" atl="Domyos TG 700 Fitness FITNESS MATS 8207227" class="product-image"><img border="0" class="" lazysrc="http://n1.sdlcdn.com/imgs/a/g/8/166x194/SDL424145451_1391773579_image1-545eb.jpg" src="http://n1.sdlcdn.com/imgs/a/g/8/166x194/SDL424145451_1391773579_image1-545eb.jpg" style="opacity: 1; "/></div><div class="product_grid_cont_heading">Domyos TG 700 Fitness FITNESS MATS 8207227</div><div class="product_grid_cont_price_outer"><div class="product_price "><span class="originalprice ">Rs 2299</span>  Rs 2202</div><div class="product_discount_outer"><div class="product_discount">4%</div></div></div><div class="cod-ico"><label class="lang">Cash on Delivery Available</label></div></a>
<a categoryid="159" class="hit-ss-logger" href="http://www.snapdeal.com/product/aquafit-yoga-mat-printed-with/616166?pos=51;80" ispartialsearch="false" pogid="616166" pos="51;80" v="p"><div alt="Aquafit Yoga Mat Printed With Free Carry Bag" atl="Aquafit Yoga Mat Printed With Free Carry Bag" class="product-image"><img border="0" class="" lazysrc="http://i3.sdlcdn.com/img/product/main/166x194/AQYM2_BHASEEN_Aquafit_M_1_52x.jpg" src="http://i3.sdlcdn.com/img/product/main/166x194/AQYM2_BHASEEN_Aquafit_M_1_52x.jpg" style="opacity: 1; "/><div class="shippingImage tooltip"><span class="box"><span class="arw"></span><label class="lang dispatched-one-day-lang">Dispatched in 1 business day</label></span></div></div><div class="product_grid_cont_heading">Aquafit Yoga Mat Printed With Free Carry Bag</div><div class="ratingStarsSmall ratingStarsBelowTitle" style="background-position: 0px -144px;"><span> (117) </span></div><div class="product_grid_cont_price_outer"><div class="product_price "><span class="originalprice ">Rs 1180</span>  Rs 669</div><div class="product_discount_outer"><div class="product_discount">43%</div></div></div><div class="cod-ico"><label class="lang">Cash on Delivery Available</label></div></a>
<a categoryid="159" class="hit-ss-logger" href="http://www.snapdeal.com/product/stag-yoga-pilates-mat-green/621920?pos=52;80" ispartialsearch="false" pogid="621920" pos="52;80" v="p"><div alt="Stag Yoga &amp; Pilates Mat (Green)" atl="Stag Yoga &amp; Pilates Mat (Green)" class="product-image"><img border="0" class="" lazysrc="http://n4.sdlcdn.com/imgs/a/a/h/166x194/8406610001758_STAG_STAG_GREEN_M_1_2x-2acea.jpg" src="http://n4.sdlcdn.com/imgs/a/a/h/166x194/8406610001758_STAG_STAG_GREEN_M_1_2x-2acea.jpg" style="opacity: 1; "/></div><div class="product_grid_cont_heading">Stag Yoga &amp; Pilates Mat (Green)</div><div class="product_grid_cont_price_outer"><div class="product_price no-float"><span class="originalprice no-display">Rs 550</span>  Rs 550</div></div><div class="cod-ico"><label class="lang">Cash on Delivery Available</label></div></a>
<a categoryid="159" class="hit-ss-logger" href="http://www.snapdeal.com/product/stag-yoga-pilates-mat-red/621918?pos=53;80" ispartialsearch="false" pogid="621918" pos="53;80" v="p"><div alt="Stag Yoga &amp; Pilates Mat (Red)" atl="Stag Yoga &amp; Pilates Mat (Red)" class="product-image"><img border="0" class="" lazysrc="http://n2.sdlcdn.com/imgs/a/a/h/166x194/8406610001758_STAG_STAG_RED_M_1_2x_n-d1bdd.jpg" src="http://n2.sdlcdn.com/imgs/a/a/h/166x194/8406610001758_STAG_STAG_RED_M_1_2x_n-d1bdd.jpg" style="opacity: 1; "/></div><div class="product_grid_cont_heading">Stag Yoga &amp; Pilates Mat (Red)</div><div class="ratingStarsSmall ratingStarsBelowTitle" style="background-position: 0px -72px;"><span> (1) </span></div><div class="product_grid_cont_price_outer"><div class="product_price no-float"><span class="originalprice no-display">Rs 550</span>  Rs 550</div></div><div class="cod-ico"><label class="lang">Cash on Delivery Available</label></div></a>
<a categoryid="159" class="hit-ss-logger" href="http://www.snapdeal.com/product/stag-yoga-pilates-mat-blue/621919?pos=54;80" ispartialsearch="false" pogid="621919" pos="54;80" v="p"><div alt="Stag Yoga &amp; Pilates Mat (Blue)" atl="Stag Yoga &amp; Pilates Mat (Blue)" class="product-image"><img border="0" class="" lazysrc="http://n2.sdlcdn.com/imgs/a/a/h/166x194/8406610001758_STAG_STAG_BLUE_M_1_2x-6505e.jpg" src="http://n2.sdlcdn.com/imgs/a/a/h/166x194/8406610001758_STAG_STAG_BLUE_M_1_2x-6505e.jpg" style="opacity: 1; "/></div><div class="product_grid_cont_heading">Stag Yoga &amp; Pilates Mat (Blue)</div><div class="product_grid_cont_price_outer"><div class="product_price no-float"><span class="originalprice no-display">Rs 550</span>  Rs 550</div></div><div class="cod-ico"><label class="lang">Cash on Delivery Available</label></div></a>
<a categoryid="159" class="hit-ss-logger" href="http://www.snapdeal.com/product/adidas-core-training-mat/853888748?pos=55;80" ispartialsearch="false" pogid="853888748" pos="55;80" v="p"><div alt="Adidas Core Training Mat" atl="Adidas Core Training Mat" class="product-image"><img border="0" class="" lazysrc="http://n1.sdlcdn.com/imgs/a/f/0/166x194/SDL839001037_1384261672_image1-8f6ab.jpg" src="http://n1.sdlcdn.com/imgs/a/f/0/166x194/SDL839001037_1384261672_image1-8f6ab.jpg" style="opacity: 1; "/></div><div class="product_grid_cont_heading">Adidas Core Training Mat</div><div class="product_grid_cont_price_outer"><div class="product_price "><span class="originalprice ">Rs 3200</span>  Rs 2699</div><div class="product_discount_outer"><div class="product_discount">16%</div></div></div><div class="cod-ico"><label class="lang">Cash on Delivery Available</label></div></a>
<a categoryid="159" class="hit-ss-logger" href="http://www.snapdeal.com/product/cofit-neoprene-mat/663429634?pos=56;80" ispartialsearch="false" pogid="663429634" pos="56;80" v="p"><div alt="Co-Fit Neoprene Mat" atl="Co-Fit Neoprene Mat" class="product-image"><img border="0" class="" lazysrc="http://n2.sdlcdn.com/imgs/a/g/m/166x194/SDL866293530_1388078801_image1-c7267.JPG" src="http://n2.sdlcdn.com/imgs/a/g/m/166x194/SDL866293530_1388078801_image1-c7267.JPG" style="opacity: 1; "/></div><div class="product_grid_cont_heading">Co-Fit Neoprene Mat</div><div class="ratingStarsSmall ratingStarsBelowTitle" style="background-position: 0px -180px;"><span> (1) </span></div><div class="product_grid_cont_price_outer"><div class="product_price "><span class="originalprice ">Rs 950</span>  Rs 786</div><div class="product_discount_outer"><div class="product_discount">17%</div></div></div><div class="cod-ico"><label class="lang">Cash on Delivery Available</label></div></a>
<a categoryid="159" class="hit-ss-logger" href="http://www.snapdeal.com/product/vikang-yoga-mat4mm/95950676?pos=57;80" ispartialsearch="false" pogid="95950676" pos="57;80" v="p"><div alt="Vikang Yoga Mat-4mm" atl="Vikang Yoga Mat-4mm" class="product-image"><img border="0" class="" lazysrc="http://n3.sdlcdn.com/imgs/a/e/f/166x194/SDL264305145_1375874700_image1-0e87c.jpg" src="http://n3.sdlcdn.com/imgs/a/e/f/166x194/SDL264305145_1375874700_image1-0e87c.jpg" style="opacity: 1; "/><div class="shippingImage tooltip"><span class="box"><span class="arw"></span><label class="lang dispatched-one-day-lang">Dispatched in 1 business day</label></span></div></div><div class="product_grid_cont_heading">Vikang Yoga Mat-4mm</div><div class="ratingStarsSmall ratingStarsBelowTitle" style="background-position: 0px -126px;"><span> (5) </span></div><div class="product_grid_cont_price_outer"><div class="product_price "><span class="originalprice ">Rs 540</span>  Rs 433</div><div class="product_discount_outer"><div class="product_discount">20%</div></div></div><div class="cod-ico"><label class="lang">Cash on Delivery Available</label></div></a>
<a categoryid="159" class="hit-ss-logger" href="http://www.snapdeal.com/product/reebok-premium-yoga-mat-cyan/1361623?pos=58;80" ispartialsearch="false" pogid="1361623" pos="58;80" v="p"><div alt="Reebok Premium Yoga Mat - Cyan" atl="Reebok Premium Yoga Mat - Cyan" class="product-image"><img border="0" class="" lazysrc="http://n3.sdlcdn.com/imgs/a/b/l/166x194/SDL848146480_1367566799_image1-2123b.jpg" src="http://n3.sdlcdn.com/imgs/a/b/l/166x194/SDL848146480_1367566799_image1-2123b.jpg" style="opacity: 1; "/></div><div class="product_grid_cont_heading">Reebok Premium Yoga Mat - Cyan</div><div class="product_grid_cont_price_outer"><div class="product_price no-float"><span class="originalprice no-display">Rs 4999</span>  Rs 4990</div></div><div class="cod-ico"><label class="lang">Cash on Delivery Available</label></div></a>
<a categoryid="159" class="hit-ss-logger" href="http://www.snapdeal.com/product/dekor-world-diagonal-striped-yoga/428923?pos=59;80" ispartialsearch="false" pogid="428923" pos="59;80" v="p"><div alt="Dekor World Diagonal Striped Yoga Mat" atl="Dekor World Diagonal Striped Yoga Mat" class="product-image"><img border="0" class="" lazysrc="http://n4.sdlcdn.com/imgs/a/a/k/166x194/Dekor_World_DWYM_001_M_1_2x-6d159.jpg" src="http://n4.sdlcdn.com/imgs/a/a/k/166x194/Dekor_World_DWYM_001_M_1_2x-6d159.jpg" style="opacity: 1; "/></div><div class="product_grid_cont_heading">Dekor World Diagonal Striped Yoga Mat</div><div class="ratingStarsSmall ratingStarsBelowTitle" style="background-position: 0px -72px;"><span> (1) </span></div><div class="product_grid_cont_price_outer"><div class="product_price "><span class="originalprice ">Rs 1498</span>  Rs 825</div><div class="product_discount_outer"><div class="product_discount">45%</div></div></div><div class="cod-ico"><label class="lang">Cash on Delivery Available</label></div></a>
<a categoryid="159" class="hit-ss-logger" href="http://www.snapdeal.com/product/StagPUZZLE/102856?pos=60;80" ispartialsearch="false" pogid="102856" pos="60;80" v="p"><div alt="Stag PUZZLE MAT 1MTR. X1MTR. X 40MM" atl="Stag PUZZLE MAT 1MTR. X1MTR. X 40MM" class="product-image"><img border="0" class="" lazysrc="http://n1.sdlcdn.com/imgs/a/a/5/166x194/8406610001475_STAG_STAG_M_1_2X-e7855.jpg" src="http://n1.sdlcdn.com/imgs/a/a/5/166x194/8406610001475_STAG_STAG_M_1_2X-e7855.jpg" style="opacity: 1; "/></div><div class="product_grid_cont_heading">Stag PUZZLE MAT 1MTR. X1MTR. X 40MM</div><div class="product_grid_cont_price_outer"><div class="product_price "><span class="originalprice ">Rs 2550</span>  Rs 2484</div><div class="product_discount_outer"><div class="product_discount">3%</div></div></div><div class="cod-ico"><label class="lang">Cash on Delivery Available</label></div></a>
<a categoryid="159" class="hit-ss-logger" href="http://www.snapdeal.com/product/reebok-elements-yoga-set-grey/1361637?pos=61;80" ispartialsearch="false" pogid="1361637" pos="61;80" v="p"><div alt="Reebok Elements Yoga Set - Grey" atl="Reebok Elements Yoga Set - Grey" class="product-image"><img border="0" src="http://n2.sdlcdn.com/imgs/a/b/l/166x194/SDL842132370_1367566812_image1-8b437.jpg" style="opacity: 1; "/><div class="soldout prod-grid-sold-out-lang"></div></div><div class="product_grid_cont_heading">Reebok Elements Yoga Set - Grey</div><div class="product_grid_cont_price_outer"><div class="product_price no-float"><span class="originalprice no-display">Rs 2999</span>  Rs 2999</div></div><div class="cod-ico"><label class="lang">Cash on Delivery Available</label></div></a>
<a categoryid="159" class="hit-ss-logger" href="http://www.snapdeal.com/product/reebok-elements-tri-fold-mat/1361639?pos=62;80" ispartialsearch="false" pogid="1361639" pos="62;80" v="p"><div alt="Reebok Elements Tri Fold Mat - Black" atl="Reebok Elements Tri Fold Mat - Black" class="product-image"><img border="0" class="" lazysrc="http://n1.sdlcdn.com/imgs/a/b/l/166x194/SDL841126342_1367566813_image1-02515.jpg" src="http://n1.sdlcdn.com/imgs/a/b/l/166x194/SDL841126342_1367566813_image1-02515.jpg" style="opacity: 1; "/><div class="soldout prod-grid-sold-out-lang"></div></div><div class="product_grid_cont_heading">Reebok Elements Tri Fold Mat - Black</div><div class="product_grid_cont_price_outer"><div class="product_price "><span class="originalprice ">Rs 1799</span>  Rs 1757</div><div class="product_discount_outer"><div class="product_discount">2%</div></div></div><div class="cod-ico"><label class="lang">Cash on Delivery Available</label></div></a>
<a categoryid="159" class="hit-ss-logger" href="http://www.snapdeal.com/product/reebok-trifold-fitness-mat-magenta/1361626?pos=63;80" ispartialsearch="false" pogid="1361626" pos="63;80" v="p"><div alt="Reebok Tri-Fold Fitness Mat - Magenta" atl="Reebok Tri-Fold Fitness Mat - Magenta" class="product-image"><img border="0" class="" lazysrc="http://n3.sdlcdn.com/imgs/a/b/l/166x194/SDL845822886_1367566802_image1-38cd1.jpg" src="http://n3.sdlcdn.com/imgs/a/b/l/166x194/SDL845822886_1367566802_image1-38cd1.jpg" style="opacity: 1; "/><div class="soldout prod-grid-sold-out-lang"></div></div><div class="product_grid_cont_heading">Reebok Tri-Fold Fitness Mat - Magenta</div><div class="product_grid_cont_price_outer"><div class="product_price no-float"><span class="originalprice no-display">Rs 3999</span>  Rs 3999</div></div><div class="cod-ico"><label class="lang">Cash on Delivery Available</label></div></a>
<a categoryid="159" class="hit-ss-logger" href="http://www.snapdeal.com/product/reebok-floor-guards-pack-of/1361628?pos=64;80" ispartialsearch="false" pogid="1361628" pos="64;80" v="p"><div alt="Reebok Floor Guards (pack of 4)" atl="Reebok Floor Guards (pack of 4)" class="product-image"><img border="0" class="" lazysrc="http://n3.sdlcdn.com/imgs/a/b/l/166x194/SDL845553025_1367566803_image1-b86b4.jpg" src="http://n3.sdlcdn.com/imgs/a/b/l/166x194/SDL845553025_1367566803_image1-b86b4.jpg" style="opacity: 1; "/><div class="soldout prod-grid-sold-out-lang"></div></div><div class="product_grid_cont_heading">Reebok Floor Guards (pack of 4)</div><div class="product_grid_cont_price_outer"><div class="product_price "><span class="originalprice ">Rs 2899</span>  Rs 2299</div><div class="product_discount_outer"><div class="product_discount">21%</div></div></div><div class="cod-ico"><label class="lang">Cash on Delivery Available</label></div></a>
<a categoryid="159" class="hit-ss-logger" href="http://www.snapdeal.com/product/reebok-bikecross-trainer-floor-mat/1361609?pos=65;80" ispartialsearch="false" pogid="1361609" pos="65;80" v="p"><div alt="Reebok Bike/Cross trainer Floor Mat" atl="Reebok Bike/Cross trainer Floor Mat" class="product-image"><img border="0" class="" lazysrc="http://n4.sdlcdn.com/imgs/a/b/l/166x194/SDL845652824_1367566787_image1-d8f2c.jpg" src="http://n4.sdlcdn.com/imgs/a/b/l/166x194/SDL845652824_1367566787_image1-d8f2c.jpg" style="opacity: 1; "/><div class="soldout prod-grid-sold-out-lang"></div></div><div class="product_grid_cont_heading">Reebok Bike/Cross trainer Floor Mat</div><div class="product_grid_cont_price_outer"><div class="product_price no-float"><span class="originalprice no-display">Rs 2999</span>  Rs 2999</div></div><div class="cod-ico"><label class="lang">Cash on Delivery Available</label></div></a>
<a categoryid="159" class="hit-ss-logger" href="http://www.snapdeal.com/product/reebok-yoga-block/1361607?pos=66;80" ispartialsearch="false" pogid="1361607" pos="66;80" v="p"><div alt="Reebok Yoga Block" atl="Reebok Yoga Block" class="product-image"><img border="0" class="" lazysrc="http://n2.sdlcdn.com/imgs/a/b/l/166x194/SDL847926218_1367566786_image1-01cfe.jpg" src="http://n2.sdlcdn.com/imgs/a/b/l/166x194/SDL847926218_1367566786_image1-01cfe.jpg" style="opacity: 1; "/><div class="soldout prod-grid-sold-out-lang"></div></div><div class="product_grid_cont_heading">Reebok Yoga Block</div><div class="product_grid_cont_price_outer"><div class="product_price no-float"><span class="originalprice no-display">Rs 699</span>  Rs 699</div></div><div class="cod-ico"><label class="lang">Cash on Delivery Available</label></div></a>
<a categoryid="159" class="hit-ss-logger" href="http://www.snapdeal.com/product/reebok-premium-yoga-mat-magenta/1361605?pos=67;80" ispartialsearch="false" pogid="1361605" pos="67;80" v="p"><div alt="Reebok Premium Yoga Mat - Magenta" atl="Reebok Premium Yoga Mat - Magenta" class="product-image"><img border="0" class="" lazysrc="http://n4.sdlcdn.com/imgs/a/b/l/166x194/SDL848253755_1367566785_image1-418de.jpg" src="http://n4.sdlcdn.com/imgs/a/b/l/166x194/SDL848253755_1367566785_image1-418de.jpg" style="opacity: 1; "/><div class="soldout prod-grid-sold-out-lang"></div></div><div class="product_grid_cont_heading">Reebok Premium Yoga Mat - Magenta</div><div class="product_grid_cont_price_outer"><div class="product_price no-float"><span class="originalprice no-display">Rs 3999</span>  Rs 3999</div></div><div class="cod-ico"><label class="lang">Cash on Delivery Available</label></div></a>
<a categoryid="159" class="hit-ss-logger" href="http://www.snapdeal.com/product/reebok-treadmill-floor-mat/1361703?pos=68;80" ispartialsearch="false" pogid="1361703" pos="68;80" v="p"><div alt="Reebok Treadmill Floor Mat" atl="Reebok Treadmill Floor Mat" class="product-image"><img border="0" class="" lazysrc="http://n2.sdlcdn.com/imgs/a/b/l/166x194/SDL845665121_1367566866_image1-f2269.jpg" src="http://n2.sdlcdn.com/imgs/a/b/l/166x194/SDL845665121_1367566866_image1-f2269.jpg" style="opacity: 1; "/><div class="soldout prod-grid-sold-out-lang"></div></div><div class="product_grid_cont_heading">Reebok Treadmill Floor Mat</div><div class="product_grid_cont_price_outer"><div class="product_price no-float"><span class="originalprice no-display">Rs 4999</span>  Rs 4999</div></div><div class="cod-ico"><label class="lang">Cash on Delivery Available</label></div></a>
<a categoryid="159" class="hit-ss-logger" href="http://www.snapdeal.com/product/reebok-trifold-fitness-mat-cyan/1361684?pos=69;80" ispartialsearch="false" pogid="1361684" pos="69;80" v="p"><div alt="Reebok Tri-Fold Fitness Mat - Cyan" atl="Reebok Tri-Fold Fitness Mat - Cyan" class="product-image"><img border="0" class="" lazysrc="http://n2.sdlcdn.com/imgs/a/b/l/166x194/SDL845794343_1367566851_image1-6e3c9.jpg" src="http://n2.sdlcdn.com/imgs/a/b/l/166x194/SDL845794343_1367566851_image1-6e3c9.jpg" style="opacity: 1; "/><div class="soldout prod-grid-sold-out-lang"></div></div><div class="product_grid_cont_heading">Reebok Tri-Fold Fitness Mat - Cyan</div><div class="product_grid_cont_price_outer"><div class="product_price no-float"><span class="originalprice no-display">Rs 3999</span>  Rs 3999</div></div><div class="cod-ico"><label class="lang">Cash on Delivery Available</label></div></a>
<a categoryid="159" class="hit-ss-logger" href="http://www.snapdeal.com/product/reebok-yoga-strap-magenta/1361687?pos=70;80" ispartialsearch="false" pogid="1361687" pos="70;80" v="p"><div alt="Reebok Yoga Strap - Magenta" atl="Reebok Yoga Strap - Magenta" class="product-image"><img border="0" class="" lazysrc="http://n3.sdlcdn.com/imgs/a/b/l/166x194/SDL847654202_1367566854_image1-0893c.jpg" src="http://n3.sdlcdn.com/imgs/a/b/l/166x194/SDL847654202_1367566854_image1-0893c.jpg" style="opacity: 1; "/><div class="soldout prod-grid-sold-out-lang"></div></div><div class="product_grid_cont_heading">Reebok Yoga Strap - Magenta</div><div class="product_grid_cont_price_outer"><div class="product_price no-float"><span class="originalprice no-display">Rs 899</span>  Rs 899</div></div><div class="cod-ico"><label class="lang">Cash on Delivery Available</label></div></a>
<a categoryid="159" class="hit-ss-logger" href="http://www.snapdeal.com/product/reebok-yoga-strap-cyan/1361680?pos=71;80" ispartialsearch="false" pogid="1361680" pos="71;80" v="p"><div alt="Reebok Yoga Strap - Cyan" atl="Reebok Yoga Strap - Cyan" class="product-image"><img border="0" class="" lazysrc="http://n2.sdlcdn.com/imgs/a/b/l/166x194/SDL847594135_1367566848_image1-4dc7a.jpg" src="http://n2.sdlcdn.com/imgs/a/b/l/166x194/SDL847594135_1367566848_image1-4dc7a.jpg" style="opacity: 1; "/><div class="soldout prod-grid-sold-out-lang"></div></div><div class="product_grid_cont_heading">Reebok Yoga Strap - Cyan</div><div class="product_grid_cont_price_outer"><div class="product_price no-float"><span class="originalprice no-display">Rs 899</span>  Rs 899</div></div><div class="cod-ico"><label class="lang">Cash on Delivery Available</label></div></a>
<a categoryid="159" class="hit-ss-logger" href="http://www.snapdeal.com/product/domyos-df-900-fitness-mats/151702?pos=72;80" ispartialsearch="false" pogid="151702" pos="72;80" v="p"><div alt="Domyos Df 900 Fitness Mats Black 2728329" atl="Domyos Df 900 Fitness Mats Black 2728329" class="product-image"><img border="0" class="" lazysrc="http://n1.sdlcdn.com/imgs/a/a/0/166x194/953203_Domyos_Three6_M_1_2x-045c2.jpg" src="http://n1.sdlcdn.com/imgs/a/a/0/166x194/953203_Domyos_Three6_M_1_2x-045c2.jpg" style="opacity: 1; "/><div class="soldout prod-grid-sold-out-lang"></div></div><div class="product_grid_cont_heading">Domyos Df 900 Fitness Mats Black 2728329</div><div class="ratingStarsSmall ratingStarsBelowTitle" style="background-position: 0px -180px;"><span> (5) </span></div><div class="product_grid_cont_price_outer"><div class="product_price "><span class="originalprice ">Rs 999</span>  Rs 875</div><div class="product_discount_outer"><div class="product_discount">12%</div></div></div><div class="cod-ico"><label class="lang">Cash on Delivery Available</label></div></a>
<a categoryid="159" class="hit-ss-logger" href="http://www.snapdeal.com/product/tunturi-protection-mat-100-70/1462547?pos=73;80" ispartialsearch="false" pogid="1462547" pos="73;80" v="p"><div alt="Tunturi Protection Mat 100 * 70" atl="Tunturi Protection Mat 100 * 70" class="product-image"><img border="0" class="" lazysrc="http://n2.sdlcdn.com/imgs/a/d/h/166x194/SDL505354541_1371463923_image1-4afe8.jpg" src="http://n2.sdlcdn.com/imgs/a/d/h/166x194/SDL505354541_1371463923_image1-4afe8.jpg" style="opacity: 1; "/><div class="soldout prod-grid-sold-out-lang"></div></div><div class="product_grid_cont_heading">Tunturi Protection Mat 100 * 70</div><div class="product_grid_cont_price_outer"><div class="product_price no-float"><span class="originalprice no-display">Rs 1820</span>  Rs 1820</div></div><div class="cod-ico"><label class="lang">Cash on Delivery Available</label></div></a>
<a categoryid="159" class="hit-ss-logger" href="http://www.snapdeal.com/product/tunturi-protection-mat-200-95/1462546?pos=74;80" ispartialsearch="false" pogid="1462546" pos="74;80" v="p"><div alt="Tunturi Protection Mat 200* 95" atl="Tunturi Protection Mat 200* 95" class="product-image"><img border="0" class="" lazysrc="http://n2.sdlcdn.com/imgs/a/d/h/166x194/SDL506095155_1371463925_image1-bda98.jpg" src="http://n2.sdlcdn.com/imgs/a/d/h/166x194/SDL506095155_1371463925_image1-bda98.jpg" style="opacity: 1; "/><div class="soldout prod-grid-sold-out-lang"></div></div><div class="product_grid_cont_heading">Tunturi Protection Mat 200* 95</div><div class="product_grid_cont_price_outer"><div class="product_price no-float"><span class="originalprice no-display">Rs 3450</span>  Rs 3450</div></div><div class="cod-ico"><label class="lang">Cash on Delivery Available</label></div></a>
<a categoryid="159" class="hit-ss-logger" href="http://www.snapdeal.com/product/tunturi-protection-mat-160-87/1462545?pos=75;80" ispartialsearch="false" pogid="1462545" pos="75;80" v="p"><div alt="Tunturi Protection Mat 160 * 87" atl="Tunturi Protection Mat 160 * 87" class="product-image"><img border="0" class="" lazysrc="http://n2.sdlcdn.com/imgs/a/d/h/166x194/SDL505538568_1371463924_image1-33dfd.jpg" src="http://n2.sdlcdn.com/imgs/a/d/h/166x194/SDL505538568_1371463924_image1-33dfd.jpg" style="opacity: 1; "/><div class="soldout prod-grid-sold-out-lang"></div></div><div class="product_grid_cont_heading">Tunturi Protection Mat 160 * 87</div><div class="product_grid_cont_price_outer"><div class="product_price no-float"><span class="originalprice no-display">Rs 2700</span>  Rs 2700</div></div><div class="cod-ico"><label class="lang">Cash on Delivery Available</label></div></a>
<a categoryid="159" class="hit-ss-logger" href="http://www.snapdeal.com/product/domyos-np-890-fitness-mat/152086?pos=76;80" ispartialsearch="false" pogid="152086" pos="76;80" v="p"><div alt="Domyos Np 890 Fitness Mat 8113181" atl="Domyos Np 890 Fitness Mat 8113181" class="product-image"><img border="0" class="" lazysrc="http://n3.sdlcdn.com/imgs/a/a/0/166x194/1162996_Domyos_Three6_M_1_2x-3c58a.jpg" src="http://n3.sdlcdn.com/imgs/a/a/0/166x194/1162996_Domyos_Three6_M_1_2x-3c58a.jpg" style="opacity: 1; "/><div class="soldout prod-grid-sold-out-lang"></div></div><div class="product_grid_cont_heading">Domyos Np 890 Fitness Mat 8113181</div><div class="product_grid_cont_price_outer"><div class="product_price "><span class="originalprice ">Rs 2999</span>  Rs 2982</div><div class="product_discount_outer"><div class="product_discount">1%</div></div></div><div class="cod-ico"><label class="lang">Cash on Delivery Available</label></div></a>
<a categoryid="159" class="hit-ss-logger" href="http://www.snapdeal.com/product/fitness-world-exercise-mat/1260398?pos=77;80" ispartialsearch="false" pogid="1260398" pos="77;80" v="p"><div alt="Fitness World  Exercise Mat" atl="Fitness World  Exercise Mat" class="product-image"><img border="0" class="" lazysrc="http://n2.sdlcdn.com/imgs/a/b/h/166x194/SDL453251490_1366290993_image1-b8b7e.jpg" src="http://n2.sdlcdn.com/imgs/a/b/h/166x194/SDL453251490_1366290993_image1-b8b7e.jpg" style="opacity: 1; "/><div class="soldout prod-grid-sold-out-lang"></div></div><div class="product_grid_cont_heading">Fitness World  Exercise Mat</div><div class="product_grid_cont_price_outer"><div class="product_price "><span class="originalprice ">Rs 3920</span>  Rs 3194</div><div class="product_discount_outer"><div class="product_discount">19%</div></div></div><div class="cod-ico"><label class="lang">Cash on Delivery Available</label></div></a>
<a categoryid="159" class="hit-ss-logger" href="http://www.snapdeal.com/product/stag-yoga-mat/102877?pos=78;80" ispartialsearch="false" pogid="102877" pos="78;80" v="p"><div alt="Stag YOGA MAT" atl="Stag YOGA MAT" class="product-image"><img border="0" class="" lazysrc="http://n3.sdlcdn.com/imgs/a/a/5/166x194/stag_8406610001727_STAG_STAG_M_1_2x-f7db7.jpg" src="http://n3.sdlcdn.com/imgs/a/a/5/166x194/stag_8406610001727_STAG_STAG_M_1_2x-f7db7.jpg" style="opacity: 1; "/><div class="soldout prod-grid-sold-out-lang"></div></div><div class="product_grid_cont_heading">Stag YOGA MAT</div><div class="product_grid_cont_price_outer"><div class="product_price no-float"><span class="originalprice no-display">Rs 1400</span>  Rs 1400</div></div><div class="cod-ico"><label class="lang">Cash on Delivery Available</label></div></a>
<a categoryid="159" class="hit-ss-logger" href="http://www.snapdeal.com/product/StagPUZZLE/102960?pos=79;80" ispartialsearch="false" pogid="102960" pos="79;80" v="p"><div alt="Stag PUZZLE MAT 1MTR. X1MTR. X 30MM" atl="Stag PUZZLE MAT 1MTR. X1MTR. X 30MM" class="product-image"><img border="0" class="" lazysrc="http://n1.sdlcdn.com/imgs/a/a/5/166x194/8406610001741_STAG_STAG_M_1_2X-4ba8e.jpg" src="http://n1.sdlcdn.com/imgs/a/a/5/166x194/8406610001741_STAG_STAG_M_1_2X-4ba8e.jpg" style="opacity: 1; "/><div class="soldout prod-grid-sold-out-lang"></div></div><div class="product_grid_cont_heading">Stag PUZZLE MAT 1MTR. X1MTR. X 30MM</div><div class="product_grid_cont_price_outer"><div class="product_price "><span class="originalprice ">Rs 1900</span>  Rs 1857</div><div class="product_discount_outer"><div class="product_discount">2%</div></div></div><div class="cod-ico"><label class="lang">Cash on Delivery Available</label></div></a>
