<a categoryid="768" class="hit-ss-logger" href="http://www.snapdeal.com/product/omron-nebulizer-ne-c802/1180357?pos=0;75" ispartialsearch="false" pogid="1180357" pos="0;75" v="p">
<div atl="Omron Nebulizer NE C802" class="product-image">
<img border="0" class="" src="http://n3.sdlcdn.com/imgs/a/d/2/166x194/SDL400015582_1365147896_image1-2b5bf.jpg" style="opacity: 1; "/>
<div class="shippingImage tooltip">
<span class="box">
<span class="arw"></span>
<label class="dispatched-one-day-lang">Dispatched in 1 business day</label>
</span>
</div>
</div>
<div class="product_grid_cont_heading">
				Omron Nebulizer NE C802</div>
<div class="ratingStarsSmall ratingStarsBelowTitle" pos="4.3" style="background-position: 0px -162px; "><span>(21)</span></div>
<script type="text/javascript">
						var ratingState = true;
					</script>
<div class="product_grid_cont_price_outer">
<div class="product_price ">
<span class="originalprice ">Rs
									1980</span> Rs 1406
							</div>
<div class="product_discount_outer ">
<div class="product_discount">
									29%
								</div>
</div>
</div>
<div class="cod-ico"><label class="lang">Cash on Delivery Available</label></div>
</a>
<a categoryid="768" class="hit-ss-logger" href="http://www.snapdeal.com/product/scube-multipurpose-vaporizer/1609130926?pos=1;75" ispartialsearch="false" pogid="1609130926" pos="1;75" v="p">
<div atl="Scube Multipurpose  Vaporizer" class="product-image">
<img border="0" class="" src="http://n4.sdlcdn.com/imgs/a/g/g/166x194/SDL931509151_1386311940_image1-91946.jpg" style="opacity: 1; "/>
</div>
<div class="product_grid_cont_heading">
				Scube Multipurpose  Vaporizer</div>
<div class="ratingStarsSmall ratingStarsBelowTitle" pos="3.0" style="background-position: 0px -108px; "><span>(8)</span></div>
<script type="text/javascript">
						var ratingState = true;
					</script>
<div class="product_grid_cont_price_outer">
<div class="product_price ">
<span class="originalprice ">Rs
									599</span> Rs 158
							</div>
<div class="product_discount_outer ">
<div class="product_discount">
									74%
								</div>
</div>
</div>
<div class="cod-ico"><label class="lang">Cash on Delivery Available</label></div>
</a>
<a categoryid="768" class="hit-ss-logger" href="http://www.snapdeal.com/product/dr-morepen-steamervaporizer-vp-02/633147?pos=2;75" ispartialsearch="false" pogid="633147" pos="2;75" v="p">
<div atl="Dr. Morepen Steamer/Vaporizer (VP 02) &amp; Hot Water Bottle Combo" class="product-image">
<img border="0" class="" src="http://i1.sdlcdn.com/img/product/main/166x194/EHL_MORENEW25_M_1_2x.jpg" style="opacity: 1; "/>
</div>
<div class="product_grid_cont_heading">
				Dr. Morepen Steamer/Vaporizer (VP 02) &amp; Hot Water Bottle Combo</div>
<div class="ratingStarsSmall ratingStarsBelowTitle" pos="4.0" style="background-position: 0px -144px; "><span>(29)</span></div>
<script type="text/javascript">
						var ratingState = true;
					</script>
<div class="product_grid_cont_price_outer">
<div class="product_price ">
<span class="originalprice ">Rs
									770</span> Rs 468
							</div>
<div class="product_discount_outer ">
<div class="product_discount">
									39%
								</div>
</div>
</div>
<div class="cod-ico"><label class="lang">Cash on Delivery Available</label></div>
</a>
<a categoryid="768" class="hit-ss-logger" href="http://www.snapdeal.com/product/elda-steamer-3in1-inhaler-facial/384457946?pos=3;75" ispartialsearch="false" pogid="384457946" pos="3;75" v="p">
<div atl="Elda Steamer 3-IN-1 Inhaler Facial Sauna Vaporizer" class="product-image">
<img border="0" class="" src="http://n2.sdlcdn.com/imgs/a/g/s/166x194/SDL184820185_1389184426_image1-66a5f.jpg" style="opacity: 1; "/>
<div class="shippingImage tooltip">
<span class="box">
<span class="arw"></span>
<label class="dispatched-one-day-lang">Dispatched in 1 business day</label>
</span>
</div>
</div>
<div class="product_grid_cont_heading">
				Elda Steamer 3-IN-1 Inhaler Facial Sauna Vaporizer</div>
<div class="ratingStarsSmall ratingStarsBelowTitle" pos="5.0" style="background-position: 0px -180px; "><span>(1)</span></div>
<script type="text/javascript">
						var ratingState = true;
					</script>
<div class="product_grid_cont_price_outer">
<div class="product_price ">
<span class="originalprice ">Rs
									330</span> Rs 249
							</div>
<div class="product_discount_outer ">
<div class="product_discount">
									25%
								</div>
</div>
</div>
<div class="cod-ico"><label class="lang">Cash on Delivery Available</label></div>
</a>
<a categoryid="768" class="hit-ss-logger" href="http://www.snapdeal.com/product/omron-nebulizer-nec25/146768?pos=4;75" ispartialsearch="false" pogid="146768" pos="4;75" v="p">
<div atl="Omron Nebulizer (NE-C25)" class="product-image">
<img border="0" class="" src="http://i3.sdlcdn.com/img/product/main/166x194/NEBULIZERS_NE_C25_M_1_2x.jpg" style="opacity: 1; "/>
</div>
<div class="product_grid_cont_heading">
				Omron Nebulizer (NE-C25)</div>
<div class="ratingStarsSmall ratingStarsBelowTitle" pos="4.5" style="background-position: 0px -162px; "><span>(75)</span></div>
<script type="text/javascript">
						var ratingState = true;
					</script>
<div class="product_grid_cont_price_outer">
<div class="product_price ">
<span class="originalprice ">Rs
									2250</span> Rs 1453
							</div>
<div class="product_discount_outer ">
<div class="product_discount">
									35%
								</div>
</div>
</div>
<div class="cod-ico"><label class="lang">Cash on Delivery Available</label></div>
</a>
<a categoryid="768" class="hit-ss-logger" href="http://www.snapdeal.com/product/vaporizer-v108/680045?pos=5;75" ispartialsearch="false" pogid="680045" pos="5;75" v="p">
<div atl="Vaporizer V108" class="product-image">
<img border="0" class="" src="http://n4.sdlcdn.com/imgs/a/a/b/166x194/SDL231046962_1362050533_image1-508f6.jpg" style="opacity: 1; "/>
</div>
<div class="product_grid_cont_heading">
				Vaporizer V108</div>
<div class="ratingStarsSmall ratingStarsBelowTitle" pos="4.2" style="background-position: 0px -162px; "><span>(5)</span></div>
<script type="text/javascript">
						var ratingState = true;
					</script>
<div class="product_grid_cont_price_outer">
<div class="product_price ">
<span class="originalprice ">Rs
									1150</span> Rs 1019
							</div>
<div class="product_discount_outer ">
<div class="product_discount">
									11%
								</div>
</div>
</div>
<div class="cod-ico"><label class="lang">Cash on Delivery Available</label></div>
</a>
<a categoryid="768" class="hit-ss-logger" href="http://www.snapdeal.com/product/scube-heating-pad-vaporizer-combo/1472512849?pos=6;75" ispartialsearch="false" pogid="1472512849" pos="6;75" v="p">
<div atl="Scube Heating Pad &amp; Vaporizer - Combo Offer" class="product-image">
<img border="0" class="" src="http://n4.sdlcdn.com/imgs/a/g/l/166x194/dod_3P_M_1_2x-be42b.jpg" style="opacity: 1; "/>
</div>
<div class="product_grid_cont_heading">
				Scube Heating Pad &amp; Vaporizer - Combo Offer</div>
<div class="ratingStarsSmall ratingStarsBelowTitle" pos="2.6" style="background-position: 0px -90px; "><span>(86)</span></div>
<script type="text/javascript">
						var ratingState = true;
					</script>
<div class="product_grid_cont_price_outer">
<div class="product_price ">
<span class="originalprice ">Rs
									749</span> Rs 328
							</div>
<div class="product_discount_outer ">
<div class="product_discount">
									56%
								</div>
</div>
</div>
<div class="freebie-ico"><label class="freebie-lang">Freebie</label></div>
<div class="cod-ico"><label class="lang">Cash on Delivery Available</label></div>
</a>
<a categoryid="768" class="hit-ss-logger" href="http://www.snapdeal.com/product/equinox-steam-vaporizer/581562?pos=7;75" ispartialsearch="false" pogid="581562" pos="7;75" v="p">
<div atl="Equinox Steam Vaporizer" class="product-image">
<img border="0" class="" src="http://n4.sdlcdn.com/imgs/a/a/e/166x194/EHL_EQSTEAM1_M_1_2x-9e42f.jpg" style="opacity: 1; "/>
<div class="shippingImage tooltip">
<span class="box">
<span class="arw"></span>
<label class="dispatched-one-day-lang">Dispatched in 1 business day</label>
</span>
</div>
</div>
<div class="product_grid_cont_heading">
				Equinox Steam Vaporizer</div>
<div class="ratingStarsSmall ratingStarsBelowTitle" pos="3.0" style="background-position: 0px -108px; "><span>(73)</span></div>
<script type="text/javascript">
						var ratingState = true;
					</script>
<div class="product_grid_cont_price_outer">
<div class="product_price ">
<span class="originalprice ">Rs
									450</span> Rs 240
							</div>
<div class="product_discount_outer ">
<div class="product_discount">
									47%
								</div>
</div>
</div>
<div class="cod-ico"><label class="lang">Cash on Delivery Available</label></div>
</a>
<a categoryid="768" class="hit-ss-logger" href="http://www.snapdeal.com/product/rossmax-nebulizer-na100/600204?pos=8;75" ispartialsearch="false" pogid="600204" pos="8;75" v="p">
<div atl="Rossmax Nebulizer  - NA100" class="product-image">
<img border="0" class="" src="http://n4.sdlcdn.com/imgs/a/a/f/166x194/San_Ross_18San_Ross_M_1_2x-0f8f6.jpg" style="opacity: 1; "/>
</div>
<div class="product_grid_cont_heading">
				Rossmax Nebulizer  - NA100</div>
<div class="ratingStarsSmall ratingStarsBelowTitle" pos="4.8" style="background-position: 0px -180px; "><span>(11)</span></div>
<script type="text/javascript">
						var ratingState = true;
					</script>
<div class="product_grid_cont_price_outer">
<div class="product_price ">
<span class="originalprice ">Rs
									2500</span> Rs 1580
							</div>
<div class="product_discount_outer ">
<div class="product_discount">
									37%
								</div>
</div>
</div>
<div class="cod-ico"><label class="lang">Cash on Delivery Available</label></div>
</a>
<a categoryid="768" class="hit-ss-logger" href="http://www.snapdeal.com/product/romsons-respirometer-spirometer-mediciser/609650?pos=9;75" ispartialsearch="false" pogid="609650" pos="9;75" v="p">
<div atl="Romsons Respirometer / Spirometer / Mediciser" class="product-image">
<img border="0" class="" src="http://n3.sdlcdn.com/imgs/a/a/g/166x194/Sun_Medi_037_M_1_2x-3681a.jpg" style="opacity: 1; "/>
<div class="shippingImage tooltip">
<span class="box">
<span class="arw"></span>
<label class="dispatched-one-day-lang">Dispatched in 1 business day</label>
</span>
</div>
</div>
<div class="product_grid_cont_heading">
				Romsons Respirometer / Spirometer / Mediciser</div>
<div class="ratingStarsSmall ratingStarsBelowTitle" pos="4.7" style="background-position: 0px -162px; "><span>(6)</span></div>
<script type="text/javascript">
						var ratingState = true;
					</script>
<div class="product_grid_cont_price_outer">
<div class="product_price ">
<span class="originalprice ">Rs
									315</span> Rs 239
							</div>
<div class="product_discount_outer ">
<div class="product_discount">
									24%
								</div>
</div>
</div>
<div class="cod-ico"><label class="lang">Cash on Delivery Available</label></div>
</a>
<a categoryid="768" class="hit-ss-logger" href="http://www.snapdeal.com/product/omron-nebulizer-nec28/146775?pos=10;75" ispartialsearch="false" pogid="146775" pos="10;75" v="p">
<div atl="Omron Nebulizer (NE-C28)" class="product-image">
<img border="0" class="" src="http://n3.sdlcdn.com/imgs/a/a/z/166x194/NEBULIZERS_NE_C28_M_1_2x-7b53c.jpg" style="opacity: 1; "/>
</div>
<div class="product_grid_cont_heading">
				Omron Nebulizer (NE-C28)</div>
<div class="ratingStarsSmall ratingStarsBelowTitle" pos="4.4" style="background-position: 0px -162px; "><span>(9)</span></div>
<script type="text/javascript">
						var ratingState = true;
					</script>
<div class="product_grid_cont_price_outer">
<div class="product_price ">
<span class="originalprice ">Rs
									2700</span> Rs 1799
							</div>
<div class="product_discount_outer ">
<div class="product_discount">
									33%
								</div>
</div>
</div>
<div class="cod-ico"><label class="lang">Cash on Delivery Available</label></div>
</a>
<a categoryid="768" class="hit-ss-logger" href="http://www.snapdeal.com/product/dr-morepen-vaporiser-vp-01/595098?pos=11;75" ispartialsearch="false" pogid="595098" pos="11;75" v="p">
<div atl="Dr Morepen Vaporiser VP 01" class="product-image">
<img border="0" class="" src="http://i4.sdlcdn.com/img/product/main/166x194/Tech_eye_033_M_1_2x.jpg" style="opacity: 1; "/>
</div>
<div class="product_grid_cont_heading">
				Dr Morepen Vaporiser VP 01</div>
<div class="ratingStarsSmall ratingStarsBelowTitle" pos="3.3" style="background-position: 0px -126px; "><span>(23)</span></div>
<script type="text/javascript">
						var ratingState = true;
					</script>
<div class="product_grid_cont_price_outer">
<div class="product_price ">
<span class="originalprice ">Rs
									475</span> Rs 245
							</div>
<div class="product_discount_outer ">
<div class="product_discount">
									48%
								</div>
</div>
</div>
<div class="cod-ico"><label class="lang">Cash on Delivery Available</label></div>
</a>
<a categoryid="768" class="hit-ss-logger" href="http://www.snapdeal.com/product/rossmax-grey-rossmax-nebulizer-piston/680041?pos=12;75" ispartialsearch="false" pogid="680041" pos="12;75" v="p">
<div atl="Rossmax Grey Rossmax Nebulizer - Piston Type (NA100)" class="product-image">
<img border="0" class="" src="http://n1.sdlcdn.com/imgs/a/a/b/166x194/SDL392222668_1362050525_image1-43f36.jpg" style="opacity: 1; "/>
</div>
<div class="product_grid_cont_heading">
				Rossmax Grey Rossmax Nebulizer - Piston Type (NA100)</div>
<div class="ratingStarsSmall ratingStarsBelowTitle" pos="4.2" style="background-position: 0px -162px; "><span>(5)</span></div>
<script type="text/javascript">
						var ratingState = true;
					</script>
<div class="product_grid_cont_price_outer">
<div class="product_price ">
<span class="originalprice ">Rs
									3600</span> Rs 1450
							</div>
<div class="product_discount_outer ">
<div class="product_discount">
									60%
								</div>
</div>
</div>
<div class="cod-ico"><label class="lang">Cash on Delivery Available</label></div>
</a>
<a categoryid="768" class="hit-ss-logger" href="http://www.snapdeal.com/product/scube-combo-of-hot-water/917746806?pos=13;75" ispartialsearch="false" pogid="917746806" pos="13;75" v="p">
<div atl="Scube Combo of Hot Water Bottle &amp; Vaporizer" class="product-image">
<img border="0" class="" src="http://n3.sdlcdn.com/imgs/a/g/g/166x194/SDL931166617_1386311942_image1-815f2.jpg" style="opacity: 1; "/>
<div class="shippingImage tooltip">
<span class="box">
<span class="arw"></span>
<label class="dispatched-one-day-lang">Dispatched in 1 business day</label>
</span>
</div>
</div>
<div class="product_grid_cont_heading">
				Scube Combo of Hot Water Bottle &amp; Vaporizer</div>
<div class="ratingStarsSmall ratingStarsBelowTitle" pos="1.8" style="background-position: 0px -72px; "><span>(4)</span></div>
<script type="text/javascript">
						var ratingState = true;
					</script>
<div class="product_grid_cont_price_outer">
<div class="product_price ">
<span class="originalprice ">Rs
									499</span> Rs 316
							</div>
<div class="product_discount_outer ">
<div class="product_discount">
									37%
								</div>
</div>
</div>
<div class="cod-ico"><label class="lang">Cash on Delivery Available</label></div>
</a>
<a categoryid="768" class="hit-ss-logger" href="http://www.snapdeal.com/product/ozomax-compact-vaporizer/749052382?pos=14;75" ispartialsearch="false" pogid="749052382" pos="14;75" v="p">
<div atl="Ozomax Compact Vaporizer" class="product-image">
<img border="0" class="" src="http://n4.sdlcdn.com/imgs/a/g/e/166x194/SDL477163872_1385981294_image1-331c2.jpg" style="opacity: 1; "/>
</div>
<div class="product_grid_cont_heading">
				Ozomax Compact Vaporizer</div>
<div class="ratingStarsSmall ratingStarsBelowTitle" pos="4.0" style="background-position: 0px -144px; "><span>(1)</span></div>
<script type="text/javascript">
						var ratingState = true;
					</script>
<div class="product_grid_cont_price_outer">
<div class="product_price no-float">
<span class="originalprice no-display">Rs
									225</span> Rs 225
							</div>
<div class="product_discount_outer no-display">
<div class="product_discount">
									0%
								</div>
</div>
</div>
<div class="cod-ico"><label class="lang">Cash on Delivery Available</label></div>
</a>
<a categoryid="768" class="hit-ss-logger" href="http://www.snapdeal.com/product/san-surgicals-nebulizer-handy-neb/1005991296?pos=15;75" ispartialsearch="false" pogid="1005991296" pos="15;75" v="p">
<div atl="San Surgicals Nebulizer Handy Neb" class="product-image">
<img border="0" class="" src="http://n1.sdlcdn.com/imgs/a/c/5/166x194/SDL375790500_1374841329_image1-06ec2.jpg" style="opacity: 1; "/>
</div>
<div class="product_grid_cont_heading">
				San Surgicals Nebulizer Handy Neb</div>
<div class="product_grid_cont_price_outer">
<div class="product_price ">
<span class="originalprice ">Rs
									1700</span> Rs 1237
							</div>
<div class="product_discount_outer ">
<div class="product_discount">
									27%
								</div>
</div>
</div>
<div class="cod-ico"><label class="lang">Cash on Delivery Available</label></div>
</a>
<a categoryid="768" class="hit-ss-logger" href="http://www.snapdeal.com/product/equinox-steam-vaporizer-hot-water/631508?pos=16;75" ispartialsearch="false" pogid="631508" pos="16;75" v="p">
<div atl="Equinox Steam Vaporizer &amp; Hot Water Bottle Combo" class="product-image">
<img border="0" class="" src="http://n4.sdlcdn.com/imgs/a/a/h/166x194/EHL_equinoxcm2_M_1_2x-b3bb8.jpg" style="opacity: 1; "/>
</div>
<div class="product_grid_cont_heading">
				Equinox Steam Vaporizer &amp; Hot Water Bottle Combo</div>
<div class="ratingStarsSmall ratingStarsBelowTitle" pos="3.7" style="background-position: 0px -126px; "><span>(12)</span></div>
<script type="text/javascript">
						var ratingState = true;
					</script>
<div class="product_grid_cont_price_outer">
<div class="product_price ">
<span class="originalprice ">Rs
									775</span> Rs 439
							</div>
<div class="product_discount_outer ">
<div class="product_discount">
									43%
								</div>
</div>
</div>
<div class="cod-ico"><label class="lang">Cash on Delivery Available</label></div>
</a>
<a categoryid="768" class="hit-ss-logger" href="http://www.snapdeal.com/product/dr-morepen-cn-01-nebuliser/595097?pos=17;75" ispartialsearch="false" pogid="595097" pos="17;75" v="p">
<div atl="Dr Morepen CN 01 Nebuliser" class="product-image">
<img border="0" class="" src="http://i1.sdlcdn.com/img/product/main/166x194/Tech_eye_007_M_1_2x.jpg" style="opacity: 1; "/>
</div>
<div class="product_grid_cont_heading">
				Dr Morepen CN 01 Nebuliser</div>
<div class="ratingStarsSmall ratingStarsBelowTitle" pos="4.1" style="background-position: 0px -144px; "><span>(9)</span></div>
<script type="text/javascript">
						var ratingState = true;
					</script>
<div class="product_grid_cont_price_outer">
<div class="product_price ">
<span class="originalprice ">Rs
									2950</span> Rs 1859
							</div>
<div class="product_discount_outer ">
<div class="product_discount">
									37%
								</div>
</div>
</div>
<div class="cod-ico"><label class="lang">Cash on Delivery Available</label></div>
</a>
<a categoryid="768" class="hit-ss-logger" href="http://www.snapdeal.com/product/san-surgicals-nebulizer-kit-adult/448890466?pos=18;75" ispartialsearch="false" pogid="448890466" pos="18;75" v="p">
<div atl="San Surgicals Nebulizer Kit Adult" class="product-image">
<img border="0" class="" src="http://n4.sdlcdn.com/imgs/a/c/5/166x194/SDL375510038_1374841342_image1-5bffe.jpg" style="opacity: 1; "/>
</div>
<div class="product_grid_cont_heading">
				San Surgicals Nebulizer Kit Adult</div>
<div class="ratingStarsSmall ratingStarsBelowTitle" pos="5.0" style="background-position: 0px -180px; "><span>(1)</span></div>
<script type="text/javascript">
						var ratingState = true;
					</script>
<div class="product_grid_cont_price_outer">
<div class="product_price ">
<span class="originalprice ">Rs
									175</span> Rs 165
							</div>
<div class="product_discount_outer ">
<div class="product_discount">
									6%
								</div>
</div>
</div>
<div class="cod-ico"><label class="lang">Cash on Delivery Available</label></div>
</a>
<a categoryid="768" class="hit-ss-logger" href="http://www.snapdeal.com/product/presens-medical-vaporizer-steam-inhaler/1354893?pos=19;75" ispartialsearch="false" pogid="1354893" pos="19;75" v="p">
<div atl="Presens Medical Vaporizer (Steam Inhaler)" class="product-image">
<img border="0" class="" src="http://n1.sdlcdn.com/imgs/a/b/k/166x194/SDL171628202_1367321189_image1-56950.jpg" style="opacity: 1; "/>
</div>
<div class="product_grid_cont_heading">
				Presens Medical Vaporizer (Steam Inhaler)</div>
<div class="ratingStarsSmall ratingStarsBelowTitle" pos="4.0" style="background-position: 0px -144px; "><span>(22)</span></div>
<script type="text/javascript">
						var ratingState = true;
					</script>
<div class="product_grid_cont_price_outer">
<div class="product_price ">
<span class="originalprice ">Rs
									1230</span> Rs 1046
							</div>
<div class="product_discount_outer ">
<div class="product_discount">
									15%
								</div>
</div>
</div>
<div class="cod-ico"><label class="lang">Cash on Delivery Available</label></div>
</a>
<a categoryid="318" class="hit-ss-logger" href="http://www.snapdeal.com/product/san-surgicals-nebulizer-kit-child/263628424?pos=20;75" ispartialsearch="false" pogid="263628424" pos="20;75" v="p"><div alt="San Surgicals Nebulizer Kit Child" atl="San Surgicals Nebulizer Kit Child" class="product-image"><img border="0" class="" lazysrc="http://n1.sdlcdn.com/imgs/a/c/5/166x194/SDL378389699_1374841327_image1-1e303.jpg" src="http://n1.sdlcdn.com/imgs/a/c/5/166x194/SDL378389699_1374841327_image1-1e303.jpg" style="opacity: 1; "/></div><div class="product_grid_cont_heading">San Surgicals Nebulizer Kit Child</div><div class="ratingStarsSmall ratingStarsBelowTitle" style="background-position: 0px -162px;"><span> (2) </span></div><div class="product_grid_cont_price_outer"><div class="product_price "><span class="originalprice ">Rs 175</span>  Rs 165</div><div class="product_discount_outer"><div class="product_discount">6%</div></div></div><div class="cod-ico"><label class="lang">Cash on Delivery Available</label></div></a>
<a categoryid="318" class="hit-ss-logger" href="http://www.snapdeal.com/product/thrive-facial-sauna/1876608825?pos=21;75" ispartialsearch="false" pogid="1876608825" pos="21;75" v="p"><div alt="Thrive Facial Sauna" atl="Thrive Facial Sauna" class="product-image"><img border="0" src="http://n2.sdlcdn.com/imgs/a/d/s/166x194/SDL093797428_1380092711_image1-4c514.jpg" style="opacity: 1; "/></div><div class="product_grid_cont_heading">Thrive Facial Sauna</div><div class="ratingStarsSmall ratingStarsBelowTitle" style="background-position: 0px -108px;"><span> (14) </span></div><div class="product_grid_cont_price_outer"><div class="product_price "><span class="originalprice ">Rs 450</span>  Rs 336</div><div class="product_discount_outer"><div class="product_discount">25%</div></div></div><div class="cod-ico"><label class="lang">Cash on Delivery Available</label></div></a>
<a categoryid="318" class="hit-ss-logger" href="http://www.snapdeal.com/product/equinox-steam-vaporizer-hot-water/631513?pos=22;75" ispartialsearch="false" pogid="631513" pos="22;75" v="p"><div alt="Equinox Steam Vaporizer &amp; Hot Water Bottle with Cover Combo" atl="Equinox Steam Vaporizer &amp; Hot Water Bottle with Cover Combo" class="product-image"><img border="0" class="" lazysrc="http://i3.sdlcdn.com/img/product/main/166x194/EHL_equinoxcm1_M_1_2x.jpg" src="http://i3.sdlcdn.com/img/product/main/166x194/EHL_equinoxcm1_M_1_2x.jpg" style="opacity: 1; "/></div><div class="product_grid_cont_heading">Equinox Steam Vaporizer &amp; Hot Water Bottle with Cover Combo</div><div class="ratingStarsSmall ratingStarsBelowTitle" style="background-position: 0px -108px;"><span> (11) </span></div><div class="product_grid_cont_price_outer"><div class="product_price "><span class="originalprice ">Rs 450</span>  Rs 400</div><div class="product_discount_outer"><div class="product_discount">11%</div></div></div><div class="cod-ico"><label class="lang">Cash on Delivery Available</label></div></a>
<a categoryid="318" class="hit-ss-logger" href="http://www.snapdeal.com/product/omron-nebulizer-for-infants-c801kd/146807?pos=23;75" ispartialsearch="false" pogid="146807" pos="23;75" v="p"><div alt="Omron Nebulizer for Infants (C-801KD)" atl="Omron Nebulizer for Infants (C-801KD)" class="product-image"><img border="0" class="" lazysrc="http://n3.sdlcdn.com/imgs/a/a/z/166x194/NEBULIZERS_OMC_801_M_1_2x_New-4b081.jpg" src="http://n3.sdlcdn.com/imgs/a/a/z/166x194/NEBULIZERS_OMC_801_M_1_2x_New-4b081.jpg" style="opacity: 1; "/><div class="shippingImage tooltip"><span class="box"><span class="arw"></span><label class="lang dispatched-one-day-lang">Dispatched in 1 business day</label></span></div></div><div class="product_grid_cont_heading">Omron Nebulizer for Infants (C-801KD)</div><div class="ratingStarsSmall ratingStarsBelowTitle" style="background-position: 0px -162px;"><span> (4) </span></div><div class="product_grid_cont_price_outer"><div class="product_price "><span class="originalprice ">Rs 3150</span>  Rs 1794</div><div class="product_discount_outer"><div class="product_discount">43%</div></div></div><div class="cod-ico"><label class="lang">Cash on Delivery Available</label></div></a>
<a categoryid="318" class="hit-ss-logger" href="http://www.snapdeal.com/product/dr-morepen-cn-06-nebuliser/595103?pos=24;75" ispartialsearch="false" pogid="595103" pos="24;75" v="p"><div alt="Dr Morepen CN 06 Nebuliser" atl="Dr Morepen CN 06 Nebuliser" class="product-image"><img border="0" class="" lazysrc="http://i3.sdlcdn.com/img/product/main/166x194/Tech_eye_009_M_1_2x.jpg" src="http://i3.sdlcdn.com/img/product/main/166x194/Tech_eye_009_M_1_2x.jpg" style="opacity: 1; "/></div><div class="product_grid_cont_heading">Dr Morepen CN 06 Nebuliser</div><div class="ratingStarsSmall ratingStarsBelowTitle" style="background-position: 0px -180px;"><span> (13) </span></div><div class="product_grid_cont_price_outer"><div class="product_price "><span class="originalprice ">Rs 2850</span>  Rs 1607</div><div class="product_discount_outer"><div class="product_discount">44%</div></div></div><div class="cod-ico"><label class="lang">Cash on Delivery Available</label></div></a>
<a categoryid="318" class="hit-ss-logger" href="http://www.snapdeal.com/product/console-mini-super-steamer/566016?pos=25;75" ispartialsearch="false" pogid="566016" pos="25;75" v="p"><div alt="Console Mini Super Steamer" atl="Console Mini Super Steamer" class="product-image"><img border="0" class="" lazysrc="http://n2.sdlcdn.com/imgs/a/a/e/166x194/Sun_Medi_011_M_1_2X-5f999.jpg" src="http://n2.sdlcdn.com/imgs/a/a/e/166x194/Sun_Medi_011_M_1_2X-5f999.jpg" style="opacity: 1; "/><div class="shippingImage tooltip"><span class="box"><span class="arw"></span><label class="lang dispatched-one-day-lang">Dispatched in 1 business day</label></span></div></div><div class="product_grid_cont_heading">Console Mini Super Steamer</div><div class="ratingStarsSmall ratingStarsBelowTitle" style="background-position: 0px -162px;"><span> (8) </span></div><div class="product_grid_cont_price_outer"><div class="product_price "><span class="originalprice ">Rs 415</span>  Rs 340</div><div class="product_discount_outer"><div class="product_discount">18%</div></div></div><div class="cod-ico"><label class="lang">Cash on Delivery Available</label></div></a>
<a categoryid="318" class="hit-ss-logger" href="http://www.snapdeal.com/product/healthy18-steam-inhaler-facial-sauna/1171397?pos=26;75" ispartialsearch="false" pogid="1171397" pos="26;75" v="p"><div alt="Healthy18 Steam Inhaler &amp; Facial Sauna Steam Vaporizer" atl="Healthy18 Steam Inhaler &amp; Facial Sauna Steam Vaporizer" class="product-image"><img border="0" class="" lazysrc="http://n2.sdlcdn.com/imgs/a/b/d/166x194/SDL135412424_1364290888_image1-d730d.jpg" src="http://n2.sdlcdn.com/imgs/a/b/d/166x194/SDL135412424_1364290888_image1-d730d.jpg" style="opacity: 1; "/></div><div class="product_grid_cont_heading">Healthy18 Steam Inhaler &amp; Facial Sauna Steam Vaporizer</div><div class="ratingStarsSmall ratingStarsBelowTitle" style="background-position: 0px -72px;"><span> (33) </span></div><div class="product_grid_cont_price_outer"><div class="product_price "><span class="originalprice ">Rs 425</span>  Rs 334</div><div class="product_discount_outer"><div class="product_discount">21%</div></div></div><div class="cod-ico"><label class="lang">Cash on Delivery Available</label></div></a>
<a categoryid="318" class="hit-ss-logger" href="http://www.snapdeal.com/product/srm-steam-inhalor-vaporizer-steamer/229193?pos=27;75" ispartialsearch="false" pogid="229193" pos="27;75" v="p"><div alt="SRM Steam Inhalor / Vaporizer / Steamer" atl="SRM Steam Inhalor / Vaporizer / Steamer" class="product-image"><img border="0" class="" lazysrc="http://i2.sdlcdn.com/img/product/main/166x194/EHL_S_1064_M_1_2X.jpg" src="http://i2.sdlcdn.com/img/product/main/166x194/EHL_S_1064_M_1_2X.jpg" style="opacity: 1; "/></div><div class="product_grid_cont_heading">SRM Steam Inhalor / Vaporizer / Steamer</div><div class="ratingStarsSmall ratingStarsBelowTitle" style="background-position: 0px -90px;"><span> (30) </span></div><div class="product_grid_cont_price_outer"><div class="product_price "><span class="originalprice ">Rs 455</span>  Rs 275</div><div class="product_discount_outer"><div class="product_discount">40%</div></div></div><div class="cod-ico"><label class="lang">Cash on Delivery Available</label></div></a>
<a categoryid="318" class="hit-ss-logger" href="http://www.snapdeal.com/product/omron-nebulizer-nec30/146767?pos=28;75" ispartialsearch="false" pogid="146767" pos="28;75" v="p"><div alt="Omron Nebulizer (NE-C30)" atl="Omron Nebulizer (NE-C30)" class="product-image"><img border="0" class="" lazysrc="http://n2.sdlcdn.com/imgs/a/e/y/166x194/NEBULIZERS_NE_C30_M_1_2xh-4c068.jpg" src="http://n2.sdlcdn.com/imgs/a/e/y/166x194/NEBULIZERS_NE_C30_M_1_2xh-4c068.jpg" style="opacity: 1; "/></div><div class="product_grid_cont_heading">Omron Nebulizer (NE-C30)</div><div class="product_grid_cont_price_outer"><div class="product_price "><span class="originalprice ">Rs 10000</span>  Rs 6201</div><div class="product_discount_outer"><div class="product_discount">38%</div></div></div><div class="cod-ico"><label class="lang">Cash on Delivery Available</label></div></a>
<a categoryid="318" class="hit-ss-logger" href="http://www.snapdeal.com/product/omron-c801-compressor-nebuliser/664205?pos=29;75" ispartialsearch="false" pogid="664205" pos="29;75" v="p"><div alt="Omron C801 Compressor Nebuliser" atl="Omron C801 Compressor Nebuliser" class="product-image"><img border="0" class="" lazysrc="http://n1.sdlcdn.com/imgs/a/a/j/166x194/Sherry_Omron_002_M_1_2x-81b0f.jpg" src="http://n1.sdlcdn.com/imgs/a/a/j/166x194/Sherry_Omron_002_M_1_2x-81b0f.jpg" style="opacity: 1; "/></div><div class="product_grid_cont_heading">Omron C801 Compressor Nebuliser</div><div class="product_grid_cont_price_outer"><div class="product_price "><span class="originalprice ">Rs 3300</span>  Rs 1850</div><div class="product_discount_outer"><div class="product_discount">44%</div></div></div><div class="cod-ico"><label class="lang">Cash on Delivery Available</label></div></a>
<a categoryid="318" class="hit-ss-logger" href="http://www.snapdeal.com/product/vkare-compact-piston-nebulizer/385046675?pos=30;75" ispartialsearch="false" pogid="385046675" pos="30;75" v="p"><div alt="Vkare Compact Piston Nebulizer" atl="Vkare Compact Piston Nebulizer" class="product-image"><img border="0" class="" lazysrc="http://n4.sdlcdn.com/imgs/a/g/1/166x194/SDL019170235_1390650269_image1-e5f0b.jpg" src="http://n4.sdlcdn.com/imgs/a/g/1/166x194/SDL019170235_1390650269_image1-e5f0b.jpg" style="opacity: 1; "/><div class="shippingImage tooltip"><span class="box"><span class="arw"></span><label class="lang dispatched-one-day-lang">Dispatched in 1 business day</label></span></div></div><div class="product_grid_cont_heading">Vkare Compact Piston Nebulizer</div><div class="product_grid_cont_price_outer"><div class="product_price "><span class="originalprice ">Rs 2400</span>  Rs 1684</div><div class="product_discount_outer"><div class="product_discount">30%</div></div></div></a>
<a categoryid="318" class="hit-ss-logger" href="http://www.snapdeal.com/product/romson-nebulizer/581573?pos=31;75" ispartialsearch="false" pogid="581573" pos="31;75" v="p"><div alt="Romson Nebulizer" atl="Romson Nebulizer" class="product-image"><img border="0" class="" lazysrc="http://i1.sdlcdn.com/img/product/main/166x194/EHL_ROM2_M_1_2x.jpg" src="http://i1.sdlcdn.com/img/product/main/166x194/EHL_ROM2_M_1_2x.jpg" style="opacity: 1; "/></div><div class="product_grid_cont_heading">Romson Nebulizer</div><div class="product_grid_cont_price_outer"><div class="product_price "><span class="originalprice ">Rs 3400</span>  Rs 1657</div><div class="product_discount_outer"><div class="product_discount">51%</div></div></div><div class="cod-ico"><label class="lang">Cash on Delivery Available</label></div></a>
<a categoryid="318" class="hit-ss-logger" href="http://www.snapdeal.com/product/tri-ball-respiratory-exerciser/680035?pos=32;75" ispartialsearch="false" pogid="680035" pos="32;75" v="p"><div alt="Tri Ball - Respiratory Exerciser" atl="Tri Ball - Respiratory Exerciser" class="product-image"><img border="0" class="" lazysrc="http://n2.sdlcdn.com/imgs/a/a/b/166x194/SDL367271632_1362050517_image1-85e61.jpg" src="http://n2.sdlcdn.com/imgs/a/a/b/166x194/SDL367271632_1362050517_image1-85e61.jpg" style="opacity: 1; "/></div><div class="product_grid_cont_heading">Tri Ball - Respiratory Exerciser</div><div class="ratingStarsSmall ratingStarsBelowTitle" style="background-position: 0px -180px;"><span> (1) </span></div><div class="product_grid_cont_price_outer"><div class="product_price "><span class="originalprice ">Rs 300</span>  Rs 258</div><div class="product_discount_outer"><div class="product_discount">14%</div></div></div><div class="cod-ico"><label class="lang">Cash on Delivery Available</label></div></a>
<a categoryid="318" class="hit-ss-logger" href="http://www.snapdeal.com/product/console-mini-steamer/566028?pos=33;75" ispartialsearch="false" pogid="566028" pos="33;75" v="p"><div alt="Console Mini Steamer" atl="Console Mini Steamer" class="product-image"><img border="0" class="" lazysrc="http://n4.sdlcdn.com/imgs/a/a/e/166x194/Sun_Medi_010_M_1_2X-08c20.jpg" src="http://n4.sdlcdn.com/imgs/a/a/e/166x194/Sun_Medi_010_M_1_2X-08c20.jpg" style="opacity: 1; "/></div><div class="product_grid_cont_heading">Console Mini Steamer</div><div class="ratingStarsSmall ratingStarsBelowTitle" style="background-position: 0px -162px;"><span> (3) </span></div><div class="product_grid_cont_price_outer"><div class="product_price "><span class="originalprice ">Rs 385</span>  Rs 329</div><div class="product_discount_outer"><div class="product_discount">15%</div></div></div><div class="cod-ico"><label class="lang">Cash on Delivery Available</label></div></a>
<a categoryid="318" class="hit-ss-logger" href="http://www.snapdeal.com/product/newnik-vapouriser/1874273118?pos=34;75" ispartialsearch="false" pogid="1874273118" pos="34;75" v="p"><div alt="Newnik Vapouriser" atl="Newnik Vapouriser" class="product-image"><img border="0" class="" lazysrc="http://n1.sdlcdn.com/imgs/a/g/x/166x194/SDL950636043_1390020614_image1-d9f28.jpg" src="http://n1.sdlcdn.com/imgs/a/g/x/166x194/SDL950636043_1390020614_image1-d9f28.jpg" style="opacity: 1; "/></div><div class="product_grid_cont_heading">Newnik Vapouriser</div><div class="ratingStarsSmall ratingStarsBelowTitle" style="background-position: 0px -144px;"><span> (4) </span></div><div class="product_grid_cont_price_outer"><div class="product_price "><span class="originalprice ">Rs 1150</span>  Rs 1015</div><div class="product_discount_outer"><div class="product_discount">12%</div></div></div></a>
<a categoryid="318" class="hit-ss-logger" href="http://www.snapdeal.com/product/niscomed-nebulizer/231195514?pos=35;75" ispartialsearch="false" pogid="231195514" pos="35;75" v="p"><div alt="Niscomed Nebulizer" atl="Niscomed Nebulizer" class="product-image"><img border="0" class="" lazysrc="http://n1.sdlcdn.com/imgs/a/g/r/166x194/SDL845050826_1389080989_image1-42e87.jpg" src="http://n1.sdlcdn.com/imgs/a/g/r/166x194/SDL845050826_1389080989_image1-42e87.jpg" style="opacity: 1; "/></div><div class="product_grid_cont_heading">Niscomed Nebulizer</div><div class="product_grid_cont_price_outer"><div class="product_price "><span class="originalprice ">Rs 2999</span>  Rs 1675</div><div class="product_discount_outer"><div class="product_discount">44%</div></div></div></a>
<a categoryid="318" class="hit-ss-logger" href="http://www.snapdeal.com/product/omron-nec801-kd-nebulizer/1389974?pos=36;75" ispartialsearch="false" pogid="1389974" pos="36;75" v="p"><div alt="Omron NEC-801 KD Nebulizer" atl="Omron NEC-801 KD Nebulizer" class="product-image"><img border="0" class="" lazysrc="http://n1.sdlcdn.com/imgs/a/b/n/166x194/SDL606795417_1369027206_image1-81fa3.jpg" src="http://n1.sdlcdn.com/imgs/a/b/n/166x194/SDL606795417_1369027206_image1-81fa3.jpg" style="opacity: 1; "/></div><div class="product_grid_cont_heading">Omron NEC-801 KD Nebulizer</div><div class="ratingStarsSmall ratingStarsBelowTitle" style="background-position: 0px -72px;"><span> (2) </span></div><div class="product_grid_cont_price_outer"><div class="product_price "><span class="originalprice ">Rs 3150</span>  Rs 1636</div><div class="product_discount_outer"><div class="product_discount">48%</div></div></div><div class="cod-ico"><label class="lang">Cash on Delivery Available</label></div></a>
<a categoryid="318" class="hit-ss-logger" href="http://www.snapdeal.com/product/omron-ultrasonic-nebulizer-neu17/1180366?pos=37;75" ispartialsearch="false" pogid="1180366" pos="37;75" v="p"><div alt="Omron Ultrasonic Nebulizer NE-U17" atl="Omron Ultrasonic Nebulizer NE-U17" class="product-image"><img border="0" class="" lazysrc="http://n4.sdlcdn.com/imgs/a/b/e/166x194/SDL397253151_1365147906_image1-eac01.jpg" src="http://n4.sdlcdn.com/imgs/a/b/e/166x194/SDL397253151_1365147906_image1-eac01.jpg" style="opacity: 1; "/></div><div class="product_grid_cont_heading">Omron Ultrasonic Nebulizer NE-U17</div><div class="product_grid_cont_price_outer"><div class="product_price "><span class="originalprice ">Rs 34000</span>  Rs 23999</div><div class="product_discount_outer"><div class="product_discount">29%</div></div></div><div class="cod-ico"><label class="lang">Cash on Delivery Available</label></div></a>
<a categoryid="318" class="hit-ss-logger" href="http://www.snapdeal.com/product/omron-ultrasonic-nebulizer-neu22/1180370?pos=38;75" ispartialsearch="false" pogid="1180370" pos="38;75" v="p"><div alt="Omron Ultrasonic Nebulizer NEU22" atl="Omron Ultrasonic Nebulizer NEU22" class="product-image"><img border="0" class="" lazysrc="http://n2.sdlcdn.com/imgs/a/b/e/166x194/SDL160772180_1365147917_image1-5b742.jpg" src="http://n2.sdlcdn.com/imgs/a/b/e/166x194/SDL160772180_1365147917_image1-5b742.jpg" style="opacity: 1; "/></div><div class="product_grid_cont_heading">Omron Ultrasonic Nebulizer NEU22</div><div class="ratingStarsSmall ratingStarsBelowTitle" style="background-position: 0px -180px;"><span> (2) </span></div><div class="product_grid_cont_price_outer"><div class="product_price "><span class="originalprice ">Rs 19000</span>  Rs 14899</div><div class="product_discount_outer"><div class="product_discount">22%</div></div></div><div class="cod-ico"><label class="lang">Cash on Delivery Available</label></div></a>
<a categoryid="318" class="hit-ss-logger" href="http://www.snapdeal.com/product/equinox-oxygen-concentrator/609680?pos=39;75" ispartialsearch="false" pogid="609680" pos="39;75" v="p"><div alt="Equinox Oxygen Concentrator" atl="Equinox Oxygen Concentrator" class="product-image"><img border="0" class="" lazysrc="http://n3.sdlcdn.com/imgs/a/a/g/166x194/Sun_Medi_036_M_1_2x-430b5.jpg" src="http://n3.sdlcdn.com/imgs/a/a/g/166x194/Sun_Medi_036_M_1_2x-430b5.jpg" style="opacity: 1; "/></div><div class="product_grid_cont_heading">Equinox Oxygen Concentrator</div><div class="product_grid_cont_price_outer"><div class="product_price "><span class="originalprice ">Rs 74000</span>  Rs 40888</div><div class="product_discount_outer"><div class="product_discount">45%</div></div></div><div class="cod-ico"><label class="lang">Cash on Delivery Available</label></div></a>
<a categoryid="318" class="hit-ss-logger" href="http://www.snapdeal.com/product/equinox-nebulizer-eq-nl-72/146774?pos=40;75" ispartialsearch="false" pogid="146774" pos="40;75" v="p"><div alt="Equinox Nebulizer (EQ - NL 72)" atl="Equinox Nebulizer (EQ - NL 72)" class="product-image"><img border="0" class="" lazysrc="http://n2.sdlcdn.com/imgs/a/a/z/166x194/NEBULIZERS_EQ_NL72_M_1_2x-f5722.jpg" src="http://n2.sdlcdn.com/imgs/a/a/z/166x194/NEBULIZERS_EQ_NL72_M_1_2x-f5722.jpg" style="opacity: 1; "/></div><div class="product_grid_cont_heading">Equinox Nebulizer (EQ - NL 72)</div><div class="ratingStarsSmall ratingStarsBelowTitle" style="background-position: 0px -36px;"><span> (1) </span></div><div class="product_grid_cont_price_outer"><div class="product_price "><span class="originalprice ">Rs 2100</span>  Rs 1350</div><div class="product_discount_outer"><div class="product_discount">36%</div></div></div><div class="cod-ico"><label class="lang">Cash on Delivery Available</label></div></a>
<a categoryid="318" class="hit-ss-logger" href="http://www.snapdeal.com/product/equinox-nebulizer-eq-nl-27/146773?pos=41;75" ispartialsearch="false" pogid="146773" pos="41;75" v="p"><div alt="Equinox Nebulizer (EQ - NL 27)" atl="Equinox Nebulizer (EQ - NL 27)" class="product-image"><img border="0" src="http://n2.sdlcdn.com/imgs/a/a/z/166x194/NEBULIZERS_EQ_NL27_M_1_2x-1303a.jpg" style="opacity: 1; "/></div><div class="product_grid_cont_heading">Equinox Nebulizer (EQ - NL 27)</div><div class="product_grid_cont_price_outer"><div class="product_price "><span class="originalprice ">Rs 2650</span>  Rs 1230</div><div class="product_discount_outer"><div class="product_discount">54%</div></div></div><div class="cod-ico"><label class="lang">Cash on Delivery Available</label></div></a>
<a categoryid="318" class="hit-ss-logger" href="http://www.snapdeal.com/product/dr-morepen-nebulizer-cn01/146770?pos=42;75" ispartialsearch="false" pogid="146770" pos="42;75" v="p"><div alt="Dr Morepen Nebulizer (CN01)" atl="Dr Morepen Nebulizer (CN01)" class="product-image"><img border="0" class="" lazysrc="http://n4.sdlcdn.com/imgs/a/a/z/166x194/NEBULIZERS_CN_01_M_1_2x-849a9.jpg" src="http://n4.sdlcdn.com/imgs/a/a/z/166x194/NEBULIZERS_CN_01_M_1_2x-849a9.jpg" style="opacity: 1; "/></div><div class="product_grid_cont_heading">Dr Morepen Nebulizer (CN01)</div><div class="ratingStarsSmall ratingStarsBelowTitle" style="background-position: 0px -144px;"><span> (1) </span></div><div class="product_grid_cont_price_outer"><div class="product_price "><span class="originalprice ">Rs 2950</span>  Rs 1915</div><div class="product_discount_outer"><div class="product_discount">35%</div></div></div><div class="cod-ico"><label class="lang">Cash on Delivery Available</label></div></a>
<a categoryid="318" class="hit-ss-logger" href="http://www.snapdeal.com/product/steam-inhaler-vaporiser-and-facial/1524745357?pos=43;75" ispartialsearch="false" pogid="1524745357" pos="43;75" v="p"><div alt="Steam Inhaler , Vaporiser and Facial Sauna" atl="Steam Inhaler , Vaporiser and Facial Sauna" class="product-image"><img border="0" class="" lazysrc="http://n2.sdlcdn.com/imgs/a/d/u/166x194/SDL091750963_1380259936_image1-881d1.jpg" src="http://n2.sdlcdn.com/imgs/a/d/u/166x194/SDL091750963_1380259936_image1-881d1.jpg" style="opacity: 1; "/></div><div class="product_grid_cont_heading">Steam Inhaler , Vaporiser and Facial Sauna</div><div class="ratingStarsSmall ratingStarsBelowTitle" style="background-position: 0px -90px;"><span> (2) </span></div><div class="product_grid_cont_price_outer"><div class="product_price "><span class="originalprice ">Rs 499</span>  Rs 388</div><div class="product_discount_outer"><div class="product_discount">22%</div></div></div><div class="cod-ico"><label class="lang">Cash on Delivery Available</label></div></a>
<a categoryid="318" class="hit-ss-logger" href="http://www.snapdeal.com/product/vkare-respiratory-care/1405454?pos=44;75" ispartialsearch="false" pogid="1405454" pos="44;75" v="p"><div alt="Vkare Respiratory Care" atl="Vkare Respiratory Care" class="product-image"><img border="0" class="" lazysrc="http://n1.sdlcdn.com/imgs/a/b/p/166x194/SDL233765033_1369382770_image1-4daed.jpg" src="http://n1.sdlcdn.com/imgs/a/b/p/166x194/SDL233765033_1369382770_image1-4daed.jpg" style="opacity: 1; "/><div class="shippingImage tooltip"><span class="box"><span class="arw"></span><label class="lang dispatched-one-day-lang">Dispatched in 1 business day</label></span></div></div><div class="product_grid_cont_heading">Vkare Respiratory Care</div><div class="ratingStarsSmall ratingStarsBelowTitle" style="background-position: 0px -144px;"><span> (5) </span></div><div class="product_grid_cont_price_outer"><div class="product_price "><span class="originalprice ">Rs 370</span>  Rs 280</div><div class="product_discount_outer"><div class="product_discount">24%</div></div></div><div class="cod-ico"><label class="lang">Cash on Delivery Available</label></div></a>
<a categoryid="318" class="hit-ss-logger" href="http://www.snapdeal.com/product/ashoka-respiratory-care/1405459?pos=45;75" ispartialsearch="false" pogid="1405459" pos="45;75" v="p"><div alt="Ashoka Respiratory Care" atl="Ashoka Respiratory Care" class="product-image"><img border="0" class="" lazysrc="http://n2.sdlcdn.com/imgs/a/b/p/166x194/SDL228815002_1369382785_image1-79e3e.jpg" src="http://n2.sdlcdn.com/imgs/a/b/p/166x194/SDL228815002_1369382785_image1-79e3e.jpg" style="opacity: 1; "/></div><div class="product_grid_cont_heading">Ashoka Respiratory Care</div><div class="product_grid_cont_price_outer"><div class="product_price "><span class="originalprice ">Rs 2900</span>  Rs 1800</div><div class="product_discount_outer"><div class="product_discount">38%</div></div></div><div class="cod-ico"><label class="lang">Cash on Delivery Available</label></div></a>
<a categoryid="318" class="hit-ss-logger" href="http://www.snapdeal.com/product/portable-battery-operated-nebulizer/1324649331?pos=46;75" ispartialsearch="false" pogid="1324649331" pos="46;75" v="p"><div alt="Portable Battery Operated Nebulizer" atl="Portable Battery Operated Nebulizer" class="product-image"><img border="0" class="" lazysrc="http://n1.sdlcdn.com/imgs/a/e/b/166x194/portabl-70f16.jpg" src="http://n1.sdlcdn.com/imgs/a/e/b/166x194/portabl-70f16.jpg" style="opacity: 1; "/></div><div class="product_grid_cont_heading">Portable Battery Operated Nebulizer</div><div class="product_grid_cont_price_outer"><div class="product_price "><span class="originalprice ">Rs 11999</span>  Rs 7626</div><div class="product_discount_outer"><div class="product_discount">36%</div></div></div><div class="cod-ico"><label class="lang">Cash on Delivery Available</label></div></a>
<a categoryid="318" class="hit-ss-logger" href="http://www.snapdeal.com/product/kosmocare-nebulizer-nc02/1592920485?pos=47;75" ispartialsearch="false" pogid="1592920485" pos="47;75" v="p"><div alt="KosmoCare Nebulizer NC-02" atl="KosmoCare Nebulizer NC-02" class="product-image"><img border="0" class="" lazysrc="http://n4.sdlcdn.com/imgs/a/f/v/166x194/SDL892449182_1383304970_image1-9fc3c.jpg" src="http://n4.sdlcdn.com/imgs/a/f/v/166x194/SDL892449182_1383304970_image1-9fc3c.jpg" style="opacity: 1; "/><div class="shippingImage tooltip"><span class="box"><span class="arw"></span><label class="lang dispatched-one-day-lang">Dispatched in 1 business day</label></span></div></div><div class="product_grid_cont_heading">KosmoCare Nebulizer NC-02</div><div class="product_grid_cont_price_outer"><div class="product_price "><span class="originalprice ">Rs 2750</span>  Rs 1925</div><div class="product_discount_outer"><div class="product_discount">30%</div></div></div></a>
<a categoryid="318" class="hit-ss-logger" href="http://www.snapdeal.com/product/nidek-pulmo-mist-nebuliser/1440991420?pos=48;75" ispartialsearch="false" pogid="1440991420" pos="48;75" v="p"><div alt="Nidek Pulmo Mist Nebuliser" atl="Nidek Pulmo Mist Nebuliser" class="product-image"><img border="0" class="" lazysrc="http://n2.sdlcdn.com/imgs/a/c/6/166x194/SDL809105616_1375260947_image1-3117b.jpg" src="http://n2.sdlcdn.com/imgs/a/c/6/166x194/SDL809105616_1375260947_image1-3117b.jpg" style="opacity: 1; "/></div><div class="product_grid_cont_heading">Nidek Pulmo Mist Nebuliser</div><div class="ratingStarsSmall ratingStarsBelowTitle" style="background-position: 0px -180px;"><span> (1) </span></div><div class="product_grid_cont_price_outer"><div class="product_price "><span class="originalprice ">Rs 3850</span>  Rs 2101</div><div class="product_discount_outer"><div class="product_discount">45%</div></div></div><div class="cod-ico"><label class="lang">Cash on Delivery Available</label></div></a>
<a categoryid="318" class="hit-ss-logger" href="http://www.snapdeal.com/product/equinox-ultrasonic-nebuliser-equn-300/1241146?pos=49;75" ispartialsearch="false" pogid="1241146" pos="49;75" v="p"><div alt="Equinox Ultrasonic Nebuliser (EQ-UN 300)" atl="Equinox Ultrasonic Nebuliser (EQ-UN 300)" class="product-image"><img border="0" class="" lazysrc="http://n1.sdlcdn.com/imgs/a/b/f/166x194/SDL137072145_1365424839_image1-4b412.jpg" src="http://n1.sdlcdn.com/imgs/a/b/f/166x194/SDL137072145_1365424839_image1-4b412.jpg" style="opacity: 1; "/></div><div class="product_grid_cont_heading">Equinox Ultrasonic Nebuliser (EQ-UN 300)</div><div class="product_grid_cont_price_outer"><div class="product_price "><span class="originalprice ">Rs 10500</span>  Rs 6013</div><div class="product_discount_outer"><div class="product_discount">43%</div></div></div><div class="cod-ico"><label class="lang">Cash on Delivery Available</label></div></a>
<a categoryid="318" class="hit-ss-logger" href="http://www.snapdeal.com/product/dr-gene-blood-pressure-monitor/1241133?pos=50;75" ispartialsearch="false" pogid="1241133" pos="50;75" v="p"><div alt="Dr Gene Blood Pressure Monitor AccuNeb Nebuliser" atl="Dr Gene Blood Pressure Monitor AccuNeb Nebuliser" class="product-image"><img border="0" class="" lazysrc="http://n3.sdlcdn.com/imgs/a/b/f/166x194/SDL144544008_1365424831_image1-c6f24.jpg" src="http://n3.sdlcdn.com/imgs/a/b/f/166x194/SDL144544008_1365424831_image1-c6f24.jpg" style="opacity: 1; "/><div class="shippingImage tooltip"><span class="box"><span class="arw"></span><label class="lang dispatched-one-day-lang">Dispatched in 1 business day</label></span></div></div><div class="product_grid_cont_heading">Dr Gene Blood Pressure Monitor AccuNeb Nebuliser</div><div class="ratingStarsSmall ratingStarsBelowTitle" style="background-position: 0px -72px;"><span> (2) </span></div><div class="product_grid_cont_price_outer"><div class="product_price "><span class="originalprice ">Rs 2700</span>  Rs 1500</div><div class="product_discount_outer"><div class="product_discount">44%</div></div></div><div class="cod-ico"><label class="lang">Cash on Delivery Available</label></div></a>
<a categoryid="318" class="hit-ss-logger" href="http://www.snapdeal.com/product/beurer-ih20-nebulizer/407073?pos=51;75" ispartialsearch="false" pogid="407073" pos="51;75" v="p"><div alt="Beurer IH20 Nebulizer" atl="Beurer IH20 Nebulizer" class="product-image"><img border="0" class="" lazysrc="http://n3.sdlcdn.com/imgs/a/a/u/166x194/PG_IH20_M_1_2x-efe81.jpg" src="http://n3.sdlcdn.com/imgs/a/a/u/166x194/PG_IH20_M_1_2x-efe81.jpg" style="opacity: 1; "/></div><div class="product_grid_cont_heading">Beurer IH20 Nebulizer</div><div class="ratingStarsSmall ratingStarsBelowTitle" style="background-position: 0px -144px;"><span> (2) </span></div><div class="product_grid_cont_price_outer"><div class="product_price "><span class="originalprice ">Rs 5999</span>  Rs 4333</div><div class="product_discount_outer"><div class="product_discount">28%</div></div></div><div class="cod-ico"><label class="lang">Cash on Delivery Available</label></div></a>
<a categoryid="318" class="hit-ss-logger" href="http://www.snapdeal.com/product/vital-piston-compressor-nebulizer/213876?pos=52;75" ispartialsearch="false" pogid="213876" pos="52;75" v="p"><div alt="Vital Piston Compressor Nebulizer" atl="Vital Piston Compressor Nebulizer" class="product-image"><img border="0" class="" lazysrc="http://n2.sdlcdn.com/imgs/a/a/v/166x194/EHL_vitneb1_M_1_2X-e08dd.jpg" src="http://n2.sdlcdn.com/imgs/a/a/v/166x194/EHL_vitneb1_M_1_2X-e08dd.jpg" style="opacity: 1; "/></div><div class="product_grid_cont_heading">Vital Piston Compressor Nebulizer</div><div class="product_grid_cont_price_outer"><div class="product_price "><span class="originalprice ">Rs 2300</span>  Rs 1633</div><div class="product_discount_outer"><div class="product_discount">29%</div></div></div><div class="cod-ico"><label class="lang">Cash on Delivery Available</label></div></a>
<a categoryid="318" class="hit-ss-logger" href="http://www.snapdeal.com/product/hicks-nebuliser-small-nebucare-neb/213873?pos=53;75" ispartialsearch="false" pogid="213873" pos="53;75" v="p"><div alt="Hicks Nebuliser Small Nebucare - Neb 50" atl="Hicks Nebuliser Small Nebucare - Neb 50" class="product-image"><img border="0" class="" lazysrc="http://n2.sdlcdn.com/imgs/a/a/v/166x194/EHL_HICKSNEB2_M_1_2X-78ae0.jpg" src="http://n2.sdlcdn.com/imgs/a/a/v/166x194/EHL_HICKSNEB2_M_1_2X-78ae0.jpg" style="opacity: 1; "/></div><div class="product_grid_cont_heading">Hicks Nebuliser Small Nebucare - Neb 50</div><div class="product_grid_cont_price_outer"><div class="product_price "><span class="originalprice ">Rs 2700</span>  Rs 2617</div><div class="product_discount_outer"><div class="product_discount">3%</div></div></div><div class="cod-ico"><label class="lang">Cash on Delivery Available</label></div></a>
<a categoryid="318" class="hit-ss-logger" href="http://www.snapdeal.com/product/jsb-n02-peak-flow-meter/209100?pos=54;75" ispartialsearch="false" pogid="209100" pos="54;75" v="p"><div alt="JSB N02 Peak Flow Meter" atl="JSB N02 Peak Flow Meter" class="product-image"><img border="0" class="" lazysrc="http://n2.sdlcdn.com/imgs/a/d/6/166x194/1277538_1363774745_image1-1cff4.jpg" src="http://n2.sdlcdn.com/imgs/a/d/6/166x194/1277538_1363774745_image1-1cff4.jpg" style="opacity: 1; "/><div class="shippingImage tooltip"><span class="box"><span class="arw"></span><label class="lang dispatched-one-day-lang">Dispatched in 1 business day</label></span></div></div><div class="product_grid_cont_heading">JSB N02 Peak Flow Meter</div><div class="product_grid_cont_price_outer"><div class="product_price "><span class="originalprice ">Rs 950</span>  Rs 675</div><div class="product_discount_outer"><div class="product_discount">29%</div></div></div><div class="cod-ico"><label class="lang">Cash on Delivery Available</label></div></a>
<a categoryid="318" class="hit-ss-logger" href="http://www.snapdeal.com/product/bremed-ultrasonic-nebulizer/224498?pos=55;75" ispartialsearch="false" pogid="224498" pos="55;75" v="p"><div alt="Bremed Ultrasonic Nebulizer" atl="Bremed Ultrasonic Nebulizer" class="product-image"><img border="0" class="" lazysrc="http://i4.sdlcdn.com/img/product/main/166x194/BD5200_M_1_2x.jpg" src="http://i4.sdlcdn.com/img/product/main/166x194/BD5200_M_1_2x.jpg" style="opacity: 1; "/></div><div class="product_grid_cont_heading">Bremed Ultrasonic Nebulizer</div><div class="product_grid_cont_price_outer"><div class="product_price "><span class="originalprice ">Rs 6799</span>  Rs 4500</div><div class="product_discount_outer"><div class="product_discount">34%</div></div></div><div class="cod-ico"><label class="lang">Cash on Delivery Available</label></div></a>
<a categoryid="318" class="hit-ss-logger" href="http://www.snapdeal.com/product/solomon-home-health-care/1928192943?pos=56;75" ispartialsearch="false" pogid="1928192943" pos="56;75" v="p"><div alt="Solomon Nasal Aspirator" atl="Solomon Nasal Aspirator" class="product-image"><img border="0" class="" lazysrc="http://n1.sdlcdn.com/imgs/a/e/2/166x194/SDL672499152_1382084328_image1-b6171.jpg" src="http://n1.sdlcdn.com/imgs/a/e/2/166x194/SDL672499152_1382084328_image1-b6171.jpg" style="opacity: 1; "/></div><div class="product_grid_cont_heading">Solomon Nasal Aspirator</div><div class="product_grid_cont_price_outer"><div class="product_price no-float"><span class="originalprice no-display">Rs 2999</span>  Rs 2998</div></div><div class="cod-ico"><label class="lang">Cash on Delivery Available</label></div></a>
<a categoryid="318" class="hit-ss-logger" href="http://www.snapdeal.com/product/proton-desktop-ultrasonic-nebuliser-101un/586366429?pos=57;75" ispartialsearch="false" pogid="586366429" pos="57;75" v="p"><div alt="Proton Desktop Ultrasonic Nebuliser - 101UN" atl="Proton Desktop Ultrasonic Nebuliser - 101UN" class="product-image"><img border="0" class="" lazysrc="http://n2.sdlcdn.com/imgs/a/c/4/166x194/SDL767209667_1374739833_image1-06f80.jpg" src="http://n2.sdlcdn.com/imgs/a/c/4/166x194/SDL767209667_1374739833_image1-06f80.jpg" style="opacity: 1; "/></div><div class="product_grid_cont_heading">Proton Desktop Ultrasonic Nebuliser - 101UN</div><div class="product_grid_cont_price_outer"><div class="product_price "><span class="originalprice ">Rs 6600</span>  Rs 4384</div><div class="product_discount_outer"><div class="product_discount">34%</div></div></div><div class="cod-ico"><label class="lang">Cash on Delivery Available</label></div></a>
<a categoryid="318" class="hit-ss-logger" href="http://www.snapdeal.com/product/perfecxa-ultrasonic-nebuliser/59776028?pos=58;75" ispartialsearch="false" pogid="59776028" pos="58;75" v="p"><div alt="Perfecxa Ultrasonic Nebuliser" atl="Perfecxa Ultrasonic Nebuliser" class="product-image"><img border="0" class="" lazysrc="http://n4.sdlcdn.com/imgs/a/c/5/166x194/SDL380128546_1374841317_image1-697e4.jpg" src="http://n4.sdlcdn.com/imgs/a/c/5/166x194/SDL380128546_1374841317_image1-697e4.jpg" style="opacity: 1; "/></div><div class="product_grid_cont_heading">Perfecxa Ultrasonic Nebuliser</div><div class="product_grid_cont_price_outer"><div class="product_price "><span class="originalprice ">Rs 7000</span>  Rs 3675</div><div class="product_discount_outer"><div class="product_discount">48%</div></div></div><div class="cod-ico"><label class="lang">Cash on Delivery Available</label></div></a>
<a categoryid="318" class="hit-ss-logger" href="http://www.snapdeal.com/product/san-surgicals-nebulizer-infineb/618910874?pos=59;75" ispartialsearch="false" pogid="618910874" pos="59;75" v="p"><div alt="San Surgicals Nebulizer Infi-Neb" atl="San Surgicals Nebulizer Infi-Neb" class="product-image"><img border="0" class="" lazysrc="http://n1.sdlcdn.com/imgs/a/e/e/166x194/SDL378261850_1374841343_image1-5e2c3.jpg" src="http://n1.sdlcdn.com/imgs/a/e/e/166x194/SDL378261850_1374841343_image1-5e2c3.jpg" style="opacity: 1; "/></div><div class="product_grid_cont_heading">San Surgicals Nebulizer Infi-Neb</div><div class="ratingStarsSmall ratingStarsBelowTitle" style="background-position: 0px -72px;"><span> (1) </span></div><div class="product_grid_cont_price_outer"><div class="product_price "><span class="originalprice ">Rs 2990</span>  Rs 1419</div><div class="product_discount_outer"><div class="product_discount">53%</div></div></div><div class="cod-ico"><label class="lang">Cash on Delivery Available</label></div></a>
<a categoryid="318" class="hit-ss-logger" href="http://www.snapdeal.com/product/bremed-medicine-cups-for-ultrasonic/646251?pos=60;75" ispartialsearch="false" pogid="646251" pos="60;75" v="p"><div alt="Bremed  Medicine cups for Ultrasonic Nebulizer (BD5200)" atl="Bremed  Medicine cups for Ultrasonic Nebulizer (BD5200)" class="product-image"><img border="0" class="" lazysrc="http://i3.sdlcdn.com/img/product/main/166x194/BD5210_M_1_2x.jpg" src="http://i3.sdlcdn.com/img/product/main/166x194/BD5210_M_1_2x.jpg" style="opacity: 1; "/></div><div class="product_grid_cont_heading">Bremed  Medicine cups for Ultrasonic Nebulizer (BD5200)</div><div class="product_grid_cont_price_outer"><div class="product_price "><span class="originalprice ">Rs 1890</span>  Rs 1376</div><div class="product_discount_outer"><div class="product_discount">27%</div></div></div><div class="cod-ico"><label class="lang">Cash on Delivery Available</label></div></a>
<a categoryid="318" class="hit-ss-logger" href="http://www.snapdeal.com/product/operon-nasal-aspirator-ns1/670041?pos=61;75" ispartialsearch="false" pogid="670041" pos="61;75" v="p"><div alt="Operon Nasal Aspirator (NS-1)" atl="Operon Nasal Aspirator (NS-1)" class="product-image"><img border="0" src="http://n3.sdlcdn.com/imgs/a/a/a/166x194/Operon_011_M_1_2x-8a016.jpg" style="opacity: 1; "/></div><div class="product_grid_cont_heading">Operon Nasal Aspirator (NS-1)</div><div class="ratingStarsSmall ratingStarsBelowTitle" style="background-position: 0px -36px;"><span> (1) </span></div><div class="product_grid_cont_price_outer"><div class="product_price "><span class="originalprice ">Rs 2500</span>  Rs 1405</div><div class="product_discount_outer"><div class="product_discount">44%</div></div></div><div class="cod-ico"><label class="lang">Cash on Delivery Available</label></div></a>
<a categoryid="318" class="hit-ss-logger" href="http://www.snapdeal.com/product/bremed-accessories-set-for-piston/640267?pos=62;75" ispartialsearch="false" pogid="640267" pos="62;75" v="p"><div alt="Bremed Accessories Set for Piston Compressor Nebulizer" atl="Bremed Accessories Set for Piston Compressor Nebulizer" class="product-image"><img border="0" class="" lazysrc="http://i1.sdlcdn.com/img/product/main/166x194/BD5010_M_1_2x.jpg" src="http://i1.sdlcdn.com/img/product/main/166x194/BD5010_M_1_2x.jpg" style="opacity: 1; "/></div><div class="product_grid_cont_heading">Bremed Accessories Set for Piston Compressor Nebulizer</div><div class="ratingStarsSmall ratingStarsBelowTitle" style="background-position: 0px -144px;"><span> (1) </span></div><div class="product_grid_cont_price_outer"><div class="product_price "><span class="originalprice ">Rs 555</span>  Rs 452</div><div class="product_discount_outer"><div class="product_discount">19%</div></div></div><div class="cod-ico"><label class="lang">Cash on Delivery Available</label></div></a>
<a categoryid="318" class="hit-ss-logger" href="http://www.snapdeal.com/product/bremed-nasal-irrigator-and-aspirator/224495?pos=63;75" ispartialsearch="false" pogid="224495" pos="63;75" v="p"><div alt="Bremed Nasal Irrigator and Aspirator - NiMH Rechargeable Batteries" atl="Bremed Nasal Irrigator and Aspirator - NiMH Rechargeable Batteries" class="product-image"><img border="0" class="" lazysrc="http://i2.sdlcdn.com/img/product/main/166x194/BD5600_M_1_2x.jpg" src="http://i2.sdlcdn.com/img/product/main/166x194/BD5600_M_1_2x.jpg" style="opacity: 1; "/></div><div class="product_grid_cont_heading">Bremed Nasal Irrigator and Aspirator - NiMH Rechargeable Batteries</div><div class="product_grid_cont_price_outer"><div class="product_price "><span class="originalprice ">Rs 8200</span>  Rs 4507</div><div class="product_discount_outer"><div class="product_discount">45%</div></div></div><div class="cod-ico"><label class="lang">Cash on Delivery Available</label></div></a>
<a categoryid="318" class="hit-ss-logger" href="http://www.snapdeal.com/product/vital-piston-nebuliser-set/1179701?pos=64;75" ispartialsearch="false" pogid="1179701" pos="64;75" v="p"><div alt="Vital Piston Nebuliser Set" atl="Vital Piston Nebuliser Set" class="product-image"><img border="0" class="" lazysrc="http://n1.sdlcdn.com/imgs/a/b/e/166x194/SDL256300814_1365077810_image1-74e35.jpg" src="http://n1.sdlcdn.com/imgs/a/b/e/166x194/SDL256300814_1365077810_image1-74e35.jpg" style="opacity: 1; "/><div class="shippingImage tooltip"><span class="box"><span class="arw"></span><label class="lang dispatched-one-day-lang">Dispatched in 1 business day</label></span></div><div class="soldout prod-grid-sold-out-lang"></div></div><div class="product_grid_cont_heading">Vital Piston Nebuliser Set</div><div class="product_grid_cont_price_outer"><div class="product_price "><span class="originalprice ">Rs 2300</span>  Rs 1356</div><div class="product_discount_outer"><div class="product_discount">41%</div></div></div><div class="cod-ico"><label class="lang">Cash on Delivery Available</label></div></a>
<a categoryid="318" class="hit-ss-logger" href="http://www.snapdeal.com/product/compressor-nebulzier/1894821830?pos=65;75" ispartialsearch="false" pogid="1894821830" pos="65;75" v="p"><div alt="Compressor Nebulzier" atl="Compressor Nebulzier" class="product-image"><img border="0" class="" lazysrc="http://n2.sdlcdn.com/imgs/a/e/b/166x194/compress-89954.jpg" src="http://n2.sdlcdn.com/imgs/a/e/b/166x194/compress-89954.jpg" style="opacity: 1; "/><div class="soldout prod-grid-sold-out-lang"></div></div><div class="product_grid_cont_heading">Compressor Nebulzier</div><div class="ratingStarsSmall ratingStarsBelowTitle" style="background-position: 0px -144px;"><span> (3) </span></div><div class="product_grid_cont_price_outer"><div class="product_price "><span class="originalprice ">Rs 3300</span>  Rs 1775</div><div class="product_discount_outer"><div class="product_discount">46%</div></div></div><div class="cod-ico"><label class="lang">Cash on Delivery Available</label></div></a>
<a categoryid="318" class="hit-ss-logger" href="http://www.snapdeal.com/product/bremed-rotatable-ultrasonic-humidifier/640260?pos=66;75" ispartialsearch="false" pogid="640260" pos="66;75" v="p"><div alt="Bremed Rotatable Ultrasonic Humidifier" atl="Bremed Rotatable Ultrasonic Humidifier" class="product-image"><img border="0" class="" lazysrc="http://i4.sdlcdn.com/img/product/main/166x194/BD7660_M_1_2x.jpg" src="http://i4.sdlcdn.com/img/product/main/166x194/BD7660_M_1_2x.jpg" style="opacity: 1; "/><div class="soldout prod-grid-sold-out-lang"></div></div><div class="product_grid_cont_heading">Bremed Rotatable Ultrasonic Humidifier</div><div class="ratingStarsSmall ratingStarsBelowTitle" style="background-position: 0px -108px;"><span> (6) </span></div><div class="product_grid_cont_price_outer"><div class="product_price "><span class="originalprice ">Rs 6660</span>  Rs 4465</div><div class="product_discount_outer"><div class="product_discount">33%</div></div></div><div class="cod-ico"><label class="lang">Cash on Delivery Available</label></div></a>
<a categoryid="318" class="hit-ss-logger" href="http://www.snapdeal.com/product/bremed-piston-compressor-nebulizer/640268?pos=67;75" ispartialsearch="false" pogid="640268" pos="67;75" v="p"><div alt="Bremed Piston Compressor Nebulizer" atl="Bremed Piston Compressor Nebulizer" class="product-image"><img border="0" class="" lazysrc="http://i3.sdlcdn.com/img/product/main/166x194/BD5001_M_1_2x.jpg" src="http://i3.sdlcdn.com/img/product/main/166x194/BD5001_M_1_2x.jpg" style="opacity: 1; "/><div class="soldout prod-grid-sold-out-lang"></div></div><div class="product_grid_cont_heading">Bremed Piston Compressor Nebulizer</div><div class="product_grid_cont_price_outer"><div class="product_price "><span class="originalprice ">Rs 3799</span>  Rs 2150</div><div class="product_discount_outer"><div class="product_discount">43%</div></div></div><div class="cod-ico"><label class="lang">Cash on Delivery Available</label></div></a>
<a categoryid="318" class="hit-ss-logger" href="http://www.snapdeal.com/product/and-compressor-nebulizer-un011/1432770?pos=68;75" ispartialsearch="false" pogid="1432770" pos="68;75" v="p"><div alt="AND Compressor Nebulizer UN-011" atl="AND Compressor Nebulizer UN-011" class="product-image"><img border="0" class="" lazysrc="http://n1.sdlcdn.com/imgs/a/d/g/166x194/SDL072686975_1370436553_image1-08a0a.jpg" src="http://n1.sdlcdn.com/imgs/a/d/g/166x194/SDL072686975_1370436553_image1-08a0a.jpg" style="opacity: 1; "/><div class="soldout prod-grid-sold-out-lang"></div></div><div class="product_grid_cont_heading">AND Compressor Nebulizer UN-011</div><div class="product_grid_cont_price_outer"><div class="product_price "><span class="originalprice ">Rs 3800</span>  Rs 1899</div><div class="product_discount_outer"><div class="product_discount">50%</div></div></div><div class="cod-ico"><label class="lang">Cash on Delivery Available</label></div></a>
<a categoryid="318" class="hit-ss-logger" href="http://www.snapdeal.com/product/bremed-ultrasonic-nebulizer/224497?pos=69;75" ispartialsearch="false" pogid="224497" pos="69;75" v="p"><div alt="Bremed Ultrasonic Nebulizer" atl="Bremed Ultrasonic Nebulizer" class="product-image"><img border="0" class="" lazysrc="http://i4.sdlcdn.com/img/product/main/166x194/BD5004_M_1_2x.jpg" src="http://i4.sdlcdn.com/img/product/main/166x194/BD5004_M_1_2x.jpg" style="opacity: 1; "/><div class="soldout prod-grid-sold-out-lang"></div></div><div class="product_grid_cont_heading">Bremed Ultrasonic Nebulizer</div><div class="product_grid_cont_price_outer"><div class="product_price "><span class="originalprice ">Rs 5999</span>  Rs 4100</div><div class="product_discount_outer"><div class="product_discount">32%</div></div></div><div class="cod-ico"><label class="lang">Cash on Delivery Available</label></div></a>
<a categoryid="318" class="hit-ss-logger" href="http://www.snapdeal.com/product/citizen-ultrasonic-nebulizer-cn-60/1482149?pos=70;75" ispartialsearch="false" pogid="1482149" pos="70;75" v="p"><div alt="Citizen Ultrasonic Nebulizer CN 60" atl="Citizen Ultrasonic Nebulizer CN 60" class="product-image"><img border="0" class="" lazysrc="http://n4.sdlcdn.com/imgs/a/d/7/166x194/SDL105048891_1371814802_image1-92200.jpg" src="http://n4.sdlcdn.com/imgs/a/d/7/166x194/SDL105048891_1371814802_image1-92200.jpg" style="opacity: 1; "/><div class="soldout prod-grid-sold-out-lang"></div></div><div class="product_grid_cont_heading">Citizen Ultrasonic Nebulizer CN 60</div><div class="product_grid_cont_price_outer"><div class="product_price "><span class="originalprice ">Rs 7999</span>  Rs 3927</div><div class="product_discount_outer"><div class="product_discount">51%</div></div></div><div class="cod-ico"><label class="lang">Cash on Delivery Available</label></div></a>
<a categoryid="318" class="hit-ss-logger" href="http://www.snapdeal.com/product/jsb-n-01-compressor-nebulizer/209099?pos=71;75" ispartialsearch="false" pogid="209099" pos="71;75" v="p"><div alt="JSB N 01 Compressor Nebulizer" atl="JSB N 01 Compressor Nebulizer" class="product-image"><img border="0" class="" lazysrc="http://n2.sdlcdn.com/imgs/a/a/2/166x194/1277537_1363774746_image1-0a734.jpg" src="http://n2.sdlcdn.com/imgs/a/a/2/166x194/1277537_1363774746_image1-0a734.jpg" style="opacity: 1; "/><div class="soldout prod-grid-sold-out-lang"></div></div><div class="product_grid_cont_heading">JSB N 01 Compressor Nebulizer</div><div class="product_grid_cont_price_outer"><div class="product_price "><span class="originalprice ">Rs 2350</span>  Rs 1173</div><div class="product_discount_outer"><div class="product_discount">50%</div></div></div><div class="cod-ico"><label class="lang">Cash on Delivery Available</label></div></a>
<a categoryid="318" class="hit-ss-logger" href="http://www.snapdeal.com/product/desire-electric-facial-sauna-with/539956?pos=72;75" ispartialsearch="false" pogid="539956" pos="72;75" v="p"><div alt="Desire Electric Facial Sauna with nose inhaler set DS9501" atl="Desire Electric Facial Sauna with nose inhaler set DS9501" class="product-image"><img border="0" class="" lazysrc="http://n1.sdlcdn.com/imgs/a/b/u/166x194/2012_10_30_15_23_36_M_1_2x_New-3d17a.jpg" src="http://n1.sdlcdn.com/imgs/a/b/u/166x194/2012_10_30_15_23_36_M_1_2x_New-3d17a.jpg" style="opacity: 1; "/><div class="soldout prod-grid-sold-out-lang"></div></div><div class="product_grid_cont_heading">Desire Electric Facial Sauna with nose inhaler set DS9501</div><div class="ratingStarsSmall ratingStarsBelowTitle" style="background-position: 0px -126px;"><span> (2) </span></div><div class="product_grid_cont_price_outer"><div class="product_price "><span class="originalprice ">Rs 990</span>  Rs 574</div><div class="product_discount_outer"><div class="product_discount">42%</div></div></div><div class="cod-ico"><label class="lang">Cash on Delivery Available</label></div></a>
<a categoryid="318" class="hit-ss-logger" href="http://www.snapdeal.com/product/dr-morepen-palm-portable-nebulizer/595096?pos=73;75" ispartialsearch="false" pogid="595096" pos="73;75" v="p"><div alt="Dr Morepen Palm Portable Nebulizer CN 05" atl="Dr Morepen Palm Portable Nebulizer CN 05" class="product-image"><img border="0" class="" lazysrc="http://n1.sdlcdn.com/imgs/a/a/g/166x194/Tech_eye_008_M_1_2x-71463.jpg" src="http://n1.sdlcdn.com/imgs/a/a/g/166x194/Tech_eye_008_M_1_2x-71463.jpg" style="opacity: 1; "/><div class="soldout prod-grid-sold-out-lang"></div></div><div class="product_grid_cont_heading">Dr Morepen Palm Portable Nebulizer CN 05</div><div class="product_grid_cont_price_outer"><div class="product_price "><span class="originalprice ">Rs 3250</span>  Rs 1587</div><div class="product_discount_outer"><div class="product_discount">51%</div></div></div><div class="cod-ico"><label class="lang">Cash on Delivery Available</label></div></a>
<a categoryid="318" class="hit-ss-logger" href="http://www.snapdeal.com/product/perfecxa-compressor-nebulizer/600208?pos=74;75" ispartialsearch="false" pogid="600208" pos="74;75" v="p"><div alt="Perfecxa Compressor Nebulizer" atl="Perfecxa Compressor Nebulizer" class="product-image"><img border="0" class="" lazysrc="http://n4.sdlcdn.com/imgs/a/a/f/166x194/San_Ross_11San_Ross_M_1_2x_new-7e668.jpg" src="http://n4.sdlcdn.com/imgs/a/a/f/166x194/San_Ross_11San_Ross_M_1_2x_new-7e668.jpg" style="opacity: 1; "/><div class="soldout prod-grid-sold-out-lang"></div></div><div class="product_grid_cont_heading">Perfecxa Compressor Nebulizer</div><div class="product_grid_cont_price_outer"><div class="product_price "><span class="originalprice ">Rs 2500</span>  Rs 1899</div><div class="product_discount_outer"><div class="product_discount">24%</div></div></div><div class="cod-ico"><label class="lang">Cash on Delivery Available</label></div></a>
