http://www.snapdeal.com/product/hawk-black-boxing-bag-unfilled/419848?pos=0;205
http://www.snapdeal.com/product/LonsdaleSt/112062?pos=1;205
http://www.snapdeal.com/product/lonsdale-traditional-herringbone-hand-wrap/112048?pos=2;205
http://www.snapdeal.com/product/vinex-junior-boxing-kit/435768560?pos=3;205
http://www.snapdeal.com/product/lew-synthetic-leather-punching-bag/1140691?pos=4;205
http://www.snapdeal.com/product/top-pro-punch-canvas-punching/1217956298?pos=5;205
http://www.snapdeal.com/product/hawk-red-boxing-bag-filled/419846?pos=6;205
http://www.snapdeal.com/product/speed-up-the-champ-boxing/782116334?pos=7;205
http://www.snapdeal.com/product/domyos-fkt-180-red-gloves/761179?pos=8;205
http://www.snapdeal.com/product/lonsdale-heavy-pu-leather-punching/112064?pos=9;205
http://www.snapdeal.com/product/domyos-boxing-boxingwrap4m-accessories/1806322073?pos=10;205
http://www.snapdeal.com/product/usi-14oz-boxing-sparring-gloves/128183157?pos=11;205
http://www.snapdeal.com/product/vinex-boxing-coacher-pad-blue/1609266567?pos=12;205
http://www.snapdeal.com/product/kaizen-14-oz-silver-boxing/1364043?pos=13;205
http://www.snapdeal.com/product/kaizen-super-fighter-boxing-kit/1260030?pos=14;205
http://www.snapdeal.com/product/kaizen-8-oz-gold-boxing/1364063?pos=15;205
http://www.snapdeal.com/product/kaizen-12-oz-professional-boxing/1364062?pos=16;205
http://www.snapdeal.com/product/kaizen-8-oz-diamond-boxing/1364061?pos=17;205
http://www.snapdeal.com/product/kaizen-16-oz-professional-boxing/1364059?pos=18;205
http://www.snapdeal.com/product/kaizen-12-oz-gold-boxing/1364058?pos=19;205
