<a categoryid="535" class="hit-ss-logger" href="http://www.snapdeal.com/product/yobro-orange-black-night-suit/533095?pos=0;96" ispartialsearch="false" pogid="533095" pos="0;96" v="p">
<div atl="Yobro Orange &amp; Black Night Suit For Kids" class="product-image">
<img border="0" class="lazy-effect" src="http://n1.sdlcdn.com/imgs/a/a/d/230x258/YBFS02_4_M_1_2x-bd0ee.jpg" style="opacity: 1; "/>
</div>
<div class="product_grid_cont_heading">
				Yobro Orange &amp; Black Night Suit For Kids</div>
<div class="ratingStarsSmall ratingStarsBelowTitle" pos="3.9" style="background-position: 0px -144px; "><span>(8)</span></div>
<script type="text/javascript">
						var ratingState = true;
					</script>
<div class="product_grid_cont_price_outer">
<div class="product_price no-float">
<span class="originalprice no-display">Rs
									749</span> Rs 749
							</div>
<div class="product_discount_outer no-display">
<div class="product_discount">
									0%
								</div>
</div>
</div>
<div class="cod-ico"><label class="lang">Cash on Delivery Available</label></div>
</a>
<a categoryid="535" class="hit-ss-logger" href="http://www.snapdeal.com/product/sweet-dreams-blue-white-night/432657?pos=1;96" ispartialsearch="false" pogid="432657" pos="1;96" v="p">
<div atl="Sweet Dreams Blue &amp; White Night Suit For Kids" class="product-image">
<img border="0" class="lazy-effect" src="http://n2.sdlcdn.com/imgs/a/a/k/230x258/S12_5078_3_M_1_2x-c122f.jpg" style="opacity: 1; "/>
</div>
<div class="product_grid_cont_heading">
				Sweet Dreams Blue &amp; White Night Suit For Kids</div>
<div class="product_grid_cont_price_outer">
<div class="product_price ">
<span class="originalprice ">Rs
									949</span> Rs 676
							</div>
<div class="product_discount_outer ">
<div class="product_discount">
									29%
								</div>
</div>
</div>
<div class="cod-ico"><label class="lang">Cash on Delivery Available</label></div>
</a>
<a categoryid="535" class="hit-ss-logger" href="http://www.snapdeal.com/product/sweet-dreams-orange-black-night/432655?pos=2;96" ispartialsearch="false" pogid="432655" pos="2;96" v="p">
<div atl="Sweet Dreams Orange &amp; Black Night Suit For Kids" class="product-image">
<img border="0" class="lazy-effect" src="http://n1.sdlcdn.com/imgs/a/a/k/230x258/S12_5151_1_M_1_2x-44ad2.jpg" style="opacity: 1; "/>
</div>
<div class="product_grid_cont_heading">
				Sweet Dreams Orange &amp; Black Night Suit For Kids</div>
<div class="product_grid_cont_price_outer">
<div class="product_price ">
<span class="originalprice ">Rs
									949</span> Rs 676
							</div>
<div class="product_discount_outer ">
<div class="product_discount">
									29%
								</div>
</div>
</div>
<div class="cod-ico"><label class="lang">Cash on Delivery Available</label></div>
</a>
<a categoryid="535" class="hit-ss-logger" href="http://www.snapdeal.com/product/disney-printed-pink-night-suit/1357246?pos=3;96" ispartialsearch="false" pogid="1357246" pos="3;96" v="p">
<div atl="Disney Printed Pink Night Suit For Kids" class="product-image">
<img border="0" class="lazy-effect" src="http://n3.sdlcdn.com/imgs/a/b/l/230x258/SDL410757512_1367413967_image1-cad94.jpg" style="opacity: 1; "/>
<div class="shippingImage tooltip">
<span class="box">
<span class="arw"></span>
<label class="dispatched-one-day-lang">Dispatched in 1 business day</label>
</span>
</div>
</div>
<div class="product_grid_cont_heading">
				Disney Printed Pink Night Suit For Kids</div>
<div class="ratingStarsSmall ratingStarsBelowTitle" pos="4.7" style="background-position: 0px -162px; "><span>(3)</span></div>
<script type="text/javascript">
						var ratingState = true;
					</script>
<div class="product_grid_cont_price_outer">
<div class="product_price ">
<span class="originalprice ">Rs
									615</span> Rs 459
							</div>
<div class="product_discount_outer ">
<div class="product_discount">
									25%
								</div>
</div>
</div>
<div class="cod-ico"><label class="lang">Cash on Delivery Available</label></div>
</a>
<a categoryid="535" class="hit-ss-logger" href="http://www.snapdeal.com/product/yobro-black-blue-night-suit/533090?pos=4;96" ispartialsearch="false" pogid="533090" pos="4;96" v="p">
<div atl="Yobro Black &amp; Blue Night Suit For Kids" class="product-image">
<img border="0" class="lazy-effect" src="http://n2.sdlcdn.com/imgs/a/a/d/230x258/YBFS06_4_M_1_2x-8f72f.jpg" style="opacity: 1; "/>
</div>
<div class="product_grid_cont_heading">
				Yobro Black &amp; Blue Night Suit For Kids</div>
<div class="product_grid_cont_price_outer">
<div class="product_price no-float">
<span class="originalprice no-display">Rs
									749</span> Rs 749
							</div>
<div class="product_discount_outer no-display">
<div class="product_discount">
									0%
								</div>
</div>
</div>
<div class="cod-ico"><label class="lang">Cash on Delivery Available</label></div>
</a>
<a categoryid="535" class="hit-ss-logger" href="http://www.snapdeal.com/product/f-s-miniklub-time-to/1707586182?pos=5;96" ispartialsearch="false" pogid="1707586182" pos="5;96" v="p">
<div atl="F S Miniklub Time to Sleep Nightwear For Kids" class="product-image">
<img border="0" class="lazy-effect" src="http://n1.sdlcdn.com/imgs/a/g/c/230x258/SDL780251514_1385553446_image1-80573.jpg" style="opacity: 1; "/>
</div>
<div class="product_grid_cont_heading">
				F S Miniklub Time to Sleep Nightwear For Kids</div>
<div class="product_grid_cont_price_outer">
<div class="product_price ">
<span class="originalprice ">Rs
									799</span> Rs 479
							</div>
<div class="product_discount_outer ">
<div class="product_discount">
									40%
								</div>
</div>
</div>
<div class="cod-ico"><label class="lang">Cash on Delivery Available</label></div>
</a>
<a categoryid="535" class="hit-ss-logger" href="http://www.snapdeal.com/product/yobro-blue-navy-night-suit/533088?pos=6;96" ispartialsearch="false" pogid="533088" pos="6;96" v="p">
<div atl="Yobro Blue &amp; Navy Night Suit For Kids" class="product-image">
<img border="0" class="lazy-effect" src="http://n3.sdlcdn.com/imgs/a/a/d/230x258/YBFS05_4_M_1_2x-73be6.jpg" style="opacity: 1; "/>
</div>
<div class="product_grid_cont_heading">
				Yobro Blue &amp; Navy Night Suit For Kids</div>
<div class="ratingStarsSmall ratingStarsBelowTitle" pos="3.0" style="background-position: 0px -108px; "><span>(4)</span></div>
<script type="text/javascript">
						var ratingState = true;
					</script>
<div class="product_grid_cont_price_outer">
<div class="product_price no-float">
<span class="originalprice no-display">Rs
									749</span> Rs 749
							</div>
<div class="product_discount_outer no-display">
<div class="product_discount">
									0%
								</div>
</div>
</div>
<div class="cod-ico"><label class="lang">Cash on Delivery Available</label></div>
</a>
<a categoryid="535" class="hit-ss-logger" href="http://www.snapdeal.com/product/night-angel-blue-boys-set/1456408?pos=7;96" ispartialsearch="false" pogid="1456408" pos="7;96" v="p">
<div atl="NIGHT ANGEL Blue Boys Set" class="product-image">
<img border="0" class="lazy-effect" src="http://n2.sdlcdn.com/imgs/a/d/i/230x258/SDL597003770_1371037321_image1-64688.JPG" style="opacity: 1; "/>
</div>
<div class="product_grid_cont_heading">
				NIGHT ANGEL Blue Boys Set</div>
<div class="product_grid_cont_price_outer">
<div class="product_price ">
<span class="originalprice ">Rs
									705</span> Rs 613
							</div>
<div class="product_discount_outer ">
<div class="product_discount">
									13%
								</div>
</div>
</div>
<div class="cod-ico"><label class="lang">Cash on Delivery Available</label></div>
</a>
<a categoryid="535" class="hit-ss-logger" href="http://www.snapdeal.com/product/night-angel-green-boys-set/1456387?pos=8;96" ispartialsearch="false" pogid="1456387" pos="8;96" v="p">
<div atl="NIGHT ANGEL Green Boys Set" class="product-image">
<img border="0" class="lazy-effect" src="http://n2.sdlcdn.com/imgs/a/d/i/230x258/SDL597924665_1371037132_image1-bb5c1.JPG" style="opacity: 1; "/>
</div>
<div class="product_grid_cont_heading">
				NIGHT ANGEL Green Boys Set</div>
<div class="product_grid_cont_price_outer">
<div class="product_price ">
<span class="originalprice ">Rs
									690</span> Rs 600
							</div>
<div class="product_discount_outer ">
<div class="product_discount">
									13%
								</div>
</div>
</div>
<div class="cod-ico"><label class="lang">Cash on Delivery Available</label></div>
</a>
<a categoryid="535" class="hit-ss-logger" href="http://www.snapdeal.com/product/jazzupfull-sleeves-printed-night-suitwhite/92289119?pos=9;96" ispartialsearch="false" pogid="92289119" pos="9;96" v="p">
<div atl="Jazzup-Full Sleeves Printed Night Suit-White" class="product-image">
<img border="0" class="lazy-effect" src="http://n1.sdlcdn.com/imgs/a/g/6/230x258/SDL082656642_1391538560_image1-6c242.jpg" style="opacity: 1; "/>
<div class="shippingImage tooltip">
<span class="box">
<span class="arw"></span>
<label class="dispatched-one-day-lang">Dispatched in 1 business day</label>
</span>
</div>
</div>
<div class="product_grid_cont_heading">
				Jazzup-Full Sleeves Printed Night Suit-White</div>
<div class="product_grid_cont_price_outer">
<div class="product_price no-float">
<span class="originalprice no-display">Rs
									565</span> Rs 565
							</div>
<div class="product_discount_outer no-display">
<div class="product_discount">
									0%
								</div>
</div>
</div>
<div class="cod-ico"><label class="lang">Cash on Delivery Available</label></div>
</a>
<a categoryid="535" class="hit-ss-logger" href="http://www.snapdeal.com/product/jazzupboys-night-suit/2140324227?pos=10;96" ispartialsearch="false" pogid="2140324227" pos="10;96" v="p">
<div atl="Jazzup-Boys Night Suit" class="product-image">
<img border="0" class="lazy-effect" src="http://n3.sdlcdn.com/imgs/a/g/p/230x258/SDL149217467_1388662477_image1-c258f.jpg" style="opacity: 1; "/>
</div>
<div class="product_grid_cont_heading">
				Jazzup-Boys Night Suit</div>
<div class="product_grid_cont_price_outer">
<div class="product_price no-float">
<span class="originalprice no-display">Rs
									429</span> Rs 429
							</div>
<div class="product_discount_outer no-display">
<div class="product_discount">
									0%
								</div>
</div>
</div>
<div class="cod-ico"><label class="lang">Cash on Delivery Available</label></div>
</a>
<a categoryid="535" class="hit-ss-logger" href="http://www.snapdeal.com/product/lil-tomatoes-grey-milange-go/1605334978?pos=11;96" ispartialsearch="false" pogid="1605334978" pos="11;96" v="p">
<div atl="Lil Tomatoes Grey Milange Go Fast Printed Night Suit For Kids" class="product-image">
<img border="0" class="lazy-effect" src="http://n1.sdlcdn.com/imgs/a/g/a/230x258/SDL450786457_1385459621_image1-72e37.jpg" style="opacity: 1; "/>
<div class="shippingImage tooltip">
<span class="box">
<span class="arw"></span>
<label class="dispatched-one-day-lang">Dispatched in 1 business day</label>
</span>
</div>
</div>
<div class="product_grid_cont_heading">
				Lil Tomatoes Grey Milange Go Fast Printed Night Suit For Kids</div>
<div class="product_grid_cont_price_outer">
<div class="product_price ">
<span class="originalprice ">Rs
									849</span> Rs 594
							</div>
<div class="product_discount_outer ">
<div class="product_discount">
									30%
								</div>
</div>
</div>
<div class="cod-ico"><label class="lang">Cash on Delivery Available</label></div>
</a>
<a categoryid="535" class="hit-ss-logger" href="http://www.snapdeal.com/product/lil-tomatoes-black-go-fast/1086901113?pos=12;96" ispartialsearch="false" pogid="1086901113" pos="12;96" v="p">
<div atl="Lil Tomatoes Black Go Fast Printed Night Suit For Kids" class="product-image">
<img border="0" class="lazy-effect" src="http://n4.sdlcdn.com/imgs/a/g/a/230x258/SDL449046833_1385459611_image1-6ba22.jpg" style="opacity: 1; "/>
<div class="shippingImage tooltip">
<span class="box">
<span class="arw"></span>
<label class="dispatched-one-day-lang">Dispatched in 1 business day</label>
</span>
</div>
</div>
<div class="product_grid_cont_heading">
				Lil Tomatoes Black Go Fast Printed Night Suit For Kids</div>
<div class="product_grid_cont_price_outer">
<div class="product_price ">
<span class="originalprice ">Rs
									849</span> Rs 594
							</div>
<div class="product_discount_outer ">
<div class="product_discount">
									30%
								</div>
</div>
</div>
<div class="cod-ico"><label class="lang">Cash on Delivery Available</label></div>
</a>
<a categoryid="535" class="hit-ss-logger" href="http://www.snapdeal.com/product/jazzupboys-night-suit/25336335?pos=13;96" ispartialsearch="false" pogid="25336335" pos="13;96" v="p">
<div atl="Jazzup-Boys Night Suit" class="product-image">
<img border="0" class="lazy-effect" src="http://n4.sdlcdn.com/imgs/a/g/p/230x258/SDL326040333_1388662464_image1-c8fda.jpg" style="opacity: 1; "/>
</div>
<div class="product_grid_cont_heading">
				Jazzup-Boys Night Suit</div>
<div class="product_grid_cont_price_outer">
<div class="product_price no-float">
<span class="originalprice no-display">Rs
									429</span> Rs 429
							</div>
<div class="product_discount_outer no-display">
<div class="product_discount">
									0%
								</div>
</div>
</div>
<div class="cod-ico"><label class="lang">Cash on Delivery Available</label></div>
</a>
<a categoryid="535" class="hit-ss-logger" href="http://www.snapdeal.com/product/f-s-miniklub-colorful-cars/1405429763?pos=14;96" ispartialsearch="false" pogid="1405429763" pos="14;96" v="p">
<div atl="F S Miniklub Colorful Cars Print Nightwear For Kids" class="product-image">
<img border="0" class="lazy-effect" src="http://n4.sdlcdn.com/imgs/a/g/c/230x258/SDL788484797_1385553442_image1-1fa6a.jpg" style="opacity: 1; "/>
</div>
<div class="product_grid_cont_heading">
				F S Miniklub Colorful Cars Print Nightwear For Kids</div>
<div class="ratingStarsSmall ratingStarsBelowTitle" pos="5.0" style="background-position: 0px -180px; "><span>(1)</span></div>
<script type="text/javascript">
						var ratingState = true;
					</script>
<div class="product_grid_cont_price_outer">
<div class="product_price ">
<span class="originalprice ">Rs
									799</span> Rs 479
							</div>
<div class="product_discount_outer ">
<div class="product_discount">
									40%
								</div>
</div>
</div>
<div class="cod-ico"><label class="lang">Cash on Delivery Available</label></div>
</a>
<a categoryid="524" class="hit-ss-logger" href="http://www.snapdeal.com/product/jazzupboys-night-suit/1050731152?pos=15;96" ispartialsearch="false" pogid="1050731152" pos="15;96" v="p"><div alt="Jazzup-Boys Night Suit" atl="Jazzup-Boys Night Suit" class="product-image"><img border="0" class="" lazysrc="http://n3.sdlcdn.com/imgs/a/g/p/230x258/SDL317234010_1388662455_image1-220c5.jpg" src="http://n3.sdlcdn.com/imgs/a/g/p/230x258/SDL317234010_1388662455_image1-220c5.jpg" style="opacity: 1; "/></div><div class="product_grid_cont_heading">Jazzup-Boys Night Suit</div><div class="ratingStarsSmall ratingStarsBelowTitle" style="background-position: 0px -144px;"><span> (1) </span></div><div class="product_grid_cont_price_outer"><div class="product_price no-float"><span class="originalprice no-display">Rs 429</span>  Rs 429</div></div><div class="cod-ico"><label class="lang">Cash on Delivery Available</label></div></a>
<a categoryid="524" class="hit-ss-logger" href="http://www.snapdeal.com/product/jazzupfull-sleeves-printed-night-suitwhite/1139461117?pos=16;96" ispartialsearch="false" pogid="1139461117" pos="16;96" v="p"><div alt="Jazzup-Full Sleeves Printed Night Suit-White" atl="Jazzup-Full Sleeves Printed Night Suit-White" class="product-image"><img border="0" src="http://n4.sdlcdn.com/imgs/a/g/6/230x258/SDL119929179_1391538547_image1-96eb6.jpg" style="opacity: 1; "/><div class="shippingImage tooltip"><span class="box"><span class="arw"></span><label class="lang dispatched-one-day-lang">Dispatched in 1 business day</label></span></div></div><div class="product_grid_cont_heading">Jazzup-Full Sleeves Printed Night Suit-White</div><div class="product_grid_cont_price_outer"><div class="product_price no-float"><span class="originalprice no-display">Rs 565</span>  Rs 565</div></div><div class="cod-ico"><label class="lang">Cash on Delivery Available</label></div></a>
<a categoryid="524" class="hit-ss-logger" href="http://www.snapdeal.com/product/jazzupboys-night-suit/1408451478?pos=17;96" ispartialsearch="false" pogid="1408451478" pos="17;96" v="p"><div alt="Jazzup-Boys Night Suit" atl="Jazzup-Boys Night Suit" class="product-image"><img border="0" class="" lazysrc="http://n4.sdlcdn.com/imgs/a/g/p/230x258/SDL335631073_1388662426_image1-d6a0f.jpg" src="http://n4.sdlcdn.com/imgs/a/g/p/230x258/SDL335631073_1388662426_image1-d6a0f.jpg" style="opacity: 1; "/></div><div class="product_grid_cont_heading">Jazzup-Boys Night Suit</div><div class="product_grid_cont_price_outer"><div class="product_price no-float"><span class="originalprice no-display">Rs 429</span>  Rs 429</div></div><div class="cod-ico"><label class="lang">Cash on Delivery Available</label></div></a>
<a categoryid="524" class="hit-ss-logger" href="http://www.snapdeal.com/product/jazzupboys-night-suitred/130675026?pos=18;96" ispartialsearch="false" pogid="130675026" pos="18;96" v="p"><div alt="Jazzup-Boys Night Suit-Red" atl="Jazzup-Boys Night Suit-Red" class="product-image"><img border="0" class="" lazysrc="http://n4.sdlcdn.com/imgs/a/g/p/230x258/SDL294668443_1388662516_image1-3a565.jpg" src="http://n4.sdlcdn.com/imgs/a/g/p/230x258/SDL294668443_1388662516_image1-3a565.jpg" style="opacity: 1; "/></div><div class="product_grid_cont_heading">Jazzup-Boys Night Suit-Red</div><div class="product_grid_cont_price_outer"><div class="product_price no-float"><span class="originalprice no-display">Rs 469</span>  Rs 469</div></div><div class="cod-ico"><label class="lang">Cash on Delivery Available</label></div></a>
<a categoryid="524" class="hit-ss-logger" href="http://www.snapdeal.com/product/jazzupboys-night-suit/1585708267?pos=19;96" ispartialsearch="false" pogid="1585708267" pos="19;96" v="p"><div alt="Jazzup-Boys Night Suit" atl="Jazzup-Boys Night Suit" class="product-image"><img border="0" class="" lazysrc="http://n4.sdlcdn.com/imgs/a/g/p/230x258/SDL309120843_1388662494_image1-32198.jpg" src="http://n4.sdlcdn.com/imgs/a/g/p/230x258/SDL309120843_1388662494_image1-32198.jpg" style="opacity: 1; "/></div><div class="product_grid_cont_heading">Jazzup-Boys Night Suit</div><div class="ratingStarsSmall ratingStarsBelowTitle" style="background-position: 0px -180px;"><span> (1) </span></div><div class="product_grid_cont_price_outer"><div class="product_price no-float"><span class="originalprice no-display">Rs 429</span>  Rs 429</div></div><div class="cod-ico"><label class="lang">Cash on Delivery Available</label></div></a>
<a categoryid="524" class="hit-ss-logger" href="http://www.snapdeal.com/product/jazzupboys-night-suit/1660429323?pos=20;96" ispartialsearch="false" pogid="1660429323" pos="20;96" v="p"><div alt="Jazzup-Boys Night Suit" atl="Jazzup-Boys Night Suit" class="product-image"><img border="0" class="" lazysrc="http://n4.sdlcdn.com/imgs/a/g/p/230x258/SDL313956267_1388662541_image1-e7143.jpg" src="http://n4.sdlcdn.com/imgs/a/g/p/230x258/SDL313956267_1388662541_image1-e7143.jpg" style="opacity: 1; "/></div><div class="product_grid_cont_heading">Jazzup-Boys Night Suit</div><div class="product_grid_cont_price_outer"><div class="product_price no-float"><span class="originalprice no-display">Rs 429</span>  Rs 429</div></div><div class="cod-ico"><label class="lang">Cash on Delivery Available</label></div></a>
<a categoryid="524" class="hit-ss-logger" href="http://www.snapdeal.com/product/jazzupboys-night-suitred/1825428626?pos=21;96" ispartialsearch="false" pogid="1825428626" pos="21;96" v="p"><div alt="Jazzup-Boys Night Suit-Red" atl="Jazzup-Boys Night Suit-Red" class="product-image"><img border="0" class="" lazysrc="http://n3.sdlcdn.com/imgs/a/g/p/230x258/SDL147171138_1388662539_image1-96a72.jpg" src="http://n3.sdlcdn.com/imgs/a/g/p/230x258/SDL147171138_1388662539_image1-96a72.jpg" style="opacity: 1; "/></div><div class="product_grid_cont_heading">Jazzup-Boys Night Suit-Red</div><div class="product_grid_cont_price_outer"><div class="product_price no-float"><span class="originalprice no-display">Rs 469</span>  Rs 469</div></div><div class="cod-ico"><label class="lang">Cash on Delivery Available</label></div></a>
<a categoryid="524" class="hit-ss-logger" href="http://www.snapdeal.com/product/jazzupboys-night-suit/1787978309?pos=22;96" ispartialsearch="false" pogid="1787978309" pos="22;96" v="p"><div alt="Jazzup-Boys Night Suit" atl="Jazzup-Boys Night Suit" class="product-image"><img border="0" class="" lazysrc="http://n4.sdlcdn.com/imgs/a/g/p/230x258/SDL157832892_1388662429_image1-f999e.jpg" src="http://n4.sdlcdn.com/imgs/a/g/p/230x258/SDL157832892_1388662429_image1-f999e.jpg" style="opacity: 1; "/></div><div class="product_grid_cont_heading">Jazzup-Boys Night Suit</div><div class="product_grid_cont_price_outer"><div class="product_price no-float"><span class="originalprice no-display">Rs 429</span>  Rs 429</div></div><div class="cod-ico"><label class="lang">Cash on Delivery Available</label></div></a>
<a categoryid="524" class="hit-ss-logger" href="http://www.snapdeal.com/product/jazzupboys-night-suitred/1773606376?pos=23;96" ispartialsearch="false" pogid="1773606376" pos="23;96" v="p"><div alt="Jazzup-Boys Night Suit-Red" atl="Jazzup-Boys Night Suit-Red" class="product-image"><img border="0" class="" lazysrc="http://n4.sdlcdn.com/imgs/a/g/p/230x258/SDL274606654_1388662472_image1-8285b.jpg" src="http://n4.sdlcdn.com/imgs/a/g/p/230x258/SDL274606654_1388662472_image1-8285b.jpg" style="opacity: 1; "/></div><div class="product_grid_cont_heading">Jazzup-Boys Night Suit-Red</div><div class="product_grid_cont_price_outer"><div class="product_price no-float"><span class="originalprice no-display">Rs 469</span>  Rs 469</div></div><div class="cod-ico"><label class="lang">Cash on Delivery Available</label></div></a>
<a categoryid="524" class="hit-ss-logger" href="http://www.snapdeal.com/product/jazzupboys-night-suit/348842545?pos=24;96" ispartialsearch="false" pogid="348842545" pos="24;96" v="p"><div alt="Jazzup-Boys Night Suit" atl="Jazzup-Boys Night Suit" class="product-image"><img border="0" class="" lazysrc="http://n3.sdlcdn.com/imgs/a/g/p/230x258/SDL340530184_1388662435_image1-47b44.jpg" src="http://n3.sdlcdn.com/imgs/a/g/p/230x258/SDL340530184_1388662435_image1-47b44.jpg" style="opacity: 1; "/></div><div class="product_grid_cont_heading">Jazzup-Boys Night Suit</div><div class="product_grid_cont_price_outer"><div class="product_price no-float"><span class="originalprice no-display">Rs 429</span>  Rs 429</div></div><div class="cod-ico"><label class="lang">Cash on Delivery Available</label></div></a>
<a categoryid="524" class="hit-ss-logger" href="http://www.snapdeal.com/product/jazzupboys-night-suitred/447497443?pos=25;96" ispartialsearch="false" pogid="447497443" pos="25;96" v="p"><div alt="Jazzup-Boys Night Suit-Red" atl="Jazzup-Boys Night Suit-Red" class="product-image"><img border="0" class="" lazysrc="http://n2.sdlcdn.com/imgs/a/g/p/230x258/SDL284848466_1388662498_image1-ae014.jpg" src="http://n2.sdlcdn.com/imgs/a/g/p/230x258/SDL284848466_1388662498_image1-ae014.jpg" style="opacity: 1; "/></div><div class="product_grid_cont_heading">Jazzup-Boys Night Suit-Red</div><div class="ratingStarsSmall ratingStarsBelowTitle" style="background-position: 0px -144px;"><span> (1) </span></div><div class="product_grid_cont_price_outer"><div class="product_price no-float"><span class="originalprice no-display">Rs 469</span>  Rs 469</div></div><div class="cod-ico"><label class="lang">Cash on Delivery Available</label></div></a>
<a categoryid="524" class="hit-ss-logger" href="http://www.snapdeal.com/product/jazzupboys-night-suit/934812525?pos=26;96" ispartialsearch="false" pogid="934812525" pos="26;96" v="p"><div alt="Jazzup-Boys Night Suit" atl="Jazzup-Boys Night Suit" class="product-image"><img border="0" class="" lazysrc="http://n4.sdlcdn.com/imgs/a/g/p/230x258/SDL327907826_1388662453_image1-beedb.jpg" src="http://n4.sdlcdn.com/imgs/a/g/p/230x258/SDL327907826_1388662453_image1-beedb.jpg" style="opacity: 1; "/></div><div class="product_grid_cont_heading">Jazzup-Boys Night Suit</div><div class="product_grid_cont_price_outer"><div class="product_price no-float"><span class="originalprice no-display">Rs 429</span>  Rs 429</div></div><div class="cod-ico"><label class="lang">Cash on Delivery Available</label></div></a>
<a categoryid="524" class="hit-ss-logger" href="http://www.snapdeal.com/product/jazzupboys-night-suit/1049800390?pos=27;96" ispartialsearch="false" pogid="1049800390" pos="27;96" v="p"><div alt="Jazzup-Boys Night Suit" atl="Jazzup-Boys Night Suit" class="product-image"><img border="0" class="" lazysrc="http://n3.sdlcdn.com/imgs/a/g/p/230x258/SDL161084031_1388662509_image1-51f41.jpg" src="http://n3.sdlcdn.com/imgs/a/g/p/230x258/SDL161084031_1388662509_image1-51f41.jpg" style="opacity: 1; "/></div><div class="product_grid_cont_heading">Jazzup-Boys Night Suit</div><div class="product_grid_cont_price_outer"><div class="product_price no-float"><span class="originalprice no-display">Rs 429</span>  Rs 429</div></div><div class="cod-ico"><label class="lang">Cash on Delivery Available</label></div></a>
<a categoryid="524" class="hit-ss-logger" href="http://www.snapdeal.com/product/f-s-miniklub-ship-print/1250553220?pos=28;96" ispartialsearch="false" pogid="1250553220" pos="28;96" v="p"><div alt="F S Miniklub Ship Print Nightwear For Kids" atl="F S Miniklub Ship Print Nightwear For Kids" class="product-image"><img border="0" class="" lazysrc="http://n2.sdlcdn.com/imgs/a/g/c/230x258/SDL790446237_1385553409_image1-d9d3b.jpg" src="http://n2.sdlcdn.com/imgs/a/g/c/230x258/SDL790446237_1385553409_image1-d9d3b.jpg" style="opacity: 1; "/></div><div class="product_grid_cont_heading">F S Miniklub Ship Print Nightwear For Kids</div><div class="ratingStarsSmall ratingStarsBelowTitle" style="background-position: 0px -144px;"><span> (4) </span></div><div class="product_grid_cont_price_outer"><div class="product_price "><span class="originalprice ">Rs 799</span>  Rs 479</div><div class="product_discount_outer"><div class="product_discount">40%</div></div></div><div class="cod-ico"><label class="lang">Cash on Delivery Available</label></div></a>
