<a categoryid="715" class="hit-ss-logger" href="http://www.snapdeal.com/product/mamy-poko-pants-medium-size/220832?pos=0;0" ispartialsearch="false" pogid="220832" pos="0;0" v="p">
<div atl="Mamy Poko Pants M (7-12 Kg), 64 Pcs" class="product-image">
<img border="0" class="" src="http://n1.sdlcdn.com/imgs/a/a/w/166x194/NMPD18107_M_1_2X-f375e.jpg" style=""/>
<div class="shippingImage tooltip">
<span class="box">
<span class="arw"></span>
<label class="dispatched-one-day-lang">Dispatched in 1 business day</label>
</span>
</div>
</div>
<div class="product_grid_cont_heading">
				Mamy Poko Pants M (7-12 Kg), 64 Pcs</div>
<div class="ratingStarsSmall ratingStarsBelowTitle" pos="4.5" style="background-position: 0px -162px; "><span>(91)</span></div>
<script type="text/javascript">
						var ratingState = true;
					</script>
<div class="product_grid_cont_price_outer">
<div class="product_price ">
<span class="originalprice ">Rs
									699</span> Rs 657
							</div>
<div class="product_discount_outer ">
<div class="product_discount">
									6%
								</div>
</div>
</div>
<div class="cod-ico"><label class="lang">Cash on Delivery Available</label></div>
</a>
<a categoryid="715" class="hit-ss-logger" href="http://www.snapdeal.com/product/himalaya-baby-lotion400ml/567860711?pos=1;0" ispartialsearch="false" pogid="567860711" pos="1;0" v="p">
<div atl="Himalaya Baby Lotion-400ml" class="product-image">
<img border="0" class="" src="http://n4.sdlcdn.com/imgs/a/d/d/166x194/SDL559851160_1377769888_image1-ef1d9.jpg" style=""/>
</div>
<div class="product_grid_cont_heading">
				Himalaya Baby Lotion-400ml</div>
<div class="ratingStarsSmall ratingStarsBelowTitle" pos="4.7" style="background-position: 0px -162px; "><span>(74)</span></div>
<script type="text/javascript">
						var ratingState = true;
					</script>
<div class="product_grid_cont_price_outer">
<div class="product_price ">
<span class="originalprice ">Rs
									215</span> Rs 176
							</div>
<div class="product_discount_outer ">
<div class="product_discount">
									18%
								</div>
</div>
</div>
<div class="cod-ico"><label class="lang">Cash on Delivery Available</label></div>
</a>
<a categoryid="715" class="hit-ss-logger" href="http://www.snapdeal.com/product/bio-oil60ml/2122590789?pos=2;0" ispartialsearch="false" pogid="2122590789" pos="2;0" v="p">
<div atl="Bio Oil-60ml" class="product-image">
<img border="0" class="" src="http://n3.sdlcdn.com/imgs/a/g/y/166x194/SDL672247904_1390286245_image1-bf21b.jpg" style=""/>
</div>
<div class="product_grid_cont_heading">
				Bio Oil-60ml</div>
<div class="ratingStarsSmall ratingStarsBelowTitle" pos="4.5" style="background-position: 0px -162px; "><span>(2)</span></div>
<script type="text/javascript">
						var ratingState = true;
					</script>
<div class="product_grid_cont_price_outer">
<div class="product_price ">
<span class="originalprice ">Rs
									450</span> Rs 440
							</div>
<div class="product_discount_outer ">
<div class="product_discount">
									2%
								</div>
</div>
</div>
<div class="cod-ico"><label class="lang">Cash on Delivery Available</label></div>
</a>
<a categoryid="715" class="hit-ss-logger" href="http://www.snapdeal.com/product/mamy-poko-pants-xxxl-1835/98075640?pos=3;0" ispartialsearch="false" pogid="98075640" pos="3;0" v="p">
<div atl="Mamy Poko Pants XXXL (18-35  Kg)-7 Pcs-Set of 5" class="product-image">
<img border="0" class="" src="http://n4.sdlcdn.com/imgs/a/g/r/166x194/SDL605074990_1389082414_image1-fc027.jpg" style=""/>
</div>
<div class="product_grid_cont_heading">
				Mamy Poko Pants XXXL (18-35  Kg)-7 Pcs-Set of 5</div>
<div class="product_grid_cont_price_outer">
<div class="product_price ">
<span class="originalprice ">Rs
									1495</span> Rs 1271
							</div>
<div class="product_discount_outer ">
<div class="product_discount">
									15%
								</div>
</div>
</div>
</a>
<a categoryid="715" class="hit-ss-logger" href="http://www.snapdeal.com/product/chicco-hot-humidifier-humi-relax/536136667?pos=4;0" ispartialsearch="false" pogid="536136667" pos="4;0" v="p">
<div atl="Chicco Hot Humidifier Humi Relax" class="product-image">
<img border="0" class="" src="http://n4.sdlcdn.com/imgs/a/g/l/166x194/SDL718748900_1387804740_image1-eeb3e.jpg" style=""/>
</div>
<div class="product_grid_cont_heading">
				Chicco Hot Humidifier Humi Relax</div>
<div class="product_grid_cont_price_outer">
<div class="product_price ">
<span class="originalprice ">Rs
									4999</span> Rs 4249
							</div>
<div class="product_discount_outer ">
<div class="product_discount">
									15%
								</div>
</div>
</div>
<div class="cod-ico"><label class="lang">Cash on Delivery Available</label></div>
</a>
<a categoryid="715" class="hit-ss-logger" href="http://www.snapdeal.com/product/mamy-poko-pants-large-size/220830?pos=5;0" ispartialsearch="false" pogid="220830" pos="5;0" v="p">
<div atl="Mamy Poko Pants L (9 - 14 kg), 56 Pcs" class="product-image">
<img border="0" class="" src="http://n1.sdlcdn.com/imgs/a/a/w/166x194/NMPD18103_M_1_2X-74ff7.jpg" style=""/>
<div class="shippingImage tooltip">
<span class="box">
<span class="arw"></span>
<label class="dispatched-one-day-lang">Dispatched in 1 business day</label>
</span>
</div>
</div>
<div class="product_grid_cont_heading">
				Mamy Poko Pants L (9 - 14 kg), 56 Pcs</div>
<div class="ratingStarsSmall ratingStarsBelowTitle" pos="4.7" style="background-position: 0px -162px; "><span>(49)</span></div>
<script type="text/javascript">
						var ratingState = true;
					</script>
<div class="product_grid_cont_price_outer">
<div class="product_price ">
<span class="originalprice ">Rs
									699</span> Rs 657
							</div>
<div class="product_discount_outer ">
<div class="product_discount">
									6%
								</div>
</div>
</div>
<div class="cod-ico"><label class="lang">Cash on Delivery Available</label></div>
</a>
<a categoryid="715" class="hit-ss-logger" href="http://www.snapdeal.com/product/medela-calma-solitaire-teat/385380734?pos=6;0" ispartialsearch="false" pogid="385380734" pos="6;0" v="p">
<div atl="Medela Calma Solitaire Teat" class="product-image">
<img border="0" class="" src="http://n1.sdlcdn.com/imgs/a/c/9/166x194/SDL260237869_1375874593_image1-6aa2c.jpg" style=""/>
</div>
<div class="product_grid_cont_heading">
				Medela Calma Solitaire Teat</div>
<div class="product_grid_cont_price_outer">
<div class="product_price ">
<span class="originalprice ">Rs
									2199</span> Rs 1812
							</div>
<div class="product_discount_outer ">
<div class="product_discount">
									18%
								</div>
</div>
</div>
<div class="cod-ico"><label class="lang">Cash on Delivery Available</label></div>
</a>
<a categoryid="715" class="hit-ss-logger" href="http://www.snapdeal.com/product/playtex-ventaire-bubble-free-silicone/1389434413?pos=7;0" ispartialsearch="false" pogid="1389434413" pos="7;0" v="p">
<div atl="Playtex Ventaire Bubble Free Silicone Feeding Nipples Stage 2 Fast Flow - 2 Pack" class="product-image">
<img border="0" class="" src="http://n3.sdlcdn.com/imgs/a/d/7/166x194/SDL331545607_1373361669_image1-7ae92.jpg" style=""/>
</div>
<div class="product_grid_cont_heading">
				Playtex Ventaire Bubble Free Silicone Feeding Nipples Stage 2 Fast Flow - 2 Pack</div>
<div class="product_grid_cont_price_outer">
<div class="product_price ">
<span class="originalprice ">Rs
									2095</span> Rs 1277
							</div>
<div class="product_discount_outer ">
<div class="product_discount">
									39%
								</div>
</div>
</div>
<div class="cod-ico"><label class="lang">Cash on Delivery Available</label></div>
</a>
