<a categoryid="597" class="hit-ss-logger" href="http://www.snapdeal.com/product/lianas-flower-slimming-tea/1391438?pos=0;96" ispartialsearch="false" pogid="1391438" pos="0;96" v="p">
<div atl="Lianas Flower Slimming Tea" class="product-image">
<img border="0" class="lazy-effect" src="http://n3.sdlcdn.com/imgs/a/b/o/166x194/SDL431699243_1369042529_image1-7a9fb.jpg" style="opacity: 1; "/>
</div>
<div class="product_grid_cont_heading">
				Lianas Flower Slimming Tea</div>
<div class="ratingStarsSmall ratingStarsBelowTitle" pos="5.0" style="background-position: 0px -180px; "><span>(2)</span></div>
<script type="text/javascript">
						var ratingState = true;
					</script>
<div class="product_grid_cont_price_outer">
<div class="product_price ">
<span class="originalprice ">Rs
									3999</span> Rs 1999
							</div>
<div class="product_discount_outer ">
<div class="product_discount">
									50%
								</div>
</div>
</div>
<div class="cod-ico"><label class="lang">Cash on Delivery Available</label></div>
</a>
<a categoryid="597" class="hit-ss-logger" href="http://www.snapdeal.com/product/laci-le-beau-lemon-mint/235196?pos=1;96" ispartialsearch="false" pogid="235196" pos="1;96" v="p">
<div atl="Laci Le Beau Lemon Mint Super Dieter's Tea - 60 Tea Bags" class="product-image">
<img border="0" class="lazy-effect" src="http://n1.sdlcdn.com/imgs/a/a/x/166x194/MYNUTRA138_M_1_2x-c109b.jpg" style="opacity: 1; "/>
</div>
<div class="product_grid_cont_heading">
				Laci Le Beau Lemon Mint Super Dieter's Tea - 60 Tea Bags</div>
<div class="product_grid_cont_price_outer">
<div class="product_price ">
<span class="originalprice ">Rs
									900</span> Rs 829
							</div>
<div class="product_discount_outer ">
<div class="product_discount">
									8%
								</div>
</div>
</div>
<div class="cod-ico"><label class="lang">Cash on Delivery Available</label></div>
</a>
<a categoryid="597" class="hit-ss-logger" href="http://www.snapdeal.com/product/gaia-mint-green-tea-25/1482146?pos=2;96" ispartialsearch="false" pogid="1482146" pos="2;96" v="p">
<div atl="Gaia Mint Green Tea (25 Tea Bags) - Pack Of 2" class="product-image">
<img border="0" class="lazy-effect" src="http://n4.sdlcdn.com/imgs/a/d/l/166x194/SDL108267090_1371814815_image1-40557.jpg" style="opacity: 1; "/>
</div>
<div class="product_grid_cont_heading">
				Gaia Mint Green Tea (25 Tea Bags) - Pack Of 2</div>
<div class="ratingStarsSmall ratingStarsBelowTitle" pos="3.0" style="background-position: 0px -108px; "><span>(3)</span></div>
<script type="text/javascript">
						var ratingState = true;
					</script>
<div class="product_grid_cont_price_outer">
<div class="product_price ">
<span class="originalprice ">Rs
									250</span> Rs 217
							</div>
<div class="product_discount_outer ">
<div class="product_discount">
									13%
								</div>
</div>
</div>
<div class="cod-ico"><label class="lang">Cash on Delivery Available</label></div>
</a>
<a categoryid="597" class="hit-ss-logger" href="http://www.snapdeal.com/product/gaia-green-tea-25-tea/1482141?pos=3;96" ispartialsearch="false" pogid="1482141" pos="3;96" v="p">
<div atl="Gaia Green Tea 25 Tea Bags - Pack Of 2" class="product-image">
<img border="0" class="lazy-effect" src="http://n1.sdlcdn.com/imgs/a/d/l/166x194/SDL107772729_1371814809_image1-ce74c.jpg" style="opacity: 1; "/>
</div>
<div class="product_grid_cont_heading">
				Gaia Green Tea 25 Tea Bags - Pack Of 2</div>
<div class="product_grid_cont_price_outer">
<div class="product_price ">
<span class="originalprice ">Rs
									250</span> Rs 217
							</div>
<div class="product_discount_outer ">
<div class="product_discount">
									13%
								</div>
</div>
</div>
<div class="cod-ico"><label class="lang">Cash on Delivery Available</label></div>
</a>
<a categoryid="597" class="hit-ss-logger" href="http://www.snapdeal.com/product/gaia-tulsi-green-tea-25/1482129?pos=4;96" ispartialsearch="false" pogid="1482129" pos="4;96" v="p">
<div atl="Gaia Tulsi Green Tea (25 Tea Bags) - Pack Of 2" class="product-image">
<img border="0" class="lazy-effect" src="http://n2.sdlcdn.com/imgs/a/d/l/166x194/SDL108002353_1371814797_image1-bf397.jpg" style="opacity: 1; "/>
<div class="shippingImage tooltip">
<span class="box">
<span class="arw"></span>
<label class="dispatched-one-day-lang">Dispatched in 1 business day</label>
</span>
</div>
</div>
<div class="product_grid_cont_heading">
				Gaia Tulsi Green Tea (25 Tea Bags) - Pack Of 2</div>
<div class="ratingStarsSmall ratingStarsBelowTitle" pos="3.2" style="background-position: 0px -126px; "><span>(5)</span></div>
<script type="text/javascript">
						var ratingState = true;
					</script>
<div class="product_grid_cont_price_outer">
<div class="product_price ">
<span class="originalprice ">Rs
									250</span> Rs 217
							</div>
<div class="product_discount_outer ">
<div class="product_discount">
									13%
								</div>
</div>
</div>
<div class="cod-ico"><label class="lang">Cash on Delivery Available</label></div>
</a>
<a categoryid="597" class="hit-ss-logger" href="http://www.snapdeal.com/product/gaia-ginger-green-tea-25/1482166?pos=5;96" ispartialsearch="false" pogid="1482166" pos="5;96" v="p">
<div atl="Gaia Ginger Green Tea (25 Tea Bags) - Pack Of 2" class="product-image">
<img border="0" class="lazy-effect" src="http://n4.sdlcdn.com/imgs/a/d/l/166x194/SDL107890532_1371814834_image1-9c105.jpg" style="opacity: 1; "/>
</div>
<div class="product_grid_cont_heading">
				Gaia Ginger Green Tea (25 Tea Bags) - Pack Of 2</div>
<div class="ratingStarsSmall ratingStarsBelowTitle" pos="4.0" style="background-position: 0px -144px; "><span>(10)</span></div>
<script type="text/javascript">
						var ratingState = true;
					</script>
<div class="product_grid_cont_price_outer">
<div class="product_price ">
<span class="originalprice ">Rs
									250</span> Rs 217
							</div>
<div class="product_discount_outer ">
<div class="product_discount">
									13%
								</div>
</div>
</div>
<div class="cod-ico"><label class="lang">Cash on Delivery Available</label></div>
</a>
<a categoryid="597" class="hit-ss-logger" href="http://www.snapdeal.com/product/planet-ayurveda-detox-tea-125/237316?pos=6;96" ispartialsearch="false" pogid="237316" pos="6;96" v="p">
<div atl="Planet Ayurveda Detox Tea - 125 g" class="product-image">
<img border="0" class="lazy-effect" src="http://n3.sdlcdn.com/imgs/a/a/x/166x194/PLAYUR056_M_1_2x-4ab6d.jpg" style="opacity: 1; "/>
<div class="shippingImage tooltip">
<span class="box">
<span class="arw"></span>
<label class="dispatched-one-day-lang">Dispatched in 1 business day</label>
</span>
</div>
</div>
<div class="product_grid_cont_heading">
				Planet Ayurveda Detox Tea - 125 g</div>
<div class="ratingStarsSmall ratingStarsBelowTitle" pos="4.3" style="background-position: 0px -162px; "><span>(3)</span></div>
<script type="text/javascript">
						var ratingState = true;
					</script>
<div class="product_grid_cont_price_outer">
<div class="product_price ">
<span class="originalprice ">Rs
									360</span> Rs 282
							</div>
<div class="product_discount_outer ">
<div class="product_discount">
									22%
								</div>
</div>
</div>
<div class="cod-ico"><label class="lang">Cash on Delivery Available</label></div>
</a>
<a categoryid="597" class="hit-ss-logger" href="http://www.snapdeal.com/product/gaia-assorted-flavours-green-tea/1482158?pos=7;96" ispartialsearch="false" pogid="1482158" pos="7;96" v="p">
<div atl="Gaia Assorted Flavours Green Tea (25 Tea Bags) - Pack Of 2" class="product-image">
<img border="0" class="lazy-effect" src="http://n1.sdlcdn.com/imgs/a/d/l/166x194/SDL108370191_1371814816_image1-c06d5.jpg" style="opacity: 1; "/>
<div class="shippingImage tooltip">
<span class="box">
<span class="arw"></span>
<label class="dispatched-one-day-lang">Dispatched in 1 business day</label>
</span>
</div>
</div>
<div class="product_grid_cont_heading">
				Gaia Assorted Flavours Green Tea (25 Tea Bags) - Pack Of 2</div>
<div class="ratingStarsSmall ratingStarsBelowTitle" pos="4.5" style="background-position: 0px -162px; "><span>(6)</span></div>
<script type="text/javascript">
						var ratingState = true;
					</script>
<div class="product_grid_cont_price_outer">
<div class="product_price ">
<span class="originalprice ">Rs
									250</span> Rs 217
							</div>
<div class="product_discount_outer ">
<div class="product_discount">
									13%
								</div>
</div>
</div>
<div class="cod-ico"><label class="lang">Cash on Delivery Available</label></div>
</a>
<a categoryid="597" class="hit-ss-logger" href="http://www.snapdeal.com/product/gaia-lemon-green-tea-25/1482126?pos=8;96" ispartialsearch="false" pogid="1482126" pos="8;96" v="p">
<div atl="Gaia Lemon Green Tea ( 25 Tea Bags) - Pack Of 2" class="product-image">
<img border="0" class="lazy-effect" src="http://n2.sdlcdn.com/imgs/a/d/l/166x194/SDL107891217_1371814799_image1-fb0fe.jpg" style="opacity: 1; "/>
</div>
<div class="product_grid_cont_heading">
				Gaia Lemon Green Tea ( 25 Tea Bags) - Pack Of 2</div>
<div class="ratingStarsSmall ratingStarsBelowTitle" pos="2.8" style="background-position: 0px -108px; "><span>(13)</span></div>
<script type="text/javascript">
						var ratingState = true;
					</script>
<div class="product_grid_cont_price_outer">
<div class="product_price ">
<span class="originalprice ">Rs
									250</span> Rs 217
							</div>
<div class="product_discount_outer ">
<div class="product_discount">
									13%
								</div>
</div>
</div>
<div class="cod-ico"><label class="lang">Cash on Delivery Available</label></div>
</a>
<a categoryid="597" class="hit-ss-logger" href="http://www.snapdeal.com/product/nirvana-green-tea-50-gm/407609?pos=9;96" ispartialsearch="false" pogid="407609" pos="9;96" v="p">
<div atl="Nirvana Green Tea - 50 gm Cardamom" class="product-image">
<img border="0" class="lazy-effect" src="http://n3.sdlcdn.com/imgs/a/a/u/166x194/green_tea_copy_M_1_2x-0a564.jpg" style="opacity: 1; "/>
<div class="shippingImage tooltip">
<span class="box">
<span class="arw"></span>
<label class="dispatched-one-day-lang">Dispatched in 1 business day</label>
</span>
</div>
</div>
<div class="product_grid_cont_heading">
				Nirvana Green Tea - 50 gm Cardamom</div>
<div class="ratingStarsSmall ratingStarsBelowTitle" pos="4.2" style="background-position: 0px -162px; "><span>(13)</span></div>
<script type="text/javascript">
						var ratingState = true;
					</script>
<div class="product_grid_cont_price_outer">
<div class="product_price ">
<span class="originalprice ">Rs
									125</span> Rs 100
							</div>
<div class="product_discount_outer ">
<div class="product_discount">
									20%
								</div>
</div>
</div>
<div class="cod-ico"><label class="lang">Cash on Delivery Available</label></div>
</a>
<a categoryid="597" class="hit-ss-logger" href="http://www.snapdeal.com/product/organic-india-tulsi-tea-india/431186?pos=10;96" ispartialsearch="false" pogid="431186" pos="10;96" v="p">
<div atl="Organic India Tulsi Tea India Breakfast Combo ( 3 x 18 Tea Bags )" class="product-image">
<img border="0" class="lazy-effect" src="http://n3.sdlcdn.com/imgs/a/a/k/166x194/OI010_M_1_2x-44029.jpg" style="opacity: 1; "/>
</div>
<div class="product_grid_cont_heading">
				Organic India Tulsi Tea India Breakfast Combo ( 3 x 18 Tea Bags )</div>
<div class="ratingStarsSmall ratingStarsBelowTitle" pos="4.9" style="background-position: 0px -180px; "><span>(8)</span></div>
<script type="text/javascript">
						var ratingState = true;
					</script>
<div class="product_grid_cont_price_outer">
<div class="product_price ">
<span class="originalprice ">Rs
									234</span> Rs 196
							</div>
<div class="product_discount_outer ">
<div class="product_discount">
									16%
								</div>
</div>
</div>
<div class="cod-ico"><label class="lang">Cash on Delivery Available</label></div>
</a>
<a categoryid="597" class="hit-ss-logger" href="http://www.snapdeal.com/product/tea-hawthorne-berries-24-bags/1244421?pos=11;96" ispartialsearch="false" pogid="1244421" pos="11;96" v="p">
<div atl="Tea Hawthorne Berries 24 Bags" class="product-image">
<img border="0" class="lazy-effect" src="http://n1.sdlcdn.com/imgs/a/b/f/166x194/SDL417647324_1365499145_image1-75a08.jpg" style="opacity: 1; "/>
</div>
<div class="product_grid_cont_heading">
				Tea Hawthorne Berries 24 Bags</div>
<div class="product_grid_cont_price_outer">
<div class="product_price ">
<span class="originalprice ">Rs
									3839</span> Rs 2879
							</div>
<div class="product_discount_outer ">
<div class="product_discount">
									25%
								</div>
</div>
</div>
</a>
<a categoryid="597" class="hit-ss-logger" href="http://www.snapdeal.com/product/alvita-caffeine-free-tea-panax/1242687?pos=12;96" ispartialsearch="false" pogid="1242687" pos="12;96" v="p">
<div atl="Alvita Caffeine Free Tea Panax Ginseng -- 24 Tea Bags" class="product-image">
<img border="0" class="lazy-effect" src="http://n2.sdlcdn.com/imgs/a/b/f/166x194/SDL012906939_1365492716_image1-7dad6.jpg" style="opacity: 1; "/>
</div>
<div class="product_grid_cont_heading">
				Alvita Caffeine Free Tea Panax Ginseng -- 24 Tea Bags</div>
<div class="product_grid_cont_price_outer">
<div class="product_price ">
<span class="originalprice ">Rs
									4871</span> Rs 3653
							</div>
<div class="product_discount_outer ">
<div class="product_discount">
									25%
								</div>
</div>
</div>
</a>
<a categoryid="597" class="hit-ss-logger" href="http://www.snapdeal.com/product/alvita-hyssop-herb-caffeine-free/1242618?pos=13;96" ispartialsearch="false" pogid="1242618" pos="13;96" v="p">
<div atl="Alvita Hyssop Herb Caffeine Free 24 Tea Bags" class="product-image">
<img border="0" class="lazy-effect" src="http://n4.sdlcdn.com/imgs/a/b/f/166x194/SDL093594261_1365492636_image1-cef90.jpg" style="opacity: 1; "/>
</div>
<div class="product_grid_cont_heading">
				Alvita Hyssop Herb Caffeine Free 24 Tea Bags</div>
<div class="product_grid_cont_price_outer">
<div class="product_price ">
<span class="originalprice ">Rs
									2866</span> Rs 2150
							</div>
<div class="product_discount_outer ">
<div class="product_discount">
									25%
								</div>
</div>
</div>
</a>
<a categoryid="597" class="hit-ss-logger" href="http://www.snapdeal.com/product/tvc-dr-slim-tea-2/1187801754?pos=14;96" ispartialsearch="false" pogid="1187801754" pos="14;96" v="p">
<div atl="TVC Dr. Slim Tea- 2 Packets" class="product-image">
<img border="0" class="lazy-effect" src="http://n3.sdlcdn.com/imgs/a/c/2/166x194/SDL131361773_1374033550_image1-1ed91.jpg" style="opacity: 1; "/>
</div>
<div class="product_grid_cont_heading">
				TVC Dr. Slim Tea- 2 Packets</div>
<div class="product_grid_cont_price_outer">
<div class="product_price ">
<span class="originalprice ">Rs
									1800</span> Rs 1490
							</div>
<div class="product_discount_outer ">
<div class="product_discount">
									17%
								</div>
</div>
</div>
<div class="cod-ico"><label class="lang">Cash on Delivery Available</label></div>
</a>
<a categoryid="597" class="hit-ss-logger" href="http://www.snapdeal.com/product/organic-india-wooden-box-big/431156?pos=15;96" ispartialsearch="false" pogid="431156" pos="15;96" v="p">
<div atl="Organic India Wooden Box - Big - 4 x 25 Tea Bags" class="product-image">
<img border="0" class="lazy-effect" src="http://n4.sdlcdn.com/imgs/a/a/k/166x194/OI018_M_1_2x-d3bed.jpg" style="opacity: 1; "/>
</div>
<div class="product_grid_cont_heading">
				Organic India Wooden Box - Big - 4 x 25 Tea Bags</div>
<div class="product_grid_cont_price_outer">
<div class="product_price no-float">
<span class="originalprice no-display">Rs
									799</span> Rs 799
							</div>
<div class="product_discount_outer no-display">
<div class="product_discount">
									0%
								</div>
</div>
</div>
<div class="cod-ico"><label class="lang">Cash on Delivery Available</label></div>
</a>
<a categoryid="597" class="hit-ss-logger" href="http://www.snapdeal.com/product/organic-india-tulsi-honey-chamomile/431159?pos=16;96" ispartialsearch="false" pogid="431159" pos="16;96" v="p">
<div atl="Organic India Tulsi Honey Chamomile Combo ( 3 x 18 Tea Bags )" class="product-image">
<img border="0" class="lazy-effect" src="http://n4.sdlcdn.com/imgs/a/a/k/166x194/OI016_M_1_2x-2b3dc.jpg" style="opacity: 1; "/>
</div>
<div class="product_grid_cont_heading">
				Organic India Tulsi Honey Chamomile Combo ( 3 x 18 Tea Bags )</div>
<div class="ratingStarsSmall ratingStarsBelowTitle" pos="1.0" style="background-position: 0px -36px; "><span>(1)</span></div>
<script type="text/javascript">
						var ratingState = true;
					</script>
<div class="product_grid_cont_price_outer">
<div class="product_price no-float">
<span class="originalprice no-display">Rs
									354</span> Rs 353
							</div>
<div class="product_discount_outer no-display">
<div class="product_discount">
									0%
								</div>
</div>
</div>
<div class="cod-ico"><label class="lang">Cash on Delivery Available</label></div>
</a>
<a categoryid="597" class="hit-ss-logger" href="http://www.snapdeal.com/product/unived-health-tea-organic-soap/1536842182?pos=17;96" ispartialsearch="false" pogid="1536842182" pos="17;96" v="p">
<div atl="UNIVED HEALTH TEA &amp; ORGANIC SOAP SET" class="product-image">
<img border="0" class="lazy-effect" src="http://n4.sdlcdn.com/imgs/a/e/8/166x194/SDL437965361_1382432042_image1-1da10.jpg" style="opacity: 1; "/>
</div>
<div class="product_grid_cont_heading">
				UNIVED HEALTH TEA &amp; ORGANIC SOAP SET</div>
<div class="product_grid_cont_price_outer">
<div class="product_price ">
<span class="originalprice ">Rs
									1980</span> Rs 1500
							</div>
<div class="product_discount_outer ">
<div class="product_discount">
									24%
								</div>
</div>
</div>
<div class="cod-ico"><label class="lang">Cash on Delivery Available</label></div>
</a>
<a categoryid="597" class="hit-ss-logger" href="http://www.snapdeal.com/product/gaia-lemon-green-ice-tea/1482173?pos=18;96" ispartialsearch="false" pogid="1482173" pos="18;96" v="p">
<div atl="Gaia Lemon Green Ice Tea (20 Sachets) - Pack Of 2" class="product-image">
<img border="0" class="lazy-effect" src="http://n3.sdlcdn.com/imgs/a/d/l/166x194/SDL108402415_1371814842_image1-a3fa5.jpg" style="opacity: 1; "/>
</div>
<div class="product_grid_cont_heading">
				Gaia Lemon Green Ice Tea (20 Sachets) - Pack Of 2</div>
<div class="product_grid_cont_price_outer">
<div class="product_price ">
<span class="originalprice ">Rs
									525</span> Rs 505
							</div>
<div class="product_discount_outer ">
<div class="product_discount">
									4%
								</div>
</div>
</div>
<div class="cod-ico"><label class="lang">Cash on Delivery Available</label></div>
</a>
<a categoryid="597" class="hit-ss-logger" href="http://www.snapdeal.com/product/gaia-peach-green-ice-tea/1482164?pos=19;96" ispartialsearch="false" pogid="1482164" pos="19;96" v="p">
<div atl="Gaia Peach Green Ice Tea (20 Sachets) - Pack Of 2" class="product-image">
<img border="0" class="lazy-effect" src="http://n2.sdlcdn.com/imgs/a/d/l/166x194/SDL108433571_1371814839_image1-57bf6.jpg" style="opacity: 1; "/>
</div>
<div class="product_grid_cont_heading">
				Gaia Peach Green Ice Tea (20 Sachets) - Pack Of 2</div>
<div class="product_grid_cont_price_outer">
<div class="product_price ">
<span class="originalprice ">Rs
									525</span> Rs 505
							</div>
<div class="product_discount_outer ">
<div class="product_discount">
									4%
								</div>
</div>
</div>
<div class="cod-ico"><label class="lang">Cash on Delivery Available</label></div>
</a>
<a categoryid="764" class="hit-ss-logger" href="http://www.snapdeal.com/product/tea-fennel-seed-24-bags/1244035?pos=20;96" ispartialsearch="false" pogid="1244035" pos="20;96" v="p"><div alt="Tea Fennel Seed 24 Bags" atl="Tea Fennel Seed 24 Bags" class="product-image"><img border="0" class="" lazysrc="http://n2.sdlcdn.com/imgs/a/b/f/166x194/SDL417516138_1365498746_image1-eefd2.jpg" src="http://n2.sdlcdn.com/imgs/a/b/f/166x194/SDL417516138_1365498746_image1-eefd2.jpg" style="opacity: 1; "/></div><div class="product_grid_cont_heading">Tea Fennel Seed 24 Bags</div><div class="product_grid_cont_price_outer"><div class="product_price "><span class="originalprice ">Rs 3860</span>  Rs 1679</div><div class="product_discount_outer"><div class="product_discount">57%</div></div></div><div class="cod-ico"><label class="lang">Cash on Delivery Available</label></div></a>
<a categoryid="764" class="hit-ss-logger" href="http://www.snapdeal.com/product/peppermint-tea-16-bags/1243892?pos=21;96" ispartialsearch="false" pogid="1243892" pos="21;96" v="p"><div alt="Peppermint Tea 16 Bags" atl="Peppermint Tea 16 Bags" class="product-image"><img border="0" src="http://n1.sdlcdn.com/imgs/a/b/f/166x194/SDL387689321_1365498086_image1-90286.jpg" style="opacity: 1; "/></div><div class="product_grid_cont_heading">Peppermint Tea 16 Bags</div><div class="product_grid_cont_price_outer"><div class="product_price "><span class="originalprice ">Rs 2523</span>  Rs 1674</div><div class="product_discount_outer"><div class="product_discount">34%</div></div></div><div class="cod-ico"><label class="lang">Cash on Delivery Available</label></div></a>
<a categoryid="764" class="hit-ss-logger" href="http://www.snapdeal.com/product/peppermint-leaf-tea-30-bags/1243812?pos=22;96" ispartialsearch="false" pogid="1243812" pos="22;96" v="p"><div alt="Peppermint Leaf Tea 30 Bags" atl="Peppermint Leaf Tea 30 Bags" class="product-image"><img border="0" class="" lazysrc="http://n3.sdlcdn.com/imgs/a/b/f/166x194/SDL363825830_1365497950_image1-7b8ee.jpg" src="http://n3.sdlcdn.com/imgs/a/b/f/166x194/SDL363825830_1365497950_image1-7b8ee.jpg" style="opacity: 1; "/></div><div class="product_grid_cont_heading">Peppermint Leaf Tea 30 Bags</div><div class="product_grid_cont_price_outer"><div class="product_price "><span class="originalprice ">Rs 2779</span>  Rs 1791</div><div class="product_discount_outer"><div class="product_discount">36%</div></div></div><div class="cod-ico"><label class="lang">Cash on Delivery Available</label></div></a>
<a categoryid="764" class="hit-ss-logger" href="http://www.snapdeal.com/product/mullein-leaf-tea-caffeine-free/1243437?pos=23;96" ispartialsearch="false" pogid="1243437" pos="23;96" v="p"><div alt="Mullein Leaf Tea Caffeine Free 24 Bags" atl="Mullein Leaf Tea Caffeine Free 24 Bags" class="product-image"><img border="0" class="" lazysrc="http://n3.sdlcdn.com/imgs/a/b/f/166x194/SDL369186681_1365494525_image1-bcd6c.jpg" src="http://n3.sdlcdn.com/imgs/a/b/f/166x194/SDL369186681_1365494525_image1-bcd6c.jpg" style="opacity: 1; "/></div><div class="product_grid_cont_heading">Mullein Leaf Tea Caffeine Free 24 Bags</div><div class="product_grid_cont_price_outer"><div class="product_price "><span class="originalprice ">Rs 3205</span>  Rs 1425</div><div class="product_discount_outer"><div class="product_discount">56%</div></div></div><div class="cod-ico"><label class="lang">Cash on Delivery Available</label></div></a>
<a categoryid="764" class="hit-ss-logger" href="http://www.snapdeal.com/product/tea-valerian-mint-24-bags/1244354?pos=24;96" ispartialsearch="false" pogid="1244354" pos="24;96" v="p"><div alt="Tea Valerian Mint 24 Bags" atl="Tea Valerian Mint 24 Bags" class="product-image"><img border="0" class="" lazysrc="http://n2.sdlcdn.com/imgs/a/b/f/166x194/SDL417862955_1365499031_image1-116eb.jpg" src="http://n2.sdlcdn.com/imgs/a/b/f/166x194/SDL417862955_1365499031_image1-116eb.jpg" style="opacity: 1; "/></div><div class="product_grid_cont_heading">Tea Valerian Mint 24 Bags</div><div class="product_grid_cont_price_outer"><div class="product_price "><span class="originalprice ">Rs 3568</span>  Rs 2068</div><div class="product_discount_outer"><div class="product_discount">42%</div></div></div><div class="cod-ico"><label class="lang">Cash on Delivery Available</label></div></a>
<a categoryid="764" class="hit-ss-logger" href="http://www.snapdeal.com/product/natural-graviola-herbal-tea-bags/1243390?pos=25;96" ispartialsearch="false" pogid="1243390" pos="25;96" v="p"><div alt="Natural Graviola Herbal Tea Bags - 20 CT" atl="Natural Graviola Herbal Tea Bags - 20 CT" class="product-image"><img border="0" class="" lazysrc="http://n1.sdlcdn.com/imgs/a/b/f/166x194/SDL372900135_1365494457_image1-9c9d7.jpg" src="http://n1.sdlcdn.com/imgs/a/b/f/166x194/SDL372900135_1365494457_image1-9c9d7.jpg" style="opacity: 1; "/></div><div class="product_grid_cont_heading">Natural Graviola Herbal Tea Bags - 20 CT</div><div class="product_grid_cont_price_outer"><div class="product_price "><span class="originalprice ">Rs 9469</span>  Rs 5670</div><div class="product_discount_outer"><div class="product_discount">40%</div></div></div><div class="cod-ico"><label class="lang">Cash on Delivery Available</label></div></a>
<a categoryid="764" class="hit-ss-logger" href="http://www.snapdeal.com/product/licorice-root-tea-30-bags/1243310?pos=26;96" ispartialsearch="false" pogid="1243310" pos="26;96" v="p"><div alt="Licorice Root Tea 30 Bags" atl="Licorice Root Tea 30 Bags" class="product-image"><img border="0" class="" lazysrc="http://n1.sdlcdn.com/imgs/a/b/f/166x194/SDL019833241_1365494331_image1-a23a1.jpg" src="http://n1.sdlcdn.com/imgs/a/b/f/166x194/SDL019833241_1365494331_image1-a23a1.jpg" style="opacity: 1; "/></div><div class="product_grid_cont_heading">Licorice Root Tea 30 Bags</div><div class="product_grid_cont_price_outer"><div class="product_price "><span class="originalprice ">Rs 3873</span>  Rs 1800</div><div class="product_discount_outer"><div class="product_discount">54%</div></div></div><div class="cod-ico"><label class="lang">Cash on Delivery Available</label></div></a>
<a categoryid="764" class="hit-ss-logger" href="http://www.snapdeal.com/product/alvita-tea-bags-fenugreek-seed/1243043?pos=27;96" ispartialsearch="false" pogid="1243043" pos="27;96" v="p"><div alt="Alvita Tea Bags Fenugreek Seed 30 tea bags" atl="Alvita Tea Bags Fenugreek Seed 30 tea bags" class="product-image"><img border="0" class="" lazysrc="http://n3.sdlcdn.com/imgs/a/b/f/166x194/SDL301349388_1365493063_image1-f6aaa.jpg" src="http://n3.sdlcdn.com/imgs/a/b/f/166x194/SDL301349388_1365493063_image1-f6aaa.jpg" style="opacity: 1; "/></div><div class="product_grid_cont_heading">Alvita Tea Bags Fenugreek Seed 30 tea bags</div><div class="product_grid_cont_price_outer"><div class="product_price "><span class="originalprice ">Rs 3587</span>  Rs 2004</div><div class="product_discount_outer"><div class="product_discount">44%</div></div></div><div class="cod-ico"><label class="lang">Cash on Delivery Available</label></div></a>
<a categoryid="764" class="hit-ss-logger" href="http://www.snapdeal.com/product/alvita-burdock-root-caffeine-free/1243045?pos=28;96" ispartialsearch="false" pogid="1243045" pos="28;96" v="p"><div alt="Alvita Burdock Root Caffeine Free 24 Tea Bags" atl="Alvita Burdock Root Caffeine Free 24 Tea Bags" class="product-image"><img border="0" class="" lazysrc="http://n1.sdlcdn.com/imgs/a/b/f/166x194/SDL322812802_1365493064_image1-d0d6e.jpg" src="http://n1.sdlcdn.com/imgs/a/b/f/166x194/SDL322812802_1365493064_image1-d0d6e.jpg" style="opacity: 1; "/></div><div class="product_grid_cont_heading">Alvita Burdock Root Caffeine Free 24 Tea Bags</div><div class="product_grid_cont_price_outer"><div class="product_price "><span class="originalprice ">Rs 2620</span>  Rs 1532</div><div class="product_discount_outer"><div class="product_discount">42%</div></div></div><div class="cod-ico"><label class="lang">Cash on Delivery Available</label></div></a>
<a categoryid="764" class="hit-ss-logger" href="http://www.snapdeal.com/product/catnip-tea-30-bags/1243071?pos=29;96" ispartialsearch="false" pogid="1243071" pos="29;96" v="p"><div alt="Catnip Tea 30 Bags" atl="Catnip Tea 30 Bags" class="product-image"><img border="0" class="" lazysrc="http://n1.sdlcdn.com/imgs/a/b/f/166x194/SDL326083516_1365493086_image1-443b4.jpg" src="http://n1.sdlcdn.com/imgs/a/b/f/166x194/SDL326083516_1365493086_image1-443b4.jpg" style="opacity: 1; "/></div><div class="product_grid_cont_heading">Catnip Tea 30 Bags</div><div class="product_grid_cont_price_outer"><div class="product_price "><span class="originalprice ">Rs 3901</span>  Rs 1732</div><div class="product_discount_outer"><div class="product_discount">56%</div></div></div><div class="cod-ico"><label class="lang">Cash on Delivery Available</label></div></a>
<a categoryid="764" class="hit-ss-logger" href="http://www.snapdeal.com/product/21st-century-slimming-tea-green/1243083?pos=30;96" ispartialsearch="false" pogid="1243083" pos="30;96" v="p"><div alt="21st Century Slimming Tea Green Tea 24 Count (Pack of 3)" atl="21st Century Slimming Tea Green Tea 24 Count (Pack of 3)" class="product-image"><img border="0" class="" lazysrc="http://n4.sdlcdn.com/imgs/a/b/f/166x194/SDL026919234_1365493098_image1-e2864.jpg" src="http://n4.sdlcdn.com/imgs/a/b/f/166x194/SDL026919234_1365493098_image1-e2864.jpg" style="opacity: 1; "/></div><div class="product_grid_cont_heading">21st Century Slimming Tea Green Tea 24 Count (Pack of 3)</div><div class="product_grid_cont_price_outer"><div class="product_price "><span class="originalprice ">Rs 4627</span>  Rs 1958</div><div class="product_discount_outer"><div class="product_discount">58%</div></div></div><div class="cod-ico"><label class="lang">Cash on Delivery Available</label></div></a>
<a categoryid="764" class="hit-ss-logger" href="http://www.snapdeal.com/product/21st-century-slimming-tea-cran/1243078?pos=31;96" ispartialsearch="false" pogid="1243078" pos="31;96" v="p"><div alt="21st Century Slimming Tea Cran Raspberry 24 Count (Pack of 3)" atl="21st Century Slimming Tea Cran Raspberry 24 Count (Pack of 3)" class="product-image"><img border="0" class="" lazysrc="http://n2.sdlcdn.com/imgs/a/b/f/166x194/SDL025842691_1365493092_image1-643fc.jpg" src="http://n2.sdlcdn.com/imgs/a/b/f/166x194/SDL025842691_1365493092_image1-643fc.jpg" style="opacity: 1; "/></div><div class="product_grid_cont_heading">21st Century Slimming Tea Cran Raspberry 24 Count (Pack of 3)</div><div class="product_grid_cont_price_outer"><div class="product_price "><span class="originalprice ">Rs 3818</span>  Rs 2025</div><div class="product_discount_outer"><div class="product_discount">47%</div></div></div><div class="cod-ico"><label class="lang">Cash on Delivery Available</label></div></a>
<a categoryid="764" class="hit-ss-logger" href="http://www.snapdeal.com/product/21st-century-health-care-herbal/1243088?pos=32;96" ispartialsearch="false" pogid="1243088" pos="32;96" v="p"><div alt="21st Century Health Care Herbal Slimming Tea Orange Spice Caffeine Free 24 Tea Bags 1.7 oz (48 g)" atl="21st Century Health Care Herbal Slimming Tea Orange Spice Caffeine Free 24 Tea Bags 1.7 oz (48 g)" class="product-image"><img border="0" class="" lazysrc="http://n3.sdlcdn.com/imgs/a/b/f/166x194/SDL107614094_1365493125_image1-1f97d.jpg" src="http://n3.sdlcdn.com/imgs/a/b/f/166x194/SDL107614094_1365493125_image1-1f97d.jpg" style="opacity: 1; "/></div><div class="product_grid_cont_heading">21st Century Health Care Herbal Slimming Tea Orange Spice Caffeine Free 24 Tea Bags 1.7 oz (48 g)</div><div class="product_grid_cont_price_outer"><div class="product_price "><span class="originalprice ">Rs 2820</span>  Rs 1607</div><div class="product_discount_outer"><div class="product_discount">43%</div></div></div><div class="cod-ico"><label class="lang">Cash on Delivery Available</label></div></a>
<a categoryid="764" class="hit-ss-logger" href="http://www.snapdeal.com/product/alvita-tea-bags-dandelion-root/1242936?pos=33;96" ispartialsearch="false" pogid="1242936" pos="33;96" v="p"><div alt="Alvita Tea Bags Dandelion Root (Roasted) Caffeine Free 30 tea bags (Pack of 3)" atl="Alvita Tea Bags Dandelion Root (Roasted) Caffeine Free 30 tea bags (Pack of 3)" class="product-image"><img border="0" class="" lazysrc="http://n2.sdlcdn.com/imgs/a/b/f/166x194/SDL299001395_1365492959_image1-75729.jpg" src="http://n2.sdlcdn.com/imgs/a/b/f/166x194/SDL299001395_1365492959_image1-75729.jpg" style="opacity: 1; "/></div><div class="product_grid_cont_heading">Alvita Tea Bags Dandelion Root (Roasted) Caffeine Free 30 tea bags (Pack of 3)</div><div class="product_grid_cont_price_outer"><div class="product_price "><span class="originalprice ">Rs 7983</span>  Rs 7291</div><div class="product_discount_outer"><div class="product_discount">9%</div></div></div></a>
<a categoryid="764" class="hit-ss-logger" href="http://www.snapdeal.com/product/alvita-tea-bags-red-clover/1242887?pos=34;96" ispartialsearch="false" pogid="1242887" pos="34;96" v="p"><div alt="Alvita Tea Bags Red Clover Caffeine Free 30 tea bags [1.125 oz (32 g)] (Pack of 3)" atl="Alvita Tea Bags Red Clover Caffeine Free 30 tea bags [1.125 oz (32 g)] (Pack of 3)" class="product-image"><img border="0" class="" lazysrc="http://n1.sdlcdn.com/imgs/a/b/f/166x194/SDL305389353_1365492919_image1-1c958.jpg" src="http://n1.sdlcdn.com/imgs/a/b/f/166x194/SDL305389353_1365492919_image1-1c958.jpg" style="opacity: 1; "/></div><div class="product_grid_cont_heading">Alvita Tea Bags Red Clover Caffeine Free 30 tea bags [1.125 oz (32 g)] (Pack of 3)</div><div class="product_grid_cont_price_outer"><div class="product_price "><span class="originalprice ">Rs 4092</span>  Rs 2228</div><div class="product_discount_outer"><div class="product_discount">46%</div></div></div><div class="cod-ico"><label class="lang">Cash on Delivery Available</label></div></a>
<a categoryid="764" class="hit-ss-logger" href="http://www.snapdeal.com/product/extra-strength-dieters-nutraslim-tea/1242977?pos=35;96" ispartialsearch="false" pogid="1242977" pos="35;96" v="p"><div alt="Extra Strength Dieters' Nutra-Slim Tea Triple Leaves Brand - 20 Tea Bags" atl="Extra Strength Dieters' Nutra-Slim Tea Triple Leaves Brand - 20 Tea Bags" class="product-image"><img border="0" class="" lazysrc="http://n2.sdlcdn.com/imgs/a/b/f/166x194/SDL334051106_1365493008_image1-c0dee.jpg" src="http://n2.sdlcdn.com/imgs/a/b/f/166x194/SDL334051106_1365493008_image1-c0dee.jpg" style="opacity: 1; "/></div><div class="product_grid_cont_heading">Extra Strength Dieters' Nutra-Slim Tea Triple Leaves Brand - 20 Tea Bags</div><div class="product_grid_cont_price_outer"><div class="product_price "><span class="originalprice ">Rs 2744</span>  Rs 1949</div><div class="product_discount_outer"><div class="product_discount">29%</div></div></div><div class="cod-ico"><label class="lang">Cash on Delivery Available</label></div></a>
<a categoryid="764" class="hit-ss-logger" href="http://www.snapdeal.com/product/alvita-tea-bags-red-raspberry/1242997?pos=36;96" ispartialsearch="false" pogid="1242997" pos="36;96" v="p"><div alt="Alvita Tea Bags Red Raspberry Leaf Caffeine Free 24 tea bags [1.9 oz (54 g)] (Pack of 3)" atl="Alvita Tea Bags Red Raspberry Leaf Caffeine Free 24 tea bags [1.9 oz (54 g)] (Pack of 3)" class="product-image"><img border="0" class="" lazysrc="http://n1.sdlcdn.com/imgs/a/b/f/166x194/SDL306677348_1365493024_image1-611b9.jpg" src="http://n1.sdlcdn.com/imgs/a/b/f/166x194/SDL306677348_1365493024_image1-611b9.jpg" style="opacity: 1; "/></div><div class="product_grid_cont_heading">Alvita Tea Bags Red Raspberry Leaf Caffeine Free 24 tea bags [1.9 oz (54 g)] (Pack of 3)</div><div class="product_grid_cont_price_outer"><div class="product_price "><span class="originalprice ">Rs 4997</span>  Rs 2851</div><div class="product_discount_outer"><div class="product_discount">43%</div></div></div><div class="cod-ico"><label class="lang">Cash on Delivery Available</label></div></a>
<a categoryid="764" class="hit-ss-logger" href="http://www.snapdeal.com/product/21st-century-herbal-slimming-tea/1242961?pos=37;96" ispartialsearch="false" pogid="1242961" pos="37;96" v="p"><div alt="21st Century Herbal Slimming Tea Caffeine Free Cranraspberry 24 ct." atl="21st Century Herbal Slimming Tea Caffeine Free Cranraspberry 24 ct." class="product-image"><img border="0" class="" lazysrc="http://n2.sdlcdn.com/imgs/a/b/f/166x194/SDL319210629_1365492995_image1-ac278.jpg" src="http://n2.sdlcdn.com/imgs/a/b/f/166x194/SDL319210629_1365492995_image1-ac278.jpg" style="opacity: 1; "/></div><div class="product_grid_cont_heading">21st Century Herbal Slimming Tea Caffeine Free Cranraspberry 24 ct.</div><div class="product_grid_cont_price_outer"><div class="product_price "><span class="originalprice ">Rs 3236</span>  Rs 1575</div><div class="product_discount_outer"><div class="product_discount">51%</div></div></div><div class="cod-ico"><label class="lang">Cash on Delivery Available</label></div></a>
<a categoryid="764" class="hit-ss-logger" href="http://www.snapdeal.com/product/dandelion-root-tea-30-bag/1242856?pos=38;96" ispartialsearch="false" pogid="1242856" pos="38;96" v="p"><div alt="Dandelion Root Tea - 30 - Bag" atl="Dandelion Root Tea - 30 - Bag" class="product-image"><img border="0" class="" lazysrc="http://n4.sdlcdn.com/imgs/a/b/f/166x194/SDL323305715_1365492893_image1-e9dce.jpg" src="http://n4.sdlcdn.com/imgs/a/b/f/166x194/SDL323305715_1365492893_image1-e9dce.jpg" style="opacity: 1; "/></div><div class="product_grid_cont_heading">Dandelion Root Tea - 30 - Bag</div><div class="product_grid_cont_price_outer"><div class="product_price "><span class="originalprice ">Rs 4482</span>  Rs 1888</div><div class="product_discount_outer"><div class="product_discount">58%</div></div></div><div class="cod-ico"><label class="lang">Cash on Delivery Available</label></div></a>
<a categoryid="764" class="hit-ss-logger" href="http://www.snapdeal.com/product/alvita-tea-bag-hawthorn-berries/1242845?pos=39;96" ispartialsearch="false" pogid="1242845" pos="39;96" v="p"><div alt="Alvita Tea Bag Hawthorn Berries 24 tea Bag" atl="Alvita Tea Bag Hawthorn Berries 24 tea Bag" class="product-image"><img border="0" class="" lazysrc="http://n3.sdlcdn.com/imgs/a/b/f/166x194/SDL220181356_1365492883_image1-fefe7.jpg" src="http://n3.sdlcdn.com/imgs/a/b/f/166x194/SDL220181356_1365492883_image1-fefe7.jpg" style="opacity: 1; "/></div><div class="product_grid_cont_heading">Alvita Tea Bag Hawthorn Berries 24 tea Bag</div><div class="product_grid_cont_price_outer"><div class="product_price "><span class="originalprice ">Rs 1958</span>  Rs 1826</div><div class="product_discount_outer"><div class="product_discount">7%</div></div></div><div class="cod-ico"><label class="lang">Cash on Delivery Available</label></div></a>
<a categoryid="764" class="hit-ss-logger" href="http://www.snapdeal.com/product/alvita-tea-bags-pau-darco/1242678?pos=40;96" ispartialsearch="false" pogid="1242678" pos="40;96" v="p"><div alt="Alvita Tea Bags Pau D'Arco Caffeine Free 24 tea bags (2.12 oz) 60 g (Pack of 3)" atl="Alvita Tea Bags Pau D'Arco Caffeine Free 24 tea bags (2.12 oz) 60 g (Pack of 3)" class="product-image"><img border="0" class="" lazysrc="http://n2.sdlcdn.com/imgs/a/b/f/166x194/SDL340973163_1365492706_image1-57ef3.jpg" src="http://n2.sdlcdn.com/imgs/a/b/f/166x194/SDL340973163_1365492706_image1-57ef3.jpg" style="opacity: 1; "/></div><div class="product_grid_cont_heading">Alvita Tea Bags Pau D'Arco Caffeine Free 24 tea bags (2.12 oz) 60 g (Pack of 3)</div><div class="product_grid_cont_price_outer"><div class="product_price "><span class="originalprice ">Rs 4301</span>  Rs 1808</div><div class="product_discount_outer"><div class="product_discount">58%</div></div></div><div class="cod-ico"><label class="lang">Cash on Delivery Available</label></div></a>
<a categoryid="764" class="hit-ss-logger" href="http://www.snapdeal.com/product/alvita-rosemary-leaf-caffeine-free/1242741?pos=41;96" ispartialsearch="false" pogid="1242741" pos="41;96" v="p"><div alt="Alvita Rosemary Leaf Caffeine Free 30 Tea Bags" atl="Alvita Rosemary Leaf Caffeine Free 30 Tea Bags" class="product-image"><img border="0" src="http://n2.sdlcdn.com/imgs/a/b/f/166x194/SDL165930787_1365492787_image1-2a662.jpg" style="opacity: 1; "/></div><div class="product_grid_cont_heading">Alvita Rosemary Leaf Caffeine Free 30 Tea Bags</div><div class="product_grid_cont_price_outer"><div class="product_price "><span class="originalprice ">Rs 3038</span>  Rs 1860</div><div class="product_discount_outer"><div class="product_discount">39%</div></div></div><div class="cod-ico"><label class="lang">Cash on Delivery Available</label></div></a>
<a categoryid="764" class="hit-ss-logger" href="http://www.snapdeal.com/product/alvita-tea-bags-blueberry-leaf/1242745?pos=42;96" ispartialsearch="false" pogid="1242745" pos="42;96" v="p"><div alt="Alvita Tea Bags Blueberry Leaf 30 tea bags" atl="Alvita Tea Bags Blueberry Leaf 30 tea bags" class="product-image"><img border="0" class="" lazysrc="http://n4.sdlcdn.com/imgs/a/b/f/166x194/SDL287403585_1365492792_image1-43754.jpg" src="http://n4.sdlcdn.com/imgs/a/b/f/166x194/SDL287403585_1365492792_image1-43754.jpg" style="opacity: 1; "/></div><div class="product_grid_cont_heading">Alvita Tea Bags Blueberry Leaf 30 tea bags</div><div class="product_grid_cont_price_outer"><div class="product_price "><span class="originalprice ">Rs 3142</span>  Rs 1879</div><div class="product_discount_outer"><div class="product_discount">40%</div></div></div><div class="cod-ico"><label class="lang">Cash on Delivery Available</label></div></a>
<a categoryid="764" class="hit-ss-logger" href="http://www.snapdeal.com/product/bilberry-tea-24-bags/1242709?pos=43;96" ispartialsearch="false" pogid="1242709" pos="43;96" v="p"><div alt="Bilberry Tea 24 Bags" atl="Bilberry Tea 24 Bags" class="product-image"><img border="0" class="" lazysrc="http://n1.sdlcdn.com/imgs/a/b/f/166x194/SDL323325457_1365492750_image1-4644f.jpg" src="http://n1.sdlcdn.com/imgs/a/b/f/166x194/SDL323325457_1365492750_image1-4644f.jpg" style="opacity: 1; "/></div><div class="product_grid_cont_heading">Bilberry Tea 24 Bags</div><div class="product_grid_cont_price_outer"><div class="product_price "><span class="originalprice ">Rs 3901</span>  Rs 1889</div><div class="product_discount_outer"><div class="product_discount">52%</div></div></div><div class="cod-ico"><label class="lang">Cash on Delivery Available</label></div></a>
<a categoryid="764" class="hit-ss-logger" href="http://www.snapdeal.com/product/alvita-caffeine-free-tea-saw/1242714?pos=44;96" ispartialsearch="false" pogid="1242714" pos="44;96" v="p"><div alt="Alvita Caffeine Free Tea Saw Palmetto Berries -- 24 Tea Bags" atl="Alvita Caffeine Free Tea Saw Palmetto Berries -- 24 Tea Bags" class="product-image"><img border="0" class="" lazysrc="http://n1.sdlcdn.com/imgs/a/b/f/166x194/SDL340947725_1365492756_image1-d0618.jpg" src="http://n1.sdlcdn.com/imgs/a/b/f/166x194/SDL340947725_1365492756_image1-d0618.jpg" style="opacity: 1; "/></div><div class="product_grid_cont_heading">Alvita Caffeine Free Tea Saw Palmetto Berries -- 24 Tea Bags</div><div class="product_grid_cont_price_outer"><div class="product_price "><span class="originalprice ">Rs 4558</span>  Rs 1515</div><div class="product_discount_outer"><div class="product_discount">67%</div></div></div><div class="cod-ico"><label class="lang">Cash on Delivery Available</label></div></a>
<a categoryid="764" class="hit-ss-logger" href="http://www.snapdeal.com/product/ginger-root-tea-24-bags/1242501?pos=45;96" ispartialsearch="false" pogid="1242501" pos="45;96" v="p"><div alt="Ginger Root Tea 24 Bags" atl="Ginger Root Tea 24 Bags" class="product-image"><img border="0" class="" lazysrc="http://n2.sdlcdn.com/imgs/a/b/f/166x194/SDL325163084_1365492489_image1-20273.jpg" src="http://n2.sdlcdn.com/imgs/a/b/f/166x194/SDL325163084_1365492489_image1-20273.jpg" style="opacity: 1; "/></div><div class="product_grid_cont_heading">Ginger Root Tea 24 Bags</div><div class="product_grid_cont_price_outer"><div class="product_price "><span class="originalprice ">Rs 2811</span>  Rs 2024</div><div class="product_discount_outer"><div class="product_discount">28%</div></div></div><div class="cod-ico"><label class="lang">Cash on Delivery Available</label></div></a>
<a categoryid="764" class="hit-ss-logger" href="http://www.snapdeal.com/product/ginger-peppermint-tea-24-bags/1242512?pos=46;96" ispartialsearch="false" pogid="1242512" pos="46;96" v="p"><div alt="Ginger Peppermint Tea 24 Bags" atl="Ginger Peppermint Tea 24 Bags" class="product-image"><img border="0" class="" lazysrc="http://n3.sdlcdn.com/imgs/a/b/f/166x194/SDL365579800_1365492503_image1-835a4.jpg" src="http://n3.sdlcdn.com/imgs/a/b/f/166x194/SDL365579800_1365492503_image1-835a4.jpg" style="opacity: 1; "/></div><div class="product_grid_cont_heading">Ginger Peppermint Tea 24 Bags</div><div class="product_grid_cont_price_outer"><div class="product_price "><span class="originalprice ">Rs 2675</span>  Rs 1807</div><div class="product_discount_outer"><div class="product_discount">32%</div></div></div><div class="cod-ico"><label class="lang">Cash on Delivery Available</label></div></a>
<a categoryid="764" class="hit-ss-logger" href="http://www.snapdeal.com/product/alvita-tea-bags-mullein-leaf/1242601?pos=47;96" ispartialsearch="false" pogid="1242601" pos="47;96" v="p"><div alt="Alvita Tea Bags Mullein Leaf Caffeine Free 24 tea bags [0.93 oz (26.4 g)] (Pack of 3)" atl="Alvita Tea Bags Mullein Leaf Caffeine Free 24 tea bags [0.93 oz (26.4 g)] (Pack of 3)" class="product-image"><img border="0" class="" lazysrc="http://n3.sdlcdn.com/imgs/a/b/f/166x194/SDL304150344_1365492616_image1-983f7.jpg" src="http://n3.sdlcdn.com/imgs/a/b/f/166x194/SDL304150344_1365492616_image1-983f7.jpg" style="opacity: 1; "/></div><div class="product_grid_cont_heading">Alvita Tea Bags Mullein Leaf Caffeine Free 24 tea bags [0.93 oz (26.4 g)] (Pack of 3)</div><div class="product_grid_cont_price_outer"><div class="product_price "><span class="originalprice ">Rs 4209</span>  Rs 2897</div><div class="product_discount_outer"><div class="product_discount">31%</div></div></div><div class="cod-ico"><label class="lang">Cash on Delivery Available</label></div></a>
<a categoryid="764" class="hit-ss-logger" href="http://www.snapdeal.com/product/cranberry-tea-24-bags/1242608?pos=48;96" ispartialsearch="false" pogid="1242608" pos="48;96" v="p"><div alt="Cranberry Tea 24 Bags" atl="Cranberry Tea 24 Bags" class="product-image"><img border="0" class="" lazysrc="http://n2.sdlcdn.com/imgs/a/b/f/166x194/SDL346658758_1365492624_image1-18949.jpg" src="http://n2.sdlcdn.com/imgs/a/b/f/166x194/SDL346658758_1365492624_image1-18949.jpg" style="opacity: 1; "/></div><div class="product_grid_cont_heading">Cranberry Tea 24 Bags</div><div class="product_grid_cont_price_outer"><div class="product_price "><span class="originalprice ">Rs 4047</span>  Rs 1931</div><div class="product_discount_outer"><div class="product_discount">52%</div></div></div><div class="cod-ico"><label class="lang">Cash on Delivery Available</label></div></a>
<a categoryid="764" class="hit-ss-logger" href="http://www.snapdeal.com/product/alvita-horsetail-grass-caffeine-free/1242413?pos=49;96" ispartialsearch="false" pogid="1242413" pos="49;96" v="p"><div alt="Alvita Horsetail Grass Caffeine Free 24 Tea Bags" atl="Alvita Horsetail Grass Caffeine Free 24 Tea Bags" class="product-image"><img border="0" class="" lazysrc="http://n1.sdlcdn.com/imgs/a/b/f/166x194/SDL050439862_1365492378_image1-dd159.jpg" src="http://n1.sdlcdn.com/imgs/a/b/f/166x194/SDL050439862_1365492378_image1-dd159.jpg" style="opacity: 1; "/></div><div class="product_grid_cont_heading">Alvita Horsetail Grass Caffeine Free 24 Tea Bags</div><div class="product_grid_cont_price_outer"><div class="product_price "><span class="originalprice ">Rs 3213</span>  Rs 1899</div><div class="product_discount_outer"><div class="product_discount">41%</div></div></div><div class="cod-ico"><label class="lang">Cash on Delivery Available</label></div></a>
<a categoryid="764" class="hit-ss-logger" href="http://www.snapdeal.com/product/alvita-tea-bags-gingerpeppermint-caffeine/1242478?pos=50;96" ispartialsearch="false" pogid="1242478" pos="50;96" v="p"><div alt="Alvita Tea Bags Ginger-Peppermint Caffeine Free 24 tea bags [1.69 oz (48 g)] (Pack of 3)" atl="Alvita Tea Bags Ginger-Peppermint Caffeine Free 24 tea bags [1.69 oz (48 g)] (Pack of 3)" class="product-image"><img border="0" class="" lazysrc="http://n4.sdlcdn.com/imgs/a/b/f/166x194/SDL303073116_1365492452_image1-45827.jpg" src="http://n4.sdlcdn.com/imgs/a/b/f/166x194/SDL303073116_1365492452_image1-45827.jpg" style="opacity: 1; "/></div><div class="product_grid_cont_heading">Alvita Tea Bags Ginger-Peppermint Caffeine Free 24 tea bags [1.69 oz (48 g)] (Pack of 3)</div><div class="product_grid_cont_price_outer"><div class="product_price "><span class="originalprice ">Rs 3835</span>  Rs 2695</div><div class="product_discount_outer"><div class="product_discount">30%</div></div></div><div class="cod-ico"><label class="lang">Cash on Delivery Available</label></div></a>
<a categoryid="764" class="hit-ss-logger" href="http://www.snapdeal.com/product/alvita-tea-bags-senna-leaf/1242492?pos=51;96" ispartialsearch="false" pogid="1242492" pos="51;96" v="p"><div alt="Alvita Tea Bags Senna Leaf 30 tea bags- Caffeine Free (Pack of 3)" atl="Alvita Tea Bags Senna Leaf 30 tea bags- Caffeine Free (Pack of 3)" class="product-image"><img border="0" class="" lazysrc="http://n2.sdlcdn.com/imgs/a/b/f/166x194/SDL307573364_1365492479_image1-9ae26.jpg" src="http://n2.sdlcdn.com/imgs/a/b/f/166x194/SDL307573364_1365492479_image1-9ae26.jpg" style="opacity: 1; "/></div><div class="product_grid_cont_heading">Alvita Tea Bags Senna Leaf 30 tea bags- Caffeine Free (Pack of 3)</div><div class="product_grid_cont_price_outer"><div class="product_price no-float"><span class="originalprice no-display">Rs 4460</span>  Rs 4441</div></div><div class="cod-ico"><label class="lang">Cash on Delivery Available</label></div></a>
<a categoryid="764" class="hit-ss-logger" href="http://www.snapdeal.com/product/get-my-tea-gift-pack/1256184770?pos=52;96" ispartialsearch="false" pogid="1256184770" pos="52;96" v="p"><div alt="Get My Tea Gift Pack" atl="Get My Tea Gift Pack" class="product-image"><img border="0" class="" lazysrc="http://n4.sdlcdn.com/imgs/a/e/9/166x194/SDL073505304_1382529896_image1-c76e8.jpg" src="http://n4.sdlcdn.com/imgs/a/e/9/166x194/SDL073505304_1382529896_image1-c76e8.jpg" style="opacity: 1; "/></div><div class="product_grid_cont_heading">Get My Tea Gift Pack</div><div class="product_grid_cont_price_outer"><div class="product_price "><span class="originalprice ">Rs 1395</span>  Rs 1287</div><div class="product_discount_outer"><div class="product_discount">8%</div></div></div><div class="cod-ico"><label class="lang">Cash on Delivery Available</label></div></a>
<a categoryid="764" class="hit-ss-logger" href="http://www.snapdeal.com/product/organic-india-wooden-box-small/431154?pos=53;96" ispartialsearch="false" pogid="431154" pos="53;96" v="p"><div alt="Organic India Wooden Box - Small - 4 x 15 Tea Bags" atl="Organic India Wooden Box - Small - 4 x 15 Tea Bags" class="product-image"><img border="0" class="" lazysrc="http://n4.sdlcdn.com/imgs/a/a/k/166x194/OI017_M_1_2x-6600a.jpg" src="http://n4.sdlcdn.com/imgs/a/a/k/166x194/OI017_M_1_2x-6600a.jpg" style="opacity: 1; "/></div><div class="product_grid_cont_heading">Organic India Wooden Box - Small - 4 x 15 Tea Bags</div><div class="product_grid_cont_price_outer"><div class="product_price "><span class="originalprice ">Rs 625</span>  Rs 565</div><div class="product_discount_outer"><div class="product_discount">10%</div></div></div><div class="cod-ico"><label class="lang">Cash on Delivery Available</label></div></a>
<a categoryid="764" class="hit-ss-logger" href="http://www.snapdeal.com/product/organic-india-tulsi-tea-sweet/431166?pos=54;96" ispartialsearch="false" pogid="431166" pos="54;96" v="p"><div alt="Organic India Tulsi Tea Sweet Rose Combo ( 3 x 18 Tea Bags )" atl="Organic India Tulsi Tea Sweet Rose Combo ( 3 x 18 Tea Bags )" class="product-image"><img border="0" class="" lazysrc="http://n2.sdlcdn.com/imgs/a/a/k/166x194/OI012_M_1_2x-8e818.jpg" src="http://n2.sdlcdn.com/imgs/a/a/k/166x194/OI012_M_1_2x-8e818.jpg" style="opacity: 1; "/></div><div class="product_grid_cont_heading">Organic India Tulsi Tea Sweet Rose Combo ( 3 x 18 Tea Bags )</div><div class="ratingStarsSmall ratingStarsBelowTitle" style="background-position: 0px -180px;"><span> (1) </span></div><div class="product_grid_cont_price_outer"></div><div class="cod-ico"><label class="lang">Cash on Delivery Available</label></div></a>
<a categoryid="764" class="hit-ss-logger" href="http://www.snapdeal.com/product/organic-india-tulsi-tea-mulethi/431161?pos=55;96" ispartialsearch="false" pogid="431161" pos="55;96" v="p"><div alt="Organic India Tulsi Tea Mulethi Combo ( 3 x 18 Tea Bags )" atl="Organic India Tulsi Tea Mulethi Combo ( 3 x 18 Tea Bags )" class="product-image"><img border="0" class="" lazysrc="http://n2.sdlcdn.com/imgs/a/a/k/166x194/OI013_M_1_2x-eded9.jpg" src="http://n2.sdlcdn.com/imgs/a/a/k/166x194/OI013_M_1_2x-eded9.jpg" style="opacity: 1; "/></div><div class="product_grid_cont_heading">Organic India Tulsi Tea Mulethi Combo ( 3 x 18 Tea Bags )</div><div class="product_grid_cont_price_outer"></div><div class="cod-ico"><label class="lang">Cash on Delivery Available</label></div></a>
<a categoryid="764" class="hit-ss-logger" href="http://www.snapdeal.com/product/organic-india-tulsi-tea-jasmine/431195?pos=56;96" ispartialsearch="false" pogid="431195" pos="56;96" v="p"><div alt="Organic India Tulsi Tea Jasmine Combo ( 3 x 18 Tea Bags )" atl="Organic India Tulsi Tea Jasmine Combo ( 3 x 18 Tea Bags )" class="product-image"><img border="0" class="" lazysrc="http://n2.sdlcdn.com/imgs/a/a/k/166x194/OI009_M_1_2x-9a68d.jpg" src="http://n2.sdlcdn.com/imgs/a/a/k/166x194/OI009_M_1_2x-9a68d.jpg" style="opacity: 1; "/></div><div class="product_grid_cont_heading">Organic India Tulsi Tea Jasmine Combo ( 3 x 18 Tea Bags )</div><div class="product_grid_cont_price_outer"><div class="product_price "><span class="originalprice ">Rs 342</span>  Rs 296</div><div class="product_discount_outer"><div class="product_discount">13%</div></div></div><div class="cod-ico"><label class="lang">Cash on Delivery Available</label></div></a>
<a categoryid="764" class="hit-ss-logger" href="http://www.snapdeal.com/product/organic-india-tulsi-tea-chai/431196?pos=57;96" ispartialsearch="false" pogid="431196" pos="57;96" v="p"><div alt="Organic India Tulsi Tea Chai Masala Combo ( Tin - 100 g + 25 tea bags )" atl="Organic India Tulsi Tea Chai Masala Combo ( Tin - 100 g + 25 tea bags )" class="product-image"><img border="0" class="" lazysrc="http://n2.sdlcdn.com/imgs/a/a/k/166x194/OI008_M_2_2x-d306e.jpg" src="http://n2.sdlcdn.com/imgs/a/a/k/166x194/OI008_M_2_2x-d306e.jpg" style="opacity: 1; "/></div><div class="product_grid_cont_heading">Organic India Tulsi Tea Chai Masala Combo ( Tin - 100 g + 25 tea bags )</div><div class="product_grid_cont_price_outer"><div class="product_price "><span class="originalprice ">Rs 294</span>  Rs 252</div><div class="product_discount_outer"><div class="product_discount">14%</div></div></div><div class="cod-ico"><label class="lang">Cash on Delivery Available</label></div></a>
<a categoryid="764" class="hit-ss-logger" href="http://www.snapdeal.com/product/darjeeling-black-tea-gift-pack100gm/2126167817?pos=58;96" ispartialsearch="false" pogid="2126167817" pos="58;96" v="p"><div alt="Darjeeling Black Tea Gift Pack-100gm" atl="Darjeeling Black Tea Gift Pack-100gm" class="product-image"><img border="0" class="" lazysrc="http://n4.sdlcdn.com/imgs/a/e/9/166x194/SDL073206236_1382529899_image1-b0eb9.jpg" src="http://n4.sdlcdn.com/imgs/a/e/9/166x194/SDL073206236_1382529899_image1-b0eb9.jpg" style="opacity: 1; "/></div><div class="product_grid_cont_heading">Darjeeling Black Tea Gift Pack-100gm</div><div class="product_grid_cont_price_outer"><div class="product_price "><span class="originalprice ">Rs 530</span>  Rs 489</div><div class="product_discount_outer"><div class="product_discount">8%</div></div></div><div class="cod-ico"><label class="lang">Cash on Delivery Available</label></div></a>
<a categoryid="764" class="hit-ss-logger" href="http://www.snapdeal.com/product/laci-le-beau-tropical-fruit/235193?pos=59;96" ispartialsearch="false" pogid="235193" pos="59;96" v="p"><div alt="Laci Le Beau Tropical Fruit Super Dieter's Tea Cleanse - 60 Tea Bags" atl="Laci Le Beau Tropical Fruit Super Dieter's Tea Cleanse - 60 Tea Bags" class="product-image"><img border="0" class="" lazysrc="http://n3.sdlcdn.com/imgs/a/a/x/166x194/MYNUTRA139_M_1_2x-86dae.jpg" src="http://n3.sdlcdn.com/imgs/a/a/x/166x194/MYNUTRA139_M_1_2x-86dae.jpg" style="opacity: 1; "/></div><div class="product_grid_cont_heading">Laci Le Beau Tropical Fruit Super Dieter's Tea Cleanse - 60 Tea Bags</div><div class="product_grid_cont_price_outer"><div class="product_price "><span class="originalprice ">Rs 500</span>  Rs 493</div><div class="product_discount_outer"><div class="product_discount">1%</div></div></div><div class="cod-ico"><label class="lang">Cash on Delivery Available</label></div></a>
<a categoryid="764" class="hit-ss-logger" href="http://www.snapdeal.com/product/laci-le-beau-cranberry-twist/235195?pos=60;96" ispartialsearch="false" pogid="235195" pos="60;96" v="p"><div alt="Laci Le Beau Cranberry Twist Super Dieter's Tea Cleanse - 60 Tea Bags" atl="Laci Le Beau Cranberry Twist Super Dieter's Tea Cleanse - 60 Tea Bags" class="product-image"><img border="0" class="" lazysrc="http://n3.sdlcdn.com/imgs/a/a/x/166x194/MYNUTRA137_M_1_2x-5dc9a.jpg" src="http://n3.sdlcdn.com/imgs/a/a/x/166x194/MYNUTRA137_M_1_2x-5dc9a.jpg" style="opacity: 1; "/></div><div class="product_grid_cont_heading">Laci Le Beau Cranberry Twist Super Dieter's Tea Cleanse - 60 Tea Bags</div><div class="product_grid_cont_price_outer"><div class="product_price "><span class="originalprice ">Rs 500</span>  Rs 493</div><div class="product_discount_outer"><div class="product_discount">1%</div></div></div><div class="cod-ico"><label class="lang">Cash on Delivery Available</label></div></a>
<a categoryid="764" class="hit-ss-logger" href="http://www.snapdeal.com/product/get-my-tea-gift-pack/1806081371?pos=61;96" ispartialsearch="false" pogid="1806081371" pos="61;96" v="p"><div alt="Get My Tea Gift Pack - Combo of 2 x  Masala Tea, Darjeeling Black Tea, Darjeeling Green Tea" atl="Get My Tea Gift Pack - Combo of 2 x  Masala Tea, Darjeeling Black Tea, Darjeeling Green Tea" class="product-image"><img border="0" src="http://n4.sdlcdn.com/imgs/a/f/t/166x194/SDL028088241_1383132108_image1-5eb19.jpg" style="opacity: 1; "/></div><div class="product_grid_cont_heading">Get My Tea Gift Pack - Combo of 2 x  Masala Tea, Darjeeling Black Tea, Darjeeling Green Tea</div><div class="product_grid_cont_price_outer"><div class="product_price "><span class="originalprice ">Rs 1770</span>  Rs 1633</div><div class="product_discount_outer"><div class="product_discount">8%</div></div></div><div class="freebie-ico"><label class="lang freebie-lang">Freebie</label></div><div class="cod-ico"><label class="lang">Cash on Delivery Available</label></div></a>
<a categoryid="764" class="hit-ss-logger" href="http://www.snapdeal.com/product/natrol-laci-le-beau-all/608652?pos=62;96" ispartialsearch="false" pogid="608652" pos="62;96" v="p"><div alt="Natrol Laci Le Beau -All Natural-60 Tea Bags" atl="Natrol Laci Le Beau -All Natural-60 Tea Bags" class="product-image"><img border="0" class="" lazysrc="http://n3.sdlcdn.com/imgs/a/a/f/166x194/5600110506_b_M_1_2x-d3bd1.jpg" src="http://n3.sdlcdn.com/imgs/a/a/f/166x194/5600110506_b_M_1_2x-d3bd1.jpg" style="opacity: 1; "/></div><div class="product_grid_cont_heading">Natrol Laci Le Beau -All Natural-60 Tea Bags</div><div class="product_grid_cont_price_outer"><div class="product_price "><span class="originalprice ">Rs 500</span>  Rs 493</div><div class="product_discount_outer"><div class="product_discount">1%</div></div></div><div class="cod-ico"><label class="lang">Cash on Delivery Available</label></div></a>
<a categoryid="764" class="hit-ss-logger" href="http://www.snapdeal.com/product/natrol-laci-le-beau-apricot60/608651?pos=63;96" ispartialsearch="false" pogid="608651" pos="63;96" v="p"><div alt="Natrol Laci Le Beau -Apricot-60 Tea Bags" atl="Natrol Laci Le Beau -Apricot-60 Tea Bags" class="product-image"><img border="0" class="" lazysrc="http://n2.sdlcdn.com/imgs/a/a/f/166x194/5600110505_b_M_1_2x-2f77f.jpg" src="http://n2.sdlcdn.com/imgs/a/a/f/166x194/5600110505_b_M_1_2x-2f77f.jpg" style="opacity: 1; "/></div><div class="product_grid_cont_heading">Natrol Laci Le Beau -Apricot-60 Tea Bags</div><div class="product_grid_cont_price_outer"><div class="product_price "><span class="originalprice ">Rs 500</span>  Rs 493</div><div class="product_discount_outer"><div class="product_discount">1%</div></div></div><div class="cod-ico"><label class="lang">Cash on Delivery Available</label></div></a>
<a categoryid="764" class="hit-ss-logger" href="http://www.snapdeal.com/product/natrol-laci-le-beau-troplfru60/608632?pos=64;96" ispartialsearch="false" pogid="608632" pos="64;96" v="p"><div alt="Natrol Laci Le Beau -Tropl.Fru-60 Tea Bags" atl="Natrol Laci Le Beau -Tropl.Fru-60 Tea Bags" class="product-image"><img border="0" class="" lazysrc="http://n4.sdlcdn.com/imgs/a/a/f/166x194/5600110502_b_M_1_2x-bc09e.jpg" src="http://n4.sdlcdn.com/imgs/a/a/f/166x194/5600110502_b_M_1_2x-bc09e.jpg" style="opacity: 1; "/></div><div class="product_grid_cont_heading">Natrol Laci Le Beau -Tropl.Fru-60 Tea Bags</div><div class="product_grid_cont_price_outer"><div class="product_price "><span class="originalprice ">Rs 500</span>  Rs 493</div><div class="product_discount_outer"><div class="product_discount">1%</div></div></div><div class="cod-ico"><label class="lang">Cash on Delivery Available</label></div></a>
<a categoryid="764" class="hit-ss-logger" href="http://www.snapdeal.com/product/natrol-laci-le-beau-cinnamon60/608629?pos=65;96" ispartialsearch="false" pogid="608629" pos="65;96" v="p"><div alt="Natrol Laci Le Beau -Cinnamon-60 Tea Bags" atl="Natrol Laci Le Beau -Cinnamon-60 Tea Bags" class="product-image"><img border="0" class="" lazysrc="http://n2.sdlcdn.com/imgs/a/a/f/166x194/5600110507_b_M_1_2x-a7f42.jpg" src="http://n2.sdlcdn.com/imgs/a/a/f/166x194/5600110507_b_M_1_2x-a7f42.jpg" style="opacity: 1; "/></div><div class="product_grid_cont_heading">Natrol Laci Le Beau -Cinnamon-60 Tea Bags</div><div class="product_grid_cont_price_outer"><div class="product_price "><span class="originalprice ">Rs 900</span>  Rs 829</div><div class="product_discount_outer"><div class="product_discount">8%</div></div></div><div class="cod-ico"><label class="lang">Cash on Delivery Available</label></div></a>
<a categoryid="764" class="hit-ss-logger" href="http://www.snapdeal.com/product/natrol-laci-le-beau-peppermin60/608628?pos=66;96" ispartialsearch="false" pogid="608628" pos="66;96" v="p"><div alt="Natrol Laci Le Beau -Peppermin-60 Tea Bags" atl="Natrol Laci Le Beau -Peppermin-60 Tea Bags" class="product-image"><img border="0" class="" lazysrc="http://n2.sdlcdn.com/imgs/a/a/f/166x194/5600110501_b_M_1_2x-ba104.jpg" src="http://n2.sdlcdn.com/imgs/a/a/f/166x194/5600110501_b_M_1_2x-ba104.jpg" style="opacity: 1; "/></div><div class="product_grid_cont_heading">Natrol Laci Le Beau -Peppermin-60 Tea Bags</div><div class="product_grid_cont_price_outer"><div class="product_price "><span class="originalprice ">Rs 900</span>  Rs 829</div><div class="product_discount_outer"><div class="product_discount">8%</div></div></div><div class="cod-ico"><label class="lang">Cash on Delivery Available</label></div></a>
<a categoryid="764" class="hit-ss-logger" href="http://www.snapdeal.com/product/natrol-laci-le-beau-cranberry60/608630?pos=67;96" ispartialsearch="false" pogid="608630" pos="67;96" v="p"><div alt="Natrol Laci Le Beau -Cranberry-60 Tea Bags" atl="Natrol Laci Le Beau -Cranberry-60 Tea Bags" class="product-image"><img border="0" class="" lazysrc="http://n3.sdlcdn.com/imgs/a/a/f/166x194/5600110504_b_M_1_2x-11f04.jpg" src="http://n3.sdlcdn.com/imgs/a/a/f/166x194/5600110504_b_M_1_2x-11f04.jpg" style="opacity: 1; "/></div><div class="product_grid_cont_heading">Natrol Laci Le Beau -Cranberry-60 Tea Bags</div><div class="product_grid_cont_price_outer"><div class="product_price "><span class="originalprice ">Rs 500</span>  Rs 493</div><div class="product_discount_outer"><div class="product_discount">1%</div></div></div><div class="cod-ico"><label class="lang">Cash on Delivery Available</label></div></a>
<a categoryid="764" class="hit-ss-logger" href="http://www.snapdeal.com/product/tvc-dr-slim-tea-4/616647515?pos=68;96" ispartialsearch="false" pogid="616647515" pos="68;96" v="p"><div alt="TVC Dr. Slim Tea- 4 Packets" atl="TVC Dr. Slim Tea- 4 Packets" class="product-image"><img border="0" class="" lazysrc="http://n1.sdlcdn.com/imgs/a/c/2/166x194/SDL131647753_1374033541_image1-ff39c.jpg" src="http://n1.sdlcdn.com/imgs/a/c/2/166x194/SDL131647753_1374033541_image1-ff39c.jpg" style="opacity: 1; "/></div><div class="product_grid_cont_heading">TVC Dr. Slim Tea- 4 Packets</div><div class="ratingStarsSmall ratingStarsBelowTitle" style="background-position: 0px -126px;"><span> (7) </span></div><div class="product_grid_cont_price_outer"><div class="product_price "><span class="originalprice ">Rs 2990</span>  Rs 1980</div><div class="product_discount_outer"><div class="product_discount">34%</div></div></div><div class="cod-ico"><label class="lang">Cash on Delivery Available</label></div></a>
<a categoryid="764" class="hit-ss-logger" href="http://www.snapdeal.com/product/the-tea-trio-pack-laci/648235?pos=69;96" ispartialsearch="false" pogid="648235" pos="69;96" v="p"><div alt="The Tea Trio Pack - Laci Li Beau Apricot + Cranberry Twist + Peppermint" atl="The Tea Trio Pack - Laci Li Beau Apricot + Cranberry Twist + Peppermint" class="product-image"><img border="0" class="" lazysrc="http://i1.sdlcdn.com/img/product/main/166x194/MynutraC_009_M_1_2x_New.jpg" src="http://i1.sdlcdn.com/img/product/main/166x194/MynutraC_009_M_1_2x_New.jpg" style="opacity: 1; "/></div><div class="product_grid_cont_heading">The Tea Trio Pack - Laci Li Beau Apricot + Cranberry Twist + Peppermint</div><div class="product_grid_cont_price_outer"><div class="product_price "><span class="originalprice ">Rs 1500</span>  Rs 1281</div><div class="product_discount_outer"><div class="product_discount">15%</div></div></div><div class="cod-ico"><label class="lang">Cash on Delivery Available</label></div></a>
<a categoryid="764" class="hit-ss-logger" href="http://www.snapdeal.com/product/kairali-herbal-tea-100-caffeine/1485373506?pos=70;96" ispartialsearch="false" pogid="1485373506" pos="70;96" v="p"><div alt="Kairali Herbal Tea - 100% Caffeine Free (100 grams) - Combo of 2" atl="Kairali Herbal Tea - 100% Caffeine Free (100 grams) - Combo of 2" class="product-image"><img border="0" class="" lazysrc="http://n3.sdlcdn.com/imgs/a/g/8/166x194/SDL532227526_1391787893_image1-581e2.jpg" src="http://n3.sdlcdn.com/imgs/a/g/8/166x194/SDL532227526_1391787893_image1-581e2.jpg" style="opacity: 1; "/></div><div class="product_grid_cont_heading">Kairali Herbal Tea - 100% Caffeine Free (100 grams) - Combo of 2</div><div class="product_grid_cont_price_outer"><div class="product_price "><span class="originalprice ">Rs 390</span>  Rs 371</div><div class="product_discount_outer"><div class="product_discount">5%</div></div></div><div class="cod-ico"><label class="lang">Cash on Delivery Available</label></div></a>
<a categoryid="764" class="hit-ss-logger" href="http://www.snapdeal.com/product/nirvana-green-tea-50-gm/407611?pos=71;96" ispartialsearch="false" pogid="407611" pos="71;96" v="p"><div alt="Nirvana Green Tea - 50 gm" atl="Nirvana Green Tea - 50 gm" class="product-image"><img border="0" class="" lazysrc="http://n3.sdlcdn.com/imgs/a/a/u/166x194/green_tea_copy_M_1_2x-55f15.jpg" src="http://n3.sdlcdn.com/imgs/a/a/u/166x194/green_tea_copy_M_1_2x-55f15.jpg" style="opacity: 1; "/></div><div class="product_grid_cont_heading">Nirvana Green Tea - 50 gm</div><div class="product_grid_cont_price_outer"><div class="product_price no-float"><span class="originalprice no-display">Rs 75</span>  Rs 75</div></div><div class="cod-ico"><label class="lang">Cash on Delivery Available</label></div></a>
<a categoryid="764" class="hit-ss-logger" href="http://www.snapdeal.com/product/planet-ayurveda-arjun-tea-125/237317?pos=72;96" ispartialsearch="false" pogid="237317" pos="72;96" v="p"><div alt="Planet Ayurveda Arjun Tea - 125 g" atl="Planet Ayurveda Arjun Tea - 125 g" class="product-image"><img border="0" class="" lazysrc="http://n3.sdlcdn.com/imgs/a/a/x/166x194/PLAYUR055_M_1_2x-5b3b6.jpg" src="http://n3.sdlcdn.com/imgs/a/a/x/166x194/PLAYUR055_M_1_2x-5b3b6.jpg" style="opacity: 1; "/></div><div class="product_grid_cont_heading">Planet Ayurveda Arjun Tea - 125 g</div><div class="product_grid_cont_price_outer"><div class="product_price "><span class="originalprice ">Rs 360</span>  Rs 282</div><div class="product_discount_outer"><div class="product_discount">22%</div></div></div><div class="cod-ico"><label class="lang">Cash on Delivery Available</label></div></a>
<a categoryid="764" class="hit-ss-logger" href="http://www.snapdeal.com/product/nirvana-green-tea-50-gm/407606?pos=73;96" ispartialsearch="false" pogid="407606" pos="73;96" v="p"><div alt="Nirvana Green Tea - 50 gm Ginger" atl="Nirvana Green Tea - 50 gm Ginger" class="product-image"><img border="0" class="" lazysrc="http://n3.sdlcdn.com/imgs/a/a/u/166x194/green_tea_copy_M_1_2x-2846b.jpg" src="http://n3.sdlcdn.com/imgs/a/a/u/166x194/green_tea_copy_M_1_2x-2846b.jpg" style="opacity: 1; "/><div class="shippingImage tooltip"><span class="box"><span class="arw"></span><label class="lang dispatched-one-day-lang">Dispatched in 1 business day</label></span></div><div class="soldout prod-grid-sold-out-lang"></div></div><div class="product_grid_cont_heading">Nirvana Green Tea - 50 gm Ginger</div><div class="ratingStarsSmall ratingStarsBelowTitle" style="background-position: 0px -144px;"><span> (20) </span></div><div class="product_grid_cont_price_outer"><div class="product_price "><span class="originalprice ">Rs 125</span>  Rs 100</div><div class="product_discount_outer"><div class="product_discount">20%</div></div></div><div class="cod-ico"><label class="lang">Cash on Delivery Available</label></div></a>
<a categoryid="764" class="hit-ss-logger" href="http://www.snapdeal.com/product/twinings-classics-earl-grey-tea/432476235?pos=74;96" ispartialsearch="false" pogid="432476235" pos="74;96" v="p"><div alt="Twinings Classics Earl Grey Tea - 100 Tea Bags" atl="Twinings Classics Earl Grey Tea - 100 Tea Bags" class="product-image"><img border="0" class="" lazysrc="http://n4.sdlcdn.com/imgs/a/c/5/166x194/SDL489961001_1374755499_image1-73371.jpg" src="http://n4.sdlcdn.com/imgs/a/c/5/166x194/SDL489961001_1374755499_image1-73371.jpg" style="opacity: 1; "/><div class="soldout prod-grid-sold-out-lang"></div></div><div class="product_grid_cont_heading">Twinings Classics Earl Grey Tea - 100 Tea Bags</div><div class="product_grid_cont_price_outer"><div class="product_price no-float"><span class="originalprice no-display">Rs 660</span>  Rs 660</div></div><div class="cod-ico"><label class="lang">Cash on Delivery Available</label></div></a>
<a categoryid="764" class="hit-ss-logger" href="http://www.snapdeal.com/product/down-to-earth-green-tea/513057069?pos=75;96" ispartialsearch="false" pogid="513057069" pos="75;96" v="p"><div alt="Down to Earth Green Tea 200G" atl="Down to Earth Green Tea 200G" class="product-image"><img border="0" class="" lazysrc="http://n1.sdlcdn.com/imgs/a/g/r/166x194/SDL050547995_1389160128_image1-de205.jpg" src="http://n1.sdlcdn.com/imgs/a/g/r/166x194/SDL050547995_1389160128_image1-de205.jpg" style="opacity: 1; "/><div class="soldout prod-grid-sold-out-lang"></div></div><div class="product_grid_cont_heading">Down to Earth Green Tea 200G</div><div class="product_grid_cont_price_outer"><div class="product_price no-float"><span class="originalprice no-display">Rs 405</span>  Rs 405</div></div><div class="cod-ico"><label class="lang">Cash on Delivery Available</label></div></a>
<a categoryid="764" class="hit-ss-logger" href="http://www.snapdeal.com/product/sri-sri-ayurveda-madhukari-herbal/665246708?pos=76;96" ispartialsearch="false" pogid="665246708" pos="76;96" v="p"><div alt="Sri Sri Ayurveda Madhukari herbal tea (Pack of 3)" atl="Sri Sri Ayurveda Madhukari herbal tea (Pack of 3)" class="product-image"><img border="0" class="" lazysrc="http://n4.sdlcdn.com/imgs/a/f/d/166x194/SDL176320643_1382695329_image1-006b3.jpg" src="http://n4.sdlcdn.com/imgs/a/f/d/166x194/SDL176320643_1382695329_image1-006b3.jpg" style="opacity: 1; "/><div class="soldout prod-grid-sold-out-lang"></div></div><div class="product_grid_cont_heading">Sri Sri Ayurveda Madhukari herbal tea (Pack of 3)</div><div class="product_grid_cont_price_outer"><div class="product_price "><span class="originalprice ">Rs 180</span>  Rs 169</div><div class="product_discount_outer"><div class="product_discount">6%</div></div></div><div class="cod-ico"><label class="lang">Cash on Delivery Available</label></div></a>
<a categoryid="764" class="hit-ss-logger" href="http://www.snapdeal.com/product/twinings-lemon-flavoured-tea-100/732537753?pos=77;96" ispartialsearch="false" pogid="732537753" pos="77;96" v="p"><div alt="Twinings Lemon Flavoured Tea - 100 Tea Bags" atl="Twinings Lemon Flavoured Tea - 100 Tea Bags" class="product-image"><img border="0" class="" lazysrc="http://n2.sdlcdn.com/imgs/a/c/5/166x194/SDL489484763_1374755497_image1-ab5e3.jpg" src="http://n2.sdlcdn.com/imgs/a/c/5/166x194/SDL489484763_1374755497_image1-ab5e3.jpg" style="opacity: 1; "/><div class="soldout prod-grid-sold-out-lang"></div></div><div class="product_grid_cont_heading">Twinings Lemon Flavoured Tea - 100 Tea Bags</div><div class="ratingStarsSmall ratingStarsBelowTitle" style="background-position: 0px -180px;"><span> (1) </span></div><div class="product_grid_cont_price_outer"><div class="product_price no-float"><span class="originalprice no-display">Rs 660</span>  Rs 660</div></div><div class="cod-ico"><label class="lang">Cash on Delivery Available</label></div></a>
<a categoryid="764" class="hit-ss-logger" href="http://www.snapdeal.com/product/nirvana-green-tea-50-gm/407607?pos=78;96" ispartialsearch="false" pogid="407607" pos="78;96" v="p"><div alt="Nirvana Green Tea - 50 gm Mint" atl="Nirvana Green Tea - 50 gm Mint" class="product-image"><img border="0" class="" lazysrc="http://n4.sdlcdn.com/imgs/a/a/u/166x194/green_tea_copy_M_1_2x-4565a.jpg" src="http://n4.sdlcdn.com/imgs/a/a/u/166x194/green_tea_copy_M_1_2x-4565a.jpg" style="opacity: 1; "/><div class="shippingImage tooltip"><span class="box"><span class="arw"></span><label class="lang dispatched-one-day-lang">Dispatched in 1 business day</label></span></div><div class="soldout prod-grid-sold-out-lang"></div></div><div class="product_grid_cont_heading">Nirvana Green Tea - 50 gm Mint</div><div class="ratingStarsSmall ratingStarsBelowTitle" style="background-position: 0px -126px;"><span> (6) </span></div><div class="product_grid_cont_price_outer"><div class="product_price "><span class="originalprice ">Rs 125</span>  Rs 100</div><div class="product_discount_outer"><div class="product_discount">20%</div></div></div><div class="cod-ico"><label class="lang">Cash on Delivery Available</label></div></a>
<a categoryid="764" class="hit-ss-logger" href="http://www.snapdeal.com/product/laci-le-beau-peppermint-super/235204?pos=79;96" ispartialsearch="false" pogid="235204" pos="79;96" v="p"><div alt="Laci Le Beau Peppermint Super Dieter's Tea Cleanse - 60 Tea Bags" atl="Laci Le Beau Peppermint Super Dieter's Tea Cleanse - 60 Tea Bags" class="product-image"><img border="0" class="" lazysrc="http://n3.sdlcdn.com/imgs/a/a/x/166x194/MYNUTRA140_M_1_2x-3ea70.jpg" src="http://n3.sdlcdn.com/imgs/a/a/x/166x194/MYNUTRA140_M_1_2x-3ea70.jpg" style="opacity: 1; "/><div class="soldout prod-grid-sold-out-lang"></div></div><div class="product_grid_cont_heading">Laci Le Beau Peppermint Super Dieter's Tea Cleanse - 60 Tea Bags</div><div class="product_grid_cont_price_outer"><div class="product_price "><span class="originalprice ">Rs 900</span>  Rs 829</div><div class="product_discount_outer"><div class="product_discount">8%</div></div></div><div class="cod-ico"><label class="lang">Cash on Delivery Available</label></div></a>
<a categoryid="764" class="hit-ss-logger" href="http://www.snapdeal.com/product/twinings-elaichi-tea-25-tea/1085921165?pos=80;96" ispartialsearch="false" pogid="1085921165" pos="80;96" v="p"><div alt="Twinings Elaichi Tea - 25 Tea Bags" atl="Twinings Elaichi Tea - 25 Tea Bags" class="product-image"><img border="0" class="" lazysrc="http://n2.sdlcdn.com/imgs/a/c/5/166x194/SDL491100313_1374755510_image1-2be3e.jpg" src="http://n2.sdlcdn.com/imgs/a/c/5/166x194/SDL491100313_1374755510_image1-2be3e.jpg" style="opacity: 1; "/><div class="soldout prod-grid-sold-out-lang"></div></div><div class="product_grid_cont_heading">Twinings Elaichi Tea - 25 Tea Bags</div><div class="product_grid_cont_price_outer"><div class="product_price "><span class="originalprice ">Rs 165</span>  Rs 162</div><div class="product_discount_outer"><div class="product_discount">2%</div></div></div><div class="cod-ico"><label class="lang">Cash on Delivery Available</label></div></a>
<a categoryid="764" class="hit-ss-logger" href="http://www.snapdeal.com/product/greenways-greentea-capsules-pack-of/1383679?pos=81;96" ispartialsearch="false" pogid="1383679" pos="81;96" v="p"><div alt="Greenways Greentea Capsules Pack of 2" atl="Greenways Greentea Capsules Pack of 2" class="product-image"><img border="0" src="http://n4.sdlcdn.com/imgs/a/b/n/166x194/SDL545387494_1368621176_image1-568dd.jpg" style="opacity: 1; "/><div class="soldout prod-grid-sold-out-lang"></div></div><div class="product_grid_cont_heading">Greenways Greentea Capsules Pack of 2</div><div class="product_grid_cont_price_outer"><div class="product_price "><span class="originalprice ">Rs 740</span>  Rs 691</div><div class="product_discount_outer"><div class="product_discount">7%</div></div></div><div class="cod-ico"><label class="lang">Cash on Delivery Available</label></div></a>
<a categoryid="764" class="hit-ss-logger" href="http://www.snapdeal.com/product/twinings-green-tea-and-lemon/1593628067?pos=82;96" ispartialsearch="false" pogid="1593628067" pos="82;96" v="p"><div alt="Twinings Green Tea and Lemon - 10 Tea Bags" atl="Twinings Green Tea and Lemon - 10 Tea Bags" class="product-image"><img border="0" class="" lazysrc="http://n3.sdlcdn.com/imgs/a/c/5/166x194/SDL489237572_1374755503_image1-d330a.jpg" src="http://n3.sdlcdn.com/imgs/a/c/5/166x194/SDL489237572_1374755503_image1-d330a.jpg" style="opacity: 1; "/><div class="soldout prod-grid-sold-out-lang"></div></div><div class="product_grid_cont_heading">Twinings Green Tea and Lemon - 10 Tea Bags</div><div class="ratingStarsSmall ratingStarsBelowTitle" style="background-position: 0px -36px;"><span> (1) </span></div><div class="product_grid_cont_price_outer"><div class="product_price no-float"><span class="originalprice no-display">Rs 660</span>  Rs 660</div></div><div class="cod-ico"><label class="lang">Cash on Delivery Available</label></div></a>
<a categoryid="764" class="hit-ss-logger" href="http://www.snapdeal.com/product/twinings-origins-darjeeling-tea-100/1605461995?pos=83;96" ispartialsearch="false" pogid="1605461995" pos="83;96" v="p"><div alt="Twinings Origins Darjeeling Tea - 100 Tea Bags" atl="Twinings Origins Darjeeling Tea - 100 Tea Bags" class="product-image"><img border="0" class="" lazysrc="http://n2.sdlcdn.com/imgs/a/c/5/166x194/SDL490977885_1374755508_image1-23761.jpg" src="http://n2.sdlcdn.com/imgs/a/c/5/166x194/SDL490977885_1374755508_image1-23761.jpg" style="opacity: 1; "/><div class="soldout prod-grid-sold-out-lang"></div></div><div class="product_grid_cont_heading">Twinings Origins Darjeeling Tea - 100 Tea Bags</div><div class="product_grid_cont_price_outer"><div class="product_price no-float"><span class="originalprice no-display">Rs 660</span>  Rs 660</div></div><div class="cod-ico"><label class="lang">Cash on Delivery Available</label></div></a>
<a categoryid="764" class="hit-ss-logger" href="http://www.snapdeal.com/product/yogi-tea-calming-30-g/463296?pos=84;96" ispartialsearch="false" pogid="463296" pos="84;96" v="p"><div alt="Yogi Tea Calming - 30 g" atl="Yogi Tea Calming - 30 g" class="product-image"><img border="0" class="" lazysrc="http://n2.sdlcdn.com/imgs/a/a/l/166x194/Svaasa137_M_1_2x-fbc2a.jpg" src="http://n2.sdlcdn.com/imgs/a/a/l/166x194/Svaasa137_M_1_2x-fbc2a.jpg" style="opacity: 1; "/><div class="soldout prod-grid-sold-out-lang"></div></div><div class="product_grid_cont_heading">Yogi Tea Calming - 30 g</div><div class="product_grid_cont_price_outer"><div class="product_price "><span class="originalprice ">Rs 315</span>  Rs 293</div><div class="product_discount_outer"><div class="product_discount">7%</div></div></div><div class="cod-ico"><label class="lang">Cash on Delivery Available</label></div></a>
<a categoryid="764" class="hit-ss-logger" href="http://www.snapdeal.com/product/yogi-tea-echinacea-30-g/463298?pos=85;96" ispartialsearch="false" pogid="463298" pos="85;96" v="p"><div alt="Yogi Tea Echinacea - 30 g" atl="Yogi Tea Echinacea - 30 g" class="product-image"><img border="0" class="" lazysrc="http://n1.sdlcdn.com/imgs/a/a/l/166x194/Svaasa140_M_1_2x-39fd5.jpg" src="http://n1.sdlcdn.com/imgs/a/a/l/166x194/Svaasa140_M_1_2x-39fd5.jpg" style="opacity: 1; "/><div class="soldout prod-grid-sold-out-lang"></div></div><div class="product_grid_cont_heading">Yogi Tea Echinacea - 30 g</div><div class="product_grid_cont_price_outer"><div class="product_price "><span class="originalprice ">Rs 315</span>  Rs 293</div><div class="product_discount_outer"><div class="product_discount">7%</div></div></div><div class="cod-ico"><label class="lang">Cash on Delivery Available</label></div></a>
<a categoryid="764" class="hit-ss-logger" href="http://www.snapdeal.com/product/yogi-tea-green-energy-30/463301?pos=86;96" ispartialsearch="false" pogid="463301" pos="86;96" v="p"><div alt="Yogi Tea Green Energy - 30 g" atl="Yogi Tea Green Energy - 30 g" class="product-image"><img border="0" class="" lazysrc="http://n2.sdlcdn.com/imgs/a/a/l/166x194/Svaasa142_M_1_2x-0cab0.jpg" src="http://n2.sdlcdn.com/imgs/a/a/l/166x194/Svaasa142_M_1_2x-0cab0.jpg" style="opacity: 1; "/><div class="soldout prod-grid-sold-out-lang"></div></div><div class="product_grid_cont_heading">Yogi Tea Green Energy - 30 g</div><div class="product_grid_cont_price_outer"><div class="product_price "><span class="originalprice ">Rs 315</span>  Rs 293</div><div class="product_discount_outer"><div class="product_discount">7%</div></div></div><div class="cod-ico"><label class="lang">Cash on Delivery Available</label></div></a>
<a categoryid="764" class="hit-ss-logger" href="http://www.snapdeal.com/product/yogi-tea-ginger-lemon-30/463300?pos=87;96" ispartialsearch="false" pogid="463300" pos="87;96" v="p"><div alt="Yogi Tea Ginger Lemon - 30 g" atl="Yogi Tea Ginger Lemon - 30 g" class="product-image"><img border="0" class="" lazysrc="http://n2.sdlcdn.com/imgs/a/a/l/166x194/Svaasa141_M_1_2x-a0ddd.jpg" src="http://n2.sdlcdn.com/imgs/a/a/l/166x194/Svaasa141_M_1_2x-a0ddd.jpg" style="opacity: 1; "/><div class="soldout prod-grid-sold-out-lang"></div></div><div class="product_grid_cont_heading">Yogi Tea Ginger Lemon - 30 g</div><div class="ratingStarsSmall ratingStarsBelowTitle" style="background-position: 0px -144px;"><span> (1) </span></div><div class="product_grid_cont_price_outer"><div class="product_price "><span class="originalprice ">Rs 315</span>  Rs 293</div><div class="product_discount_outer"><div class="product_discount">7%</div></div></div><div class="cod-ico"><label class="lang">Cash on Delivery Available</label></div></a>
<a categoryid="764" class="hit-ss-logger" href="http://www.snapdeal.com/product/yogi-tea-throat-comfort-30/463303?pos=88;96" ispartialsearch="false" pogid="463303" pos="88;96" v="p"><div alt="Yogi Tea Throat Comfort - 30 g" atl="Yogi Tea Throat Comfort - 30 g" class="product-image"><img border="0" class="" lazysrc="http://n2.sdlcdn.com/imgs/a/a/l/166x194/Svaasa144_M_1_2x-4d495.jpg" src="http://n2.sdlcdn.com/imgs/a/a/l/166x194/Svaasa144_M_1_2x-4d495.jpg" style="opacity: 1; "/><div class="soldout prod-grid-sold-out-lang"></div></div><div class="product_grid_cont_heading">Yogi Tea Throat Comfort - 30 g</div><div class="product_grid_cont_price_outer"><div class="product_price "><span class="originalprice ">Rs 315</span>  Rs 293</div><div class="product_discount_outer"><div class="product_discount">7%</div></div></div><div class="cod-ico"><label class="lang">Cash on Delivery Available</label></div></a>
<a categoryid="764" class="hit-ss-logger" href="http://www.snapdeal.com/product/yogi-tea-stomach-ease-30/463302?pos=89;96" ispartialsearch="false" pogid="463302" pos="89;96" v="p"><div alt="Yogi Tea Stomach Ease - 30 g" atl="Yogi Tea Stomach Ease - 30 g" class="product-image"><img border="0" class="" lazysrc="http://n1.sdlcdn.com/imgs/a/a/l/166x194/Svaasa143_M_1_2x-7e3fe.jpg" src="http://n1.sdlcdn.com/imgs/a/a/l/166x194/Svaasa143_M_1_2x-7e3fe.jpg" style="opacity: 1; "/><div class="soldout prod-grid-sold-out-lang"></div></div><div class="product_grid_cont_heading">Yogi Tea Stomach Ease - 30 g</div><div class="product_grid_cont_price_outer"><div class="product_price "><span class="originalprice ">Rs 315</span>  Rs 293</div><div class="product_discount_outer"><div class="product_discount">7%</div></div></div><div class="cod-ico"><label class="lang">Cash on Delivery Available</label></div></a>
<a categoryid="764" class="hit-ss-logger" href="http://www.snapdeal.com/product/yogi-tea-womens-balance-30/463262?pos=90;96" ispartialsearch="false" pogid="463262" pos="90;96" v="p"><div alt="Yogi Tea Women'S Balance - 30 g" atl="Yogi Tea Women'S Balance - 30 g" class="product-image"><img border="0" class="" lazysrc="http://n3.sdlcdn.com/imgs/a/a/l/166x194/Svaasa145_M_1_2x-9d74d.jpg" src="http://n3.sdlcdn.com/imgs/a/a/l/166x194/Svaasa145_M_1_2x-9d74d.jpg" style="opacity: 1; "/><div class="soldout prod-grid-sold-out-lang"></div></div><div class="product_grid_cont_heading">Yogi Tea Women'S Balance - 30 g</div><div class="product_grid_cont_price_outer"><div class="product_price "><span class="originalprice ">Rs 315</span>  Rs 293</div><div class="product_discount_outer"><div class="product_discount">7%</div></div></div><div class="cod-ico"><label class="lang">Cash on Delivery Available</label></div></a>
<a categoryid="764" class="hit-ss-logger" href="http://www.snapdeal.com/product/twinings-green-tea-100-tea/365423316?pos=91;96" ispartialsearch="false" pogid="365423316" pos="91;96" v="p"><div alt="Twinings Green Tea - 100 Tea Bags" atl="Twinings Green Tea - 100 Tea Bags" class="product-image"><img border="0" class="" lazysrc="http://n1.sdlcdn.com/imgs/a/c/5/166x194/SDL487246721_1374755496_image1-38c37.jpg" src="http://n1.sdlcdn.com/imgs/a/c/5/166x194/SDL487246721_1374755496_image1-38c37.jpg" style="opacity: 1; "/><div class="soldout prod-grid-sold-out-lang"></div></div><div class="product_grid_cont_heading">Twinings Green Tea - 100 Tea Bags</div><div class="product_grid_cont_price_outer"><div class="product_price no-float"><span class="originalprice no-display">Rs 660</span>  Rs 660</div></div><div class="cod-ico"><label class="lang">Cash on Delivery Available</label></div></a>
<a categoryid="764" class="hit-ss-logger" href="http://www.snapdeal.com/product/twinings-green-tea-200-tea/415177886?pos=92;96" ispartialsearch="false" pogid="415177886" pos="92;96" v="p"><div alt="Twinings Green Tea - 200 Tea Bags" atl="Twinings Green Tea - 200 Tea Bags" class="product-image"><img border="0" class="" lazysrc="http://n4.sdlcdn.com/imgs/a/c/5/166x194/SDL488310678_1374755513_image1-170b7.jpg" src="http://n4.sdlcdn.com/imgs/a/c/5/166x194/SDL488310678_1374755513_image1-170b7.jpg" style="opacity: 1; "/><div class="soldout prod-grid-sold-out-lang"></div></div><div class="product_grid_cont_heading">Twinings Green Tea - 200 Tea Bags</div><div class="product_grid_cont_price_outer"><div class="product_price no-float"><span class="originalprice no-display">Rs 1100</span>  Rs 1100</div></div><div class="cod-ico"><label class="lang">Cash on Delivery Available</label></div></a>
<a categoryid="764" class="hit-ss-logger" href="http://www.snapdeal.com/product/twinings-classics-english-breakfast-tea/497280012?pos=93;96" ispartialsearch="false" pogid="497280012" pos="93;96" v="p"><div alt="Twinings Classics English Breakfast Tea - 25 Tea Bags" atl="Twinings Classics English Breakfast Tea - 25 Tea Bags" class="product-image"><img border="0" class="" lazysrc="http://n4.sdlcdn.com/imgs/a/c/5/166x194/SDL489654567_1374755507_image1-a8d53.jpg" src="http://n4.sdlcdn.com/imgs/a/c/5/166x194/SDL489654567_1374755507_image1-a8d53.jpg" style="opacity: 1; "/><div class="soldout prod-grid-sold-out-lang"></div></div><div class="product_grid_cont_heading">Twinings Classics English Breakfast Tea - 25 Tea Bags</div><div class="product_grid_cont_price_outer"><div class="product_price "><span class="originalprice ">Rs 180</span>  Rs 177</div><div class="product_discount_outer"><div class="product_discount">2%</div></div></div><div class="cod-ico"><label class="lang">Cash on Delivery Available</label></div></a>
<a categoryid="764" class="hit-ss-logger" href="http://www.snapdeal.com/product/natrol-laci-le-beau-lemonmint60/610675?pos=94;96" ispartialsearch="false" pogid="610675" pos="94;96" v="p"><div alt="Natrol Laci Le Beau -Lemonmint-60 Tea Bags" atl="Natrol Laci Le Beau -Lemonmint-60 Tea Bags" class="product-image"><img border="0" class="" lazysrc="http://n3.sdlcdn.com/imgs/a/a/g/166x194/560011503_b_M_1_2x-a6f10.jpg" src="http://n3.sdlcdn.com/imgs/a/a/g/166x194/560011503_b_M_1_2x-a6f10.jpg" style="opacity: 1; "/><div class="soldout prod-grid-sold-out-lang"></div></div><div class="product_grid_cont_heading">Natrol Laci Le Beau -Lemonmint-60 Tea Bags</div><div class="product_grid_cont_price_outer"><div class="product_price "><span class="originalprice ">Rs 500</span>  Rs 493</div><div class="product_discount_outer"><div class="product_discount">1%</div></div></div><div class="cod-ico"><label class="lang">Cash on Delivery Available</label></div></a>
<a categoryid="764" class="hit-ss-logger" href="http://www.snapdeal.com/product/nutrilife-green-tea/759711?pos=95;96" ispartialsearch="false" pogid="759711" pos="95;96" v="p"><div alt="Nutrilife Green Tea" atl="Nutrilife Green Tea" class="product-image"><img border="0" class="" lazysrc="http://n2.sdlcdn.com/imgs/a/a/o/166x194/SDL025855413_1362983424_image1-484db.jpg" src="http://n2.sdlcdn.com/imgs/a/a/o/166x194/SDL025855413_1362983424_image1-484db.jpg" style="opacity: 1; "/><div class="soldout prod-grid-sold-out-lang"></div></div><div class="product_grid_cont_heading">Nutrilife Green Tea</div><div class="product_grid_cont_price_outer"><div class="product_price "><span class="originalprice ">Rs 390</span>  Rs 336</div><div class="product_discount_outer"><div class="product_discount">14%</div></div></div><div class="cod-ico"><label class="lang">Cash on Delivery Available</label></div></a>
