<a categoryid="548" class="hit-ss-logger" href="http://www.snapdeal.com/product/la-kravate-white-bloomers-for/1590202672?pos=0;84" ispartialsearch="false" pogid="1590202672" pos="0;84" v="p">
<div atl="La Kravate White Bloomers For Kids" class="product-image">
<img border="0" class="" lazysrc="http://n3.sdlcdn.com/imgs/a/d/b/230x258/SDL342753504_1376478833_image1-129fc.jpg" src="http://n3.sdlcdn.com/imgs/a/d/b/230x258/SDL342753504_1376478833_image1-129fc.jpg" style="opacity: 1; "/>
<div class="shippingImage tooltip">
<span class="box">
<span class="arw"></span>
<label class="dispatched-one-day-lang">Dispatched in 1 business day</label>
</span>
</div>
</div>
<div class="product_grid_cont_heading">
				La Kravate White Bloomers For Kids</div>
<div class="ratingStarsSmall ratingStarsBelowTitle" pos="4.2" style="background-position: 0px -162px; "><span>(11)</span></div>
<script type="text/javascript">
						var ratingState = true;
					</script>
<div class="product_grid_cont_price_outer">
<div class="product_price ">
<span class="originalprice ">Rs
									349</span> Rs 210
							</div>
<div class="product_discount_outer ">
<div class="product_discount">
									40%
								</div>
</div>
</div>
<div class="cod-ico"><label class="lang">Cash on Delivery Available</label></div>
</a>
<a categoryid="548" class="hit-ss-logger" href="http://www.snapdeal.com/product/la-kravate-coloured-bloomers-for/1000673833?pos=1;84" ispartialsearch="false" pogid="1000673833" pos="1;84" v="p">
<div atl="La Kravate Coloured Bloomers For Kids" class="product-image">
<img border="0" class="" lazysrc="http://n3.sdlcdn.com/imgs/a/d/b/230x258/SDL354096243_1376478860_image1-80f2b.jpg" src="http://n3.sdlcdn.com/imgs/a/d/b/230x258/SDL354096243_1376478860_image1-80f2b.jpg" style="opacity: 1; "/>
<div class="shippingImage tooltip">
<span class="box">
<span class="arw"></span>
<label class="dispatched-one-day-lang">Dispatched in 1 business day</label>
</span>
</div>
</div>
<div class="product_grid_cont_heading">
				La Kravate Coloured Bloomers For Kids</div>
<div class="ratingStarsSmall ratingStarsBelowTitle" pos="4.0" style="background-position: 0px -144px; "><span>(17)</span></div>
<script type="text/javascript">
						var ratingState = true;
					</script>
<div class="product_grid_cont_price_outer">
<div class="product_price ">
<span class="originalprice ">Rs
									349</span> Rs 210
							</div>
<div class="product_discount_outer ">
<div class="product_discount">
									40%
								</div>
</div>
</div>
<div class="cod-ico"><label class="lang">Cash on Delivery Available</label></div>
</a>
<a categoryid="548" class="hit-ss-logger" href="http://www.snapdeal.com/product/jazzuppack-of-7-panties-for/1088094041?pos=2;84" ispartialsearch="false" pogid="1088094041" pos="2;84" v="p">
<div atl="Jazzup-Pack of 7 Panties For Kids" class="product-image">
<img border="0" class="" lazysrc="http://n3.sdlcdn.com/imgs/a/e/l/230x258/SDL371912253_1381491353_image1-f28db.jpg" src="http://n3.sdlcdn.com/imgs/a/e/l/230x258/SDL371912253_1381491353_image1-f28db.jpg" style="opacity: 1; "/>
</div>
<div class="product_grid_cont_heading">
				Jazzup-Pack of 7 Panties For Kids</div>
<div class="product_grid_cont_price_outer">
<div class="product_price no-float">
<span class="originalprice no-display">Rs
									549</span> Rs 549
							</div>
<div class="product_discount_outer no-display">
<div class="product_discount">
									0%
								</div>
</div>
</div>
<div class="cod-ico"><label class="lang">Cash on Delivery Available</label></div>
</a>
<a categoryid="548" class="hit-ss-logger" href="http://www.snapdeal.com/product/jazzuppack-of-3-panties-for/932816062?pos=3;84" ispartialsearch="false" pogid="932816062" pos="3;84" v="p">
<div atl="Jazzup-Pack of 3 Panties For Kids" class="product-image">
<img border="0" class="" lazysrc="http://n2.sdlcdn.com/imgs/a/e/l/230x258/SDL098927435_1381491359_image1-26d38.jpg" src="http://n2.sdlcdn.com/imgs/a/e/l/230x258/SDL098927435_1381491359_image1-26d38.jpg" style="opacity: 1; "/>
</div>
<div class="product_grid_cont_heading">
				Jazzup-Pack of 3 Panties For Kids</div>
<div class="product_grid_cont_price_outer">
<div class="product_price no-float">
<span class="originalprice no-display">Rs
									299</span> Rs 299
							</div>
<div class="product_discount_outer no-display">
<div class="product_discount">
									0%
								</div>
</div>
</div>
<div class="cod-ico"><label class="lang">Cash on Delivery Available</label></div>
</a>
<a categoryid="548" class="hit-ss-logger" href="http://www.snapdeal.com/product/jazzuppack-of-7-panties-for/532519594?pos=4;84" ispartialsearch="false" pogid="532519594" pos="4;84" v="p">
<div atl="Jazzup-Pack of 7 Panties For Kids" class="product-image">
<img border="0" class="" lazysrc="http://n2.sdlcdn.com/imgs/a/e/l/230x258/SDL371724537_1381491471_image1-187f6.jpg" src="http://n2.sdlcdn.com/imgs/a/e/l/230x258/SDL371724537_1381491471_image1-187f6.jpg" style="opacity: 1; "/>
</div>
<div class="product_grid_cont_heading">
				Jazzup-Pack of 7 Panties For Kids</div>
<div class="product_grid_cont_price_outer">
<div class="product_price no-float">
<span class="originalprice no-display">Rs
									549</span> Rs 549
							</div>
<div class="product_discount_outer no-display">
<div class="product_discount">
									0%
								</div>
</div>
</div>
<div class="cod-ico"><label class="lang">Cash on Delivery Available</label></div>
</a>
<a categoryid="548" class="hit-ss-logger" href="http://www.snapdeal.com/product/la-kravate-v-shape-bloomers/1825437295?pos=5;84" ispartialsearch="false" pogid="1825437295" pos="5;84" v="p">
<div atl="La Kravate V Shape Bloomers For Kids" class="product-image">
<img border="0" class="" lazysrc="http://n2.sdlcdn.com/imgs/a/d/b/230x258/SDL352355066_1376478856_image1-d124f.jpg" src="http://n2.sdlcdn.com/imgs/a/d/b/230x258/SDL352355066_1376478856_image1-d124f.jpg" style="opacity: 1; "/>
<div class="shippingImage tooltip">
<span class="box">
<span class="arw"></span>
<label class="dispatched-one-day-lang">Dispatched in 1 business day</label>
</span>
</div>
</div>
<div class="product_grid_cont_heading">
				La Kravate V Shape Bloomers For Kids</div>
<div class="ratingStarsSmall ratingStarsBelowTitle" pos="4.0" style="background-position: 0px -144px; "><span>(4)</span></div>
<script type="text/javascript">
						var ratingState = true;
					</script>
<div class="product_grid_cont_price_outer">
<div class="product_price ">
<span class="originalprice ">Rs
									349</span> Rs 210
							</div>
<div class="product_discount_outer ">
<div class="product_discount">
									40%
								</div>
</div>
</div>
<div class="cod-ico"><label class="lang">Cash on Delivery Available</label></div>
</a>
<a categoryid="548" class="hit-ss-logger" href="http://www.snapdeal.com/product/jazzup-cute-girls-suits/1083775723?pos=6;84" ispartialsearch="false" pogid="1083775723" pos="6;84" v="p">
<div atl="Jazzup- Cute Girls Suits For Kids" class="product-image">
<img border="0" class="" lazysrc="http://n2.sdlcdn.com/imgs/a/d/d/230x258/SDL030829751_1377662313_image1-a057d.jpg" src="http://n2.sdlcdn.com/imgs/a/d/d/230x258/SDL030829751_1377662313_image1-a057d.jpg" style="opacity: 1; "/>
</div>
<div class="product_grid_cont_heading">
				Jazzup- Cute Girls Suits For Kids</div>
<div class="product_grid_cont_price_outer">
<div class="product_price no-float">
<span class="originalprice no-display">Rs
									385</span> Rs 385
							</div>
<div class="product_discount_outer no-display">
<div class="product_discount">
									0%
								</div>
</div>
</div>
<div class="cod-ico"><label class="lang">Cash on Delivery Available</label></div>
</a>
<a categoryid="548" class="hit-ss-logger" href="http://www.snapdeal.com/product/jazzuppack-of-7-panties-for/569561422?pos=7;84" ispartialsearch="false" pogid="569561422" pos="7;84" v="p">
<div atl="Jazzup-Pack of 7 Panties For Kids" class="product-image">
<img border="0" class="" lazysrc="http://n3.sdlcdn.com/imgs/a/e/l/230x258/SDL355189603_1381491455_image1-3691a.jpg" src="http://n3.sdlcdn.com/imgs/a/e/l/230x258/SDL355189603_1381491455_image1-3691a.jpg" style="opacity: 1; "/>
</div>
<div class="product_grid_cont_heading">
				Jazzup-Pack of 7 Panties For Kids</div>
<div class="ratingStarsSmall ratingStarsBelowTitle" pos="5.0" style="background-position: 0px -180px; "><span>(1)</span></div>
<script type="text/javascript">
						var ratingState = true;
					</script>
<div class="product_grid_cont_price_outer">
<div class="product_price no-float">
<span class="originalprice no-display">Rs
									549</span> Rs 549
							</div>
<div class="product_discount_outer no-display">
<div class="product_discount">
									0%
								</div>
</div>
</div>
<div class="cod-ico"><label class="lang">Cash on Delivery Available</label></div>
</a>
<a categoryid="548" class="hit-ss-logger" href="http://www.snapdeal.com/product/modern-night-suit-for-girls/199371603?pos=8;84" ispartialsearch="false" pogid="199371603" pos="8;84" v="p">
<div atl="Modern- Night Suit for Girls" class="product-image">
<img border="0" class="" lazysrc="http://n3.sdlcdn.com/imgs/a/g/2/230x258/SDL004999611_1390974922_image1-d548a.jpg" src="http://n3.sdlcdn.com/imgs/a/g/2/230x258/SDL004999611_1390974922_image1-d548a.jpg" style="opacity: 1; "/>
<div class="shippingImage tooltip">
<span class="box">
<span class="arw"></span>
<label class="dispatched-one-day-lang">Dispatched in 1 business day</label>
</span>
</div>
</div>
<div class="product_grid_cont_heading">
				Modern- Night Suit for Girls</div>
<div class="product_grid_cont_price_outer">
<div class="product_price no-float">
<span class="originalprice no-display">Rs
									549</span> Rs 549
							</div>
<div class="product_discount_outer no-display">
<div class="product_discount">
									0%
								</div>
</div>
</div>
<div class="cod-ico"><label class="lang">Cash on Delivery Available</label></div>
</a>
<a categoryid="548" class="hit-ss-logger" href="http://www.snapdeal.com/product/jazzup-pack-of-2-panties/468756153?pos=9;84" ispartialsearch="false" pogid="468756153" pos="9;84" v="p">
<div atl="Jazzup- Pack of 2 Panties" class="product-image">
<img border="0" class="" lazysrc="http://n3.sdlcdn.com/imgs/a/g/p/230x258/SDL513228798_1388662426_image1-4cd96.jpg" src="http://n3.sdlcdn.com/imgs/a/g/p/230x258/SDL513228798_1388662426_image1-4cd96.jpg" style="opacity: 1; "/>
</div>
<div class="product_grid_cont_heading">
				Jazzup- Pack of 2 Panties</div>
<div class="product_grid_cont_price_outer">
<div class="product_price no-float">
<span class="originalprice no-display">Rs
									149</span> Rs 149
							</div>
<div class="product_discount_outer no-display">
<div class="product_discount">
									0%
								</div>
</div>
</div>
<div class="cod-ico"><label class="lang">Cash on Delivery Available</label></div>
</a>
<a categoryid="548" class="hit-ss-logger" href="http://www.snapdeal.com/product/jazzup-pack-of-3-panties/384703365?pos=10;84" ispartialsearch="false" pogid="384703365" pos="10;84" v="p">
<div atl="Jazzup- Pack of 3 Panties" class="product-image">
<img border="0" class="" lazysrc="http://n4.sdlcdn.com/imgs/a/g/p/230x258/SDL390113357_1388662436_image1-fabf6.jpg" src="http://n4.sdlcdn.com/imgs/a/g/p/230x258/SDL390113357_1388662436_image1-fabf6.jpg" style="opacity: 1; "/>
</div>
<div class="product_grid_cont_heading">
				Jazzup- Pack of 3 Panties</div>
<div class="product_grid_cont_price_outer">
<div class="product_price no-float">
<span class="originalprice no-display">Rs
									210</span> Rs 210
							</div>
<div class="product_discount_outer no-display">
<div class="product_discount">
									0%
								</div>
</div>
</div>
<div class="cod-ico"><label class="lang">Cash on Delivery Available</label></div>
</a>
<a categoryid="548" class="hit-ss-logger" href="http://www.snapdeal.com/product/jazzup-pack-of-4-panties/650529590?pos=11;84" ispartialsearch="false" pogid="650529590" pos="11;84" v="p">
<div atl="Jazzup- Pack of 4 Panties" class="product-image">
<img border="0" class="" lazysrc="http://n2.sdlcdn.com/imgs/a/g/p/230x258/SDL514870447_1388662433_image1-b0408.jpg" src="http://n2.sdlcdn.com/imgs/a/g/p/230x258/SDL514870447_1388662433_image1-b0408.jpg" style="opacity: 1; "/>
</div>
<div class="product_grid_cont_heading">
				Jazzup- Pack of 4 Panties</div>
<div class="product_grid_cont_price_outer">
<div class="product_price no-float">
<span class="originalprice no-display">Rs
									275</span> Rs 275
							</div>
<div class="product_discount_outer no-display">
<div class="product_discount">
									0%
								</div>
</div>
</div>
<div class="cod-ico"><label class="lang">Cash on Delivery Available</label></div>
</a>
<a categoryid="548" class="hit-ss-logger" href="http://www.snapdeal.com/product/jazzup-pack-of-2-panties/783767861?pos=12;84" ispartialsearch="false" pogid="783767861" pos="12;84" v="p">
<div atl="Jazzup- Pack of 2 Panties" class="product-image">
<img border="0" class="" lazysrc="http://n3.sdlcdn.com/imgs/a/g/p/230x258/SDL512366573_1388662429_image1-19248.jpg" src="http://n3.sdlcdn.com/imgs/a/g/p/230x258/SDL512366573_1388662429_image1-19248.jpg" style="opacity: 1; "/>
</div>
<div class="product_grid_cont_heading">
				Jazzup- Pack of 2 Panties</div>
<div class="product_grid_cont_price_outer">
<div class="product_price no-float">
<span class="originalprice no-display">Rs
									149</span> Rs 149
							</div>
<div class="product_discount_outer no-display">
<div class="product_discount">
									0%
								</div>
</div>
</div>
<div class="cod-ico"><label class="lang">Cash on Delivery Available</label></div>
</a>
<a categoryid="548" class="hit-ss-logger" href="http://www.snapdeal.com/product/cmjain-move-night-suit-for/603505274?pos=13;84" ispartialsearch="false" pogid="603505274" pos="13;84" v="p">
<div atl="C.M.Jain Move Night Suit For Kids" class="product-image">
<img border="0" class="" lazysrc="http://n1.sdlcdn.com/imgs/a/g/i/230x258/SDL794964144_1386829296_image1-3a68f.jpg" src="http://n1.sdlcdn.com/imgs/a/g/i/230x258/SDL794964144_1386829296_image1-3a68f.jpg" style="opacity: 1; "/>
</div>
<div class="product_grid_cont_heading">
				C.M.Jain Move Night Suit For Kids</div>
<div class="product_grid_cont_price_outer">
<div class="product_price ">
<span class="originalprice ">Rs
									580</span> Rs 464
							</div>
<div class="product_discount_outer ">
<div class="product_discount">
									20%
								</div>
</div>
</div>
<div class="cod-ico"><label class="lang">Cash on Delivery Available</label></div>
</a>
<a categoryid="548" class="hit-ss-logger" href="http://www.snapdeal.com/product/pitter-patter-babies-comforting-sleep/14182425?pos=14;84" ispartialsearch="false" pogid="14182425" pos="14;84" v="p">
<div atl="Pitter Patter Babies Comforting Sleep Sacs (6-12 mths)" class="product-image">
<img border="0" class="" lazysrc="http://n3.sdlcdn.com/imgs/a/g/a/230x258/SDL002897740_1385464633_image1-e9dea.jpg" src="http://n3.sdlcdn.com/imgs/a/g/a/230x258/SDL002897740_1385464633_image1-e9dea.jpg" style="opacity: 1; "/>
</div>
<div class="product_grid_cont_heading">
				Pitter Patter Babies Comforting Sleep Sacs (6-12 mths)</div>
<div class="product_grid_cont_price_outer">
<div class="product_price no-float">
<span class="originalprice no-display">Rs
									1699</span> Rs 1699
							</div>
<div class="product_discount_outer no-display">
<div class="product_discount">
									0%
								</div>
</div>
</div>
<div class="cod-ico"><label class="lang">Cash on Delivery Available</label></div>
</a>
<a categoryid="539" class="hit-ss-logger" href="http://www.snapdeal.com/product/pitter-patter-babies-comforting-sleep/1456870353?pos=15;84" ispartialsearch="false" pogid="1456870353" pos="15;84" v="p"><div alt="Pitter Patter Babies Comforting Sleep Sacs- Cream (18-24 months)" atl="Pitter Patter Babies Comforting Sleep Sacs- Cream (18-24 months)" class="product-image"><img border="0" class="" lazysrc="http://n1.sdlcdn.com/imgs/a/g/a/230x258/SDL015352069_1385464629_image1-0d91a.jpg" src="http://n1.sdlcdn.com/imgs/a/g/a/230x258/SDL015352069_1385464629_image1-0d91a.jpg" style="opacity: 1; "/></div><div class="product_grid_cont_heading">Pitter Patter Babies Comforting Sleep Sacs- Cream (18-24 months)</div><div class="product_grid_cont_price_outer"><div class="product_price no-float"><span class="originalprice no-display">Rs 1699</span>  Rs 1699</div></div><div class="cod-ico"><label class="lang">Cash on Delivery Available</label></div></a>
<a categoryid="539" class="hit-ss-logger" href="http://www.snapdeal.com/product/pitter-patter-babies-comforting-sleep/2007991637?pos=16;84" ispartialsearch="false" pogid="2007991637" pos="16;84" v="p"><div alt="Pitter Patter Babies Comforting Sleep Sacs- Cream (6-12 mths)" atl="Pitter Patter Babies Comforting Sleep Sacs- Cream (6-12 mths)" class="product-image"><img border="0" src="http://n2.sdlcdn.com/imgs/a/g/a/230x258/SDL006682673_1385464635_image1-44fa9.jpg" style="opacity: 1; "/></div><div class="product_grid_cont_heading">Pitter Patter Babies Comforting Sleep Sacs- Cream (6-12 mths)</div><div class="product_grid_cont_price_outer"><div class="product_price no-float"><span class="originalprice no-display">Rs 1699</span>  Rs 1699</div></div><div class="cod-ico"><label class="lang">Cash on Delivery Available</label></div></a>
<a categoryid="539" class="hit-ss-logger" href="http://www.snapdeal.com/product/pitter-patter-babies-comforting-sleep/2124226827?pos=17;84" ispartialsearch="false" pogid="2124226827" pos="17;84" v="p"><div alt="Pitter Patter Babies Comforting Sleep Sacs- Pink (12-18months)" atl="Pitter Patter Babies Comforting Sleep Sacs- Pink (12-18months)" class="product-image"><img border="0" class="" lazysrc="http://n4.sdlcdn.com/imgs/a/g/a/230x258/SDL020133926_1385464632_image1-849ec.jpg" src="http://n4.sdlcdn.com/imgs/a/g/a/230x258/SDL020133926_1385464632_image1-849ec.jpg" style="opacity: 1; "/></div><div class="product_grid_cont_heading">Pitter Patter Babies Comforting Sleep Sacs- Pink (12-18months)</div><div class="product_grid_cont_price_outer"><div class="product_price no-float"><span class="originalprice no-display">Rs 1699</span>  Rs 1699</div></div><div class="cod-ico"><label class="lang">Cash on Delivery Available</label></div></a>
<a categoryid="539" class="hit-ss-logger" href="http://www.snapdeal.com/product/pitter-patter-babies-comforting-sleep/211150347?pos=18;84" ispartialsearch="false" pogid="211150347" pos="18;84" v="p"><div alt="Pitter Patter Babies Comforting Sleep Sacs- Cream (12-18months)" atl="Pitter Patter Babies Comforting Sleep Sacs- Cream (12-18months)" class="product-image"><img border="0" class="" lazysrc="http://n4.sdlcdn.com/imgs/a/g/a/230x258/SDL012583015_1385464636_image1-70c0b.jpg" src="http://n4.sdlcdn.com/imgs/a/g/a/230x258/SDL012583015_1385464636_image1-70c0b.jpg" style="opacity: 1; "/></div><div class="product_grid_cont_heading">Pitter Patter Babies Comforting Sleep Sacs- Cream (12-18months)</div><div class="product_grid_cont_price_outer"><div class="product_price no-float"><span class="originalprice no-display">Rs 1699</span>  Rs 1699</div></div><div class="cod-ico"><label class="lang">Cash on Delivery Available</label></div></a>
<a categoryid="539" class="hit-ss-logger" href="http://www.snapdeal.com/product/pitter-patter-babies-comforting-sleep/451326078?pos=19;84" ispartialsearch="false" pogid="451326078" pos="19;84" v="p"><div alt="Pitter Patter Babies Comforting Sleep Sacs- Pink (6-12 mths)" atl="Pitter Patter Babies Comforting Sleep Sacs- Pink (6-12 mths)" class="product-image"><img border="0" class="" lazysrc="http://n3.sdlcdn.com/imgs/a/g/a/230x258/SDL016083659_1385464638_image1-b0109.jpg" src="http://n3.sdlcdn.com/imgs/a/g/a/230x258/SDL016083659_1385464638_image1-b0109.jpg" style="opacity: 1; "/></div><div class="product_grid_cont_heading">Pitter Patter Babies Comforting Sleep Sacs- Pink (6-12 mths)</div><div class="product_grid_cont_price_outer"><div class="product_price no-float"><span class="originalprice no-display">Rs 1699</span>  Rs 1699</div></div><div class="cod-ico"><label class="lang">Cash on Delivery Available</label></div></a>
<a categoryid="539" class="hit-ss-logger" href="http://www.snapdeal.com/product/pitter-patter-babies-comforting-sleep/329312033?pos=20;84" ispartialsearch="false" pogid="329312033" pos="20;84" v="p"><div alt="Pitter Patter Babies Comforting Sleep Sacs (12-18months)" atl="Pitter Patter Babies Comforting Sleep Sacs (12-18months)" class="product-image"><img border="0" class="" lazysrc="http://n1.sdlcdn.com/imgs/a/g/a/230x258/SDL003592386_1385464639_image1-627fd.jpg" src="http://n1.sdlcdn.com/imgs/a/g/a/230x258/SDL003592386_1385464639_image1-627fd.jpg" style="opacity: 1; "/></div><div class="product_grid_cont_heading">Pitter Patter Babies Comforting Sleep Sacs (12-18months)</div><div class="product_grid_cont_price_outer"><div class="product_price no-float"><span class="originalprice no-display">Rs 1699</span>  Rs 1699</div></div><div class="cod-ico"><label class="lang">Cash on Delivery Available</label></div></a>
<a categoryid="539" class="hit-ss-logger" href="http://www.snapdeal.com/product/pitter-patter-babies-comforting-sleep/193784693?pos=21;84" ispartialsearch="false" pogid="193784693" pos="21;84" v="p"><div alt="Pitter Patter Babies Comforting Sleep Sacs (18-24 months)" atl="Pitter Patter Babies Comforting Sleep Sacs (18-24 months)" class="product-image"><img border="0" class="" lazysrc="http://n3.sdlcdn.com/imgs/a/g/a/230x258/SDL005628582_1385464627_image1-24736.jpg" src="http://n3.sdlcdn.com/imgs/a/g/a/230x258/SDL005628582_1385464627_image1-24736.jpg" style="opacity: 1; "/></div><div class="product_grid_cont_heading">Pitter Patter Babies Comforting Sleep Sacs (18-24 months)</div><div class="product_grid_cont_price_outer"><div class="product_price no-float"><span class="originalprice no-display">Rs 1699</span>  Rs 1699</div></div><div class="cod-ico"><label class="lang">Cash on Delivery Available</label></div></a>
<a categoryid="539" class="hit-ss-logger" href="http://www.snapdeal.com/product/pitter-patter-babies-comforting-sleep/617132130?pos=22;84" ispartialsearch="false" pogid="617132130" pos="22;84" v="p"><div alt="Pitter Patter Babies Comforting Sleep Sacs- Pink (18-24 months)" atl="Pitter Patter Babies Comforting Sleep Sacs- Pink (18-24 months)" class="product-image"><img border="0" class="" lazysrc="http://n1.sdlcdn.com/imgs/a/g/a/230x258/SDL021982692_1385464630_image1-d42fc.jpg" src="http://n1.sdlcdn.com/imgs/a/g/a/230x258/SDL021982692_1385464630_image1-d42fc.jpg" style="opacity: 1; "/></div><div class="product_grid_cont_heading">Pitter Patter Babies Comforting Sleep Sacs- Pink (18-24 months)</div><div class="product_grid_cont_price_outer"><div class="product_price no-float"><span class="originalprice no-display">Rs 1699</span>  Rs 1699</div></div><div class="cod-ico"><label class="lang">Cash on Delivery Available</label></div></a>
<a categoryid="539" class="hit-ss-logger" href="http://www.snapdeal.com/product/f-s-miniklub-camp-fire/747344178?pos=23;84" ispartialsearch="false" pogid="747344178" pos="23;84" v="p"><div alt="F S Miniklub Camp Fire Nightwear For Kids" atl="F S Miniklub Camp Fire Nightwear For Kids" class="product-image"><img border="0" class="" lazysrc="http://n3.sdlcdn.com/imgs/a/g/c/230x258/SDL786664815_1385553396_image1-2cd42.jpg" src="http://n3.sdlcdn.com/imgs/a/g/c/230x258/SDL786664815_1385553396_image1-2cd42.jpg" style="opacity: 1; "/></div><div class="product_grid_cont_heading">F S Miniklub Camp Fire Nightwear For Kids</div><div class="product_grid_cont_price_outer"><div class="product_price "><span class="originalprice ">Rs 799</span>  Rs 479</div><div class="product_discount_outer"><div class="product_discount">40%</div></div></div><div class="cod-ico"><label class="lang">Cash on Delivery Available</label></div></a>
<a categoryid="539" class="hit-ss-logger" href="http://www.snapdeal.com/product/jazzup-pack-of-3-panties/1653013519?pos=24;84" ispartialsearch="false" pogid="1653013519" pos="24;84" v="p"><div alt="Jazzup Pack of 3 Panties For Kids" atl="Jazzup Pack of 3 Panties For Kids" class="product-image"><img border="0" class="" lazysrc="http://n2.sdlcdn.com/imgs/a/f/8/230x258/SDL726545934_1385104216_image1-ea874.jpg" src="http://n2.sdlcdn.com/imgs/a/f/8/230x258/SDL726545934_1385104216_image1-ea874.jpg" style="opacity: 1; "/></div><div class="product_grid_cont_heading">Jazzup Pack of 3 Panties For Kids</div><div class="product_grid_cont_price_outer"><div class="product_price no-float"><span class="originalprice no-display">Rs 255</span>  Rs 255</div></div><div class="cod-ico"><label class="lang">Cash on Delivery Available</label></div></a>
<a categoryid="539" class="hit-ss-logger" href="http://www.snapdeal.com/product/jazzup-pack-of-3-panties/1151536880?pos=25;84" ispartialsearch="false" pogid="1151536880" pos="25;84" v="p"><div alt="Jazzup Pack of 3 Panties For Kids" atl="Jazzup Pack of 3 Panties For Kids" class="product-image"><img border="0" class="" lazysrc="http://n2.sdlcdn.com/imgs/a/f/8/230x258/SDL726505321_1385104213_image1-eb98d.jpg" src="http://n2.sdlcdn.com/imgs/a/f/8/230x258/SDL726505321_1385104213_image1-eb98d.jpg" style="opacity: 1; "/></div><div class="product_grid_cont_heading">Jazzup Pack of 3 Panties For Kids</div><div class="product_grid_cont_price_outer"><div class="product_price no-float"><span class="originalprice no-display">Rs 549</span>  Rs 549</div></div><div class="cod-ico"><label class="lang">Cash on Delivery Available</label></div></a>
<a categoryid="539" class="hit-ss-logger" href="http://www.snapdeal.com/product/jazzup-pack-of-3-panties/198046805?pos=26;84" ispartialsearch="false" pogid="198046805" pos="26;84" v="p"><div alt="Jazzup Pack of 3 Panties For Kids" atl="Jazzup Pack of 3 Panties For Kids" class="product-image"><img border="0" class="" lazysrc="http://n3.sdlcdn.com/imgs/a/f/8/230x258/SDL726521446_1385104211_image1-df557.jpg" src="http://n3.sdlcdn.com/imgs/a/f/8/230x258/SDL726521446_1385104211_image1-df557.jpg" style="opacity: 1; "/></div><div class="product_grid_cont_heading">Jazzup Pack of 3 Panties For Kids</div><div class="ratingStarsSmall ratingStarsBelowTitle" style="background-position: 0px -108px;"><span> (1) </span></div><div class="product_grid_cont_price_outer"><div class="product_price no-float"><span class="originalprice no-display">Rs 255</span>  Rs 255</div></div><div class="cod-ico"><label class="lang">Cash on Delivery Available</label></div></a>
<a categoryid="539" class="hit-ss-logger" href="http://www.snapdeal.com/product/jazzuppack-of-7-panties-for/1319627560?pos=27;84" ispartialsearch="false" pogid="1319627560" pos="27;84" v="p"><div alt="Jazzup-Pack of 7 Panties For Kids" atl="Jazzup-Pack of 7 Panties For Kids" class="product-image"><img border="0" class="" lazysrc="http://n3.sdlcdn.com/imgs/a/e/l/230x258/SDL360436834_1381491474_image1-1532e.jpg" src="http://n3.sdlcdn.com/imgs/a/e/l/230x258/SDL360436834_1381491474_image1-1532e.jpg" style="opacity: 1; "/></div><div class="product_grid_cont_heading">Jazzup-Pack of 7 Panties For Kids</div><div class="product_grid_cont_price_outer"><div class="product_price no-float"><span class="originalprice no-display">Rs 549</span>  Rs 549</div></div><div class="cod-ico"><label class="lang">Cash on Delivery Available</label></div></a>
<a categoryid="539" class="hit-ss-logger" href="http://www.snapdeal.com/product/jazzuppack-of-3-panties-for/109993486?pos=28;84" ispartialsearch="false" pogid="109993486" pos="28;84" v="p"><div alt="Jazzup-Pack of 3 Panties For Kids" atl="Jazzup-Pack of 3 Panties For Kids" class="product-image"><img border="0" class="" lazysrc="http://n2.sdlcdn.com/imgs/a/e/l/230x258/SDL375869728_1381491398_image1-53f33.jpg" src="http://n2.sdlcdn.com/imgs/a/e/l/230x258/SDL375869728_1381491398_image1-53f33.jpg" style="opacity: 1; "/></div><div class="product_grid_cont_heading">Jazzup-Pack of 3 Panties For Kids</div><div class="product_grid_cont_price_outer"><div class="product_price no-float"><span class="originalprice no-display">Rs 299</span>  Rs 299</div></div><div class="cod-ico"><label class="lang">Cash on Delivery Available</label></div></a>
<a categoryid="539" class="hit-ss-logger" href="http://www.snapdeal.com/product/jazzuppack-of-3-panties-for/613205273?pos=29;84" ispartialsearch="false" pogid="613205273" pos="29;84" v="p"><div alt="Jazzup-Pack of 3 Panties For Kids" atl="Jazzup-Pack of 3 Panties For Kids" class="product-image"><img border="0" class="" lazysrc="http://n4.sdlcdn.com/imgs/a/e/l/230x258/SDL125251476_1381491387_image1-8199e.jpg" src="http://n4.sdlcdn.com/imgs/a/e/l/230x258/SDL125251476_1381491387_image1-8199e.jpg" style="opacity: 1; "/></div><div class="product_grid_cont_heading">Jazzup-Pack of 3 Panties For Kids</div><div class="product_grid_cont_price_outer"><div class="product_price no-float"><span class="originalprice no-display">Rs 299</span>  Rs 299</div></div><div class="cod-ico"><label class="lang">Cash on Delivery Available</label></div></a>
<a categoryid="539" class="hit-ss-logger" href="http://www.snapdeal.com/product/n-line-off-white-tshirt/506196?pos=30;84" ispartialsearch="false" pogid="506196" pos="30;84" v="p"><div alt="N Line Off White T-Shirt &amp; Blue Capri For Kids" atl="N Line Off White T-Shirt &amp; Blue Capri For Kids" class="product-image"><img border="0" class="" lazysrc="http://n1.sdlcdn.com/imgs/a/a/m/230x258/GL_427ASHS_4_M_1_2x-c1953.jpg" src="http://n1.sdlcdn.com/imgs/a/a/m/230x258/GL_427ASHS_4_M_1_2x-c1953.jpg" style="opacity: 1; "/></div><div class="product_grid_cont_heading">N Line Off White T-Shirt &amp; Blue Capri For Kids</div><div class="ratingStarsSmall ratingStarsBelowTitle" style="background-position: 0px -162px;"><span> (6) </span></div><div class="product_grid_cont_price_outer"><div class="product_price no-float"><span class="originalprice no-display">Rs 599</span>  Rs 599</div></div><div class="cod-ico"><label class="lang">Cash on Delivery Available</label></div></a>
<a categoryid="539" class="hit-ss-logger" href="http://www.snapdeal.com/product/shoppertree-soothing-night-wear-for/798419725?pos=31;84" ispartialsearch="false" pogid="798419725" pos="31;84" v="p"><div alt="Shoppertree Soothing Night Wear For Kids" atl="Shoppertree Soothing Night Wear For Kids" class="product-image"><img border="0" src="http://n3.sdlcdn.com/imgs/a/d/r/230x258/SDL004706322_1380003910_image1-8615a.jpg" style="opacity: 1; "/></div><div class="product_grid_cont_heading">Shoppertree Soothing Night Wear For Kids</div><div class="product_grid_cont_price_outer"><div class="product_price "><span class="originalprice ">Rs 699</span>  Rs 599</div><div class="product_discount_outer"><div class="product_discount">14%</div></div></div><div class="cod-ico"><label class="lang">Cash on Delivery Available</label></div></a>
<a categoryid="539" class="hit-ss-logger" href="http://www.snapdeal.com/product/shoppertree-multicolor-striped-girls-nightsuit/1249956?pos=32;84" ispartialsearch="false" pogid="1249956" pos="32;84" v="p"><div alt="ShopperTree Multicolor Striped Girls Nightsuit For Kids" atl="ShopperTree Multicolor Striped Girls Nightsuit For Kids" class="product-image"><img border="0" class="" lazysrc="http://n3.sdlcdn.com/imgs/a/b/g/230x258/SDL287525672_1365775482_image1-a96e0.jpg" src="http://n3.sdlcdn.com/imgs/a/b/g/230x258/SDL287525672_1365775482_image1-a96e0.jpg" style="opacity: 1; "/></div><div class="product_grid_cont_heading">ShopperTree Multicolor Striped Girls Nightsuit For Kids</div><div class="product_grid_cont_price_outer"><div class="product_price "><span class="originalprice ">Rs 699</span>  Rs 599</div><div class="product_discount_outer"><div class="product_discount">14%</div></div></div><div class="cod-ico"><label class="lang">Cash on Delivery Available</label></div></a>
<a categoryid="539" class="hit-ss-logger" href="http://www.snapdeal.com/product/goodway-pack-of-7-new/1102883590?pos=33;84" ispartialsearch="false" pogid="1102883590" pos="33;84" v="p"><div alt="Goodway Pack of 7 New Born  White Babyboy Nick Name Printed  Body Vest For Infants For Girls" atl="Goodway Pack of 7 New Born  White Babyboy Nick Name Printed  Body Vest For Infants For Girls" class="product-image"><img border="0" class="" lazysrc="http://n2.sdlcdn.com/imgs/a/d/u/230x258/SDL708510829_1380192157_image1-477b1.jpg" src="http://n2.sdlcdn.com/imgs/a/d/u/230x258/SDL708510829_1380192157_image1-477b1.jpg" style="opacity: 1; "/><div class="shippingImage tooltip"><span class="box"><span class="arw"></span><label class="lang dispatched-one-day-lang">Dispatched in 1 business day</label></span></div></div><div class="product_grid_cont_heading">Goodway Pack of 7 New Born  White Babyboy Nick Name Printed  Body Vest For Infants For Girls</div><div class="ratingStarsSmall ratingStarsBelowTitle" style="background-position: 0px -180px;"><span> (1) </span></div><div class="product_grid_cont_price_outer"><div class="product_price "><span class="originalprice ">Rs 1499</span>  Rs 449</div><div class="product_discount_outer"><div class="product_discount">70%</div></div></div><div class="cod-ico"><label class="lang">Cash on Delivery Available</label></div></a>
<a categoryid="539" class="hit-ss-logger" href="http://www.snapdeal.com/product/jazzuppack-of-7-panties-for/1103864573?pos=34;84" ispartialsearch="false" pogid="1103864573" pos="34;84" v="p"><div alt="Jazzup-Pack of 7 Panties For Kids" atl="Jazzup-Pack of 7 Panties For Kids" class="product-image"><img border="0" class="" lazysrc="http://n1.sdlcdn.com/imgs/a/e/l/230x258/SDL363766472_1381491385_image1-4598f.jpg" src="http://n1.sdlcdn.com/imgs/a/e/l/230x258/SDL363766472_1381491385_image1-4598f.jpg" style="opacity: 1; "/></div><div class="product_grid_cont_heading">Jazzup-Pack of 7 Panties For Kids</div><div class="product_grid_cont_price_outer"><div class="product_price no-float"><span class="originalprice no-display">Rs 549</span>  Rs 549</div></div><div class="cod-ico"><label class="lang">Cash on Delivery Available</label></div></a>
<a categoryid="539" class="hit-ss-logger" href="http://www.snapdeal.com/product/la-karavate-girlz-spaghetti-for/1307118701?pos=35;84" ispartialsearch="false" pogid="1307118701" pos="35;84" v="p"><div alt="La Karavate Girlz Spaghetti For Kids" atl="La Karavate Girlz Spaghetti For Kids" class="product-image"><img border="0" class="" lazysrc="http://n2.sdlcdn.com/imgs/a/d/b/230x258/SDL346965283_1376478783_image1-0af1c.jpg" src="http://n2.sdlcdn.com/imgs/a/d/b/230x258/SDL346965283_1376478783_image1-0af1c.jpg" style="opacity: 1; "/><div class="shippingImage tooltip"><span class="box"><span class="arw"></span><label class="lang dispatched-one-day-lang">Dispatched in 1 business day</label></span></div></div><div class="product_grid_cont_heading">La Karavate Girlz Spaghetti For Kids</div><div class="ratingStarsSmall ratingStarsBelowTitle" style="background-position: 0px -144px;"><span> (5) </span></div><div class="product_grid_cont_price_outer"><div class="product_price "><span class="originalprice ">Rs 349</span>  Rs 210</div><div class="product_discount_outer"><div class="product_discount">40%</div></div></div><div class="cod-ico"><label class="lang">Cash on Delivery Available</label></div></a>
<a categoryid="539" class="hit-ss-logger" href="http://www.snapdeal.com/product/mickey-printed-night-wear-for/1318553895?pos=36;84" ispartialsearch="false" pogid="1318553895" pos="36;84" v="p"><div alt="Mickey Printed Night Wear For Kids" atl="Mickey Printed Night Wear For Kids" class="product-image"><img border="0" class="" lazysrc="http://n2.sdlcdn.com/imgs/a/d/c/230x258/SDL594222576_1377352395_image1-d25ff.jpg" src="http://n2.sdlcdn.com/imgs/a/d/c/230x258/SDL594222576_1377352395_image1-d25ff.jpg" style="opacity: 1; "/></div><div class="product_grid_cont_heading">Mickey Printed Night Wear For Kids</div><div class="product_grid_cont_price_outer"><div class="product_price no-float"><span class="originalprice no-display">Rs 850</span>  Rs 850</div></div><div class="cod-ico"><label class="lang">Cash on Delivery Available</label></div></a>
<a categoryid="539" class="hit-ss-logger" href="http://www.snapdeal.com/product/jazzup-pantiesminey-3-pcs-pack/1710475446?pos=37;84" ispartialsearch="false" pogid="1710475446" pos="37;84" v="p"><div alt="JAZZUP Panties-Miney (3 Pcs Pack) For Kids" atl="JAZZUP Panties-Miney (3 Pcs Pack) For Kids" class="product-image"><img border="0" class="" lazysrc="http://n4.sdlcdn.com/imgs/a/d/c/230x258/SDL770055710_1377406110_image1-9a9fc.jpg" src="http://n4.sdlcdn.com/imgs/a/d/c/230x258/SDL770055710_1377406110_image1-9a9fc.jpg" style="opacity: 1; "/></div><div class="product_grid_cont_heading">JAZZUP Panties-Miney (3 Pcs Pack) For Kids</div><div class="product_grid_cont_price_outer"><div class="product_price no-float"><span class="originalprice no-display">Rs 290</span>  Rs 290</div></div><div class="cod-ico"><label class="lang">Cash on Delivery Available</label></div></a>
<a categoryid="539" class="hit-ss-logger" href="http://www.snapdeal.com/product/jazzup-purple-round-neck-night/1484304?pos=38;84" ispartialsearch="false" pogid="1484304" pos="38;84" v="p"><div alt="Jazzup Purple Round Neck Night Wear For Kids" atl="Jazzup Purple Round Neck Night Wear For Kids" class="product-image"><img border="0" class="" lazysrc="http://n2.sdlcdn.com/imgs/a/d/i/230x258/SDL044387373_1372062564_image1-4f175.jpg" src="http://n2.sdlcdn.com/imgs/a/d/i/230x258/SDL044387373_1372062564_image1-4f175.jpg" style="opacity: 1; "/></div><div class="product_grid_cont_heading">Jazzup Purple Round Neck Night Wear For Kids</div><div class="product_grid_cont_price_outer"><div class="product_price no-float"><span class="originalprice no-display">Rs 350</span>  Rs 350</div></div><div class="cod-ico"><label class="lang">Cash on Delivery Available</label></div></a>
<a categoryid="539" class="hit-ss-logger" href="http://www.snapdeal.com/product/jazzup-printed-pink-night-wear/1484321?pos=39;84" ispartialsearch="false" pogid="1484321" pos="39;84" v="p"><div alt="Jazzup Printed Pink Night Wear For Kids" atl="Jazzup Printed Pink Night Wear For Kids" class="product-image"><img border="0" class="" lazysrc="http://n2.sdlcdn.com/imgs/a/d/i/230x258/SDL027611621_1372062601_image1-6142e.jpg" src="http://n2.sdlcdn.com/imgs/a/d/i/230x258/SDL027611621_1372062601_image1-6142e.jpg" style="opacity: 1; "/></div><div class="product_grid_cont_heading">Jazzup Printed Pink Night Wear For Kids</div><div class="product_grid_cont_price_outer"><div class="product_price no-float"><span class="originalprice no-display">Rs 350</span>  Rs 350</div></div><div class="cod-ico"><label class="lang">Cash on Delivery Available</label></div></a>
<a categoryid="539" class="hit-ss-logger" href="http://www.snapdeal.com/product/jazzup-light-pink-night-wear/1484285?pos=40;84" ispartialsearch="false" pogid="1484285" pos="40;84" v="p"><div alt="Jazzup Light Pink Night Wear For Kids" atl="Jazzup Light Pink Night Wear For Kids" class="product-image"><img border="0" class="" lazysrc="http://n2.sdlcdn.com/imgs/a/d/i/230x258/SDL048461205_1372062642_image1-442f7.jpg" src="http://n2.sdlcdn.com/imgs/a/d/i/230x258/SDL048461205_1372062642_image1-442f7.jpg" style="opacity: 1; "/></div><div class="product_grid_cont_heading">Jazzup Light Pink Night Wear For Kids</div><div class="product_grid_cont_price_outer"><div class="product_price no-float"><span class="originalprice no-display">Rs 350</span>  Rs 350</div></div><div class="cod-ico"><label class="lang">Cash on Delivery Available</label></div></a>
<a categoryid="539" class="hit-ss-logger" href="http://www.snapdeal.com/product/jazzup-cool-purple-printed-night/1484284?pos=41;84" ispartialsearch="false" pogid="1484284" pos="41;84" v="p"><div alt="Jazzup Cool Purple Printed Night Wear For Kids" atl="Jazzup Cool Purple Printed Night Wear For Kids" class="product-image"><img border="0" class="" lazysrc="http://n4.sdlcdn.com/imgs/a/d/i/230x258/SDL025206819_1372062566_image1-5fec8.jpg" src="http://n4.sdlcdn.com/imgs/a/d/i/230x258/SDL025206819_1372062566_image1-5fec8.jpg" style="opacity: 1; "/></div><div class="product_grid_cont_heading">Jazzup Cool Purple Printed Night Wear For Kids</div><div class="product_grid_cont_price_outer"><div class="product_price no-float"><span class="originalprice no-display">Rs 350</span>  Rs 350</div></div><div class="cod-ico"><label class="lang">Cash on Delivery Available</label></div></a>
<a categoryid="539" class="hit-ss-logger" href="http://www.snapdeal.com/product/jazzup-short-sleeves-purple-night/1484278?pos=42;84" ispartialsearch="false" pogid="1484278" pos="42;84" v="p"><div alt="Jazzup Short Sleeves Purple Night Wear For Kids" atl="Jazzup Short Sleeves Purple Night Wear For Kids" class="product-image"><img border="0" class="" lazysrc="http://n4.sdlcdn.com/imgs/a/d/i/230x258/SDL047234574_1372062491_image1-96ed3.jpg" src="http://n4.sdlcdn.com/imgs/a/d/i/230x258/SDL047234574_1372062491_image1-96ed3.jpg" style="opacity: 1; "/></div><div class="product_grid_cont_heading">Jazzup Short Sleeves Purple Night Wear For Kids</div><div class="ratingStarsSmall ratingStarsBelowTitle" style="background-position: 0px -180px;"><span> (1) </span></div><div class="product_grid_cont_price_outer"><div class="product_price no-float"><span class="originalprice no-display">Rs 350</span>  Rs 350</div></div><div class="cod-ico"><label class="lang">Cash on Delivery Available</label></div></a>
<a categoryid="539" class="hit-ss-logger" href="http://www.snapdeal.com/product/jazzup-purple-printed-night-wear/1484248?pos=43;84" ispartialsearch="false" pogid="1484248" pos="43;84" v="p"><div alt="Jazzup Purple Printed Night Wear For Kids" atl="Jazzup Purple Printed Night Wear For Kids" class="product-image"><img border="0" class="" lazysrc="http://n1.sdlcdn.com/imgs/a/d/i/230x258/SDL030256448_1372062489_image1-518a8.jpg" src="http://n1.sdlcdn.com/imgs/a/d/i/230x258/SDL030256448_1372062489_image1-518a8.jpg" style="opacity: 1; "/></div><div class="product_grid_cont_heading">Jazzup Purple Printed Night Wear For Kids</div><div class="product_grid_cont_price_outer"><div class="product_price no-float"><span class="originalprice no-display">Rs 350</span>  Rs 350</div></div><div class="cod-ico"><label class="lang">Cash on Delivery Available</label></div></a>
<a categoryid="539" class="hit-ss-logger" href="http://www.snapdeal.com/product/jazzup-cute-girls-suits/1470648685?pos=44;84" ispartialsearch="false" pogid="1470648685" pos="44;84" v="p"><div alt="Jazzup- Cute Girls Suits For Kids" atl="Jazzup- Cute Girls Suits For Kids" class="product-image"><img border="0" class="" lazysrc="http://n3.sdlcdn.com/imgs/a/d/d/230x258/SDL041455480_1377662342_image1-8092e.jpg" src="http://n3.sdlcdn.com/imgs/a/d/d/230x258/SDL041455480_1377662342_image1-8092e.jpg" style="opacity: 1; "/></div><div class="product_grid_cont_heading">Jazzup- Cute Girls Suits For Kids</div><div class="product_grid_cont_price_outer"><div class="product_price no-float"><span class="originalprice no-display">Rs 535</span>  Rs 535</div></div><div class="cod-ico"><label class="lang">Cash on Delivery Available</label></div></a>
<a categoryid="539" class="hit-ss-logger" href="http://www.snapdeal.com/product/sini-mini-orange-girls-nightsuit/1431358?pos=45;84" ispartialsearch="false" pogid="1431358" pos="45;84" v="p"><div alt="Sini Mini Orange Girls Nightsuit" atl="Sini Mini Orange Girls Nightsuit" class="product-image"><img border="0" class="" lazysrc="http://n4.sdlcdn.com/imgs/a/d/g/230x258/SDL248370492_1370411369_image1-ef2ed.jpg" src="http://n4.sdlcdn.com/imgs/a/d/g/230x258/SDL248370492_1370411369_image1-ef2ed.jpg" style="opacity: 1; "/></div><div class="product_grid_cont_heading">Sini Mini Orange Girls Nightsuit</div><div class="product_grid_cont_price_outer"><div class="product_price "><span class="originalprice ">Rs 599</span>  Rs 499</div><div class="product_discount_outer"><div class="product_discount">17%</div></div></div><div class="cod-ico"><label class="lang">Cash on Delivery Available</label></div></a>
<a categoryid="539" class="hit-ss-logger" href="http://www.snapdeal.com/product/sini-mini-orange-girls-nightsuit/1431361?pos=46;84" ispartialsearch="false" pogid="1431361" pos="46;84" v="p"><div alt="Sini Mini Turquoise Girls Nightsuit" atl="Sini Mini Turquoise Girls Nightsuit" class="product-image"><img border="0" src="http://n2.sdlcdn.com/imgs/a/d/g/230x258/SDL255867617_1370411358_image1-f2020.jpg" style="opacity: 1; "/></div><div class="product_grid_cont_heading">Sini Mini Turquoise Girls Nightsuit</div><div class="product_grid_cont_price_outer"><div class="product_price "><span class="originalprice ">Rs 599</span>  Rs 499</div><div class="product_discount_outer"><div class="product_discount">17%</div></div></div><div class="cod-ico"><label class="lang">Cash on Delivery Available</label></div></a>
<a categoryid="539" class="hit-ss-logger" href="http://www.snapdeal.com/product/jazzup-cute-girls-suits/1441889963?pos=47;84" ispartialsearch="false" pogid="1441889963" pos="47;84" v="p"><div alt="Jazzup- Cute Girls Suits For Kids" atl="Jazzup- Cute Girls Suits For Kids" class="product-image"><img border="0" class="" lazysrc="http://n1.sdlcdn.com/imgs/a/d/d/230x258/SDL044856522_1377662299_image1-7e178.jpg" src="http://n1.sdlcdn.com/imgs/a/d/d/230x258/SDL044856522_1377662299_image1-7e178.jpg" style="opacity: 1; "/></div><div class="product_grid_cont_heading">Jazzup- Cute Girls Suits For Kids</div><div class="product_grid_cont_price_outer"><div class="product_price no-float"><span class="originalprice no-display">Rs 595</span>  Rs 595</div></div><div class="cod-ico"><label class="lang">Cash on Delivery Available</label></div></a>
<a categoryid="539" class="hit-ss-logger" href="http://www.snapdeal.com/product/jazzuppack-of-3-panties-for/1826414640?pos=48;84" ispartialsearch="false" pogid="1826414640" pos="48;84" v="p"><div alt="Jazzup-Pack of 3 Panties For Kids" atl="Jazzup-Pack of 3 Panties For Kids" class="product-image"><img border="0" class="" lazysrc="http://n1.sdlcdn.com/imgs/a/e/l/230x258/SDL097112185_1381491367_image1-fa8cb.jpg" src="http://n1.sdlcdn.com/imgs/a/e/l/230x258/SDL097112185_1381491367_image1-fa8cb.jpg" style="opacity: 1; "/></div><div class="product_grid_cont_heading">Jazzup-Pack of 3 Panties For Kids</div><div class="product_grid_cont_price_outer"><div class="product_price no-float"><span class="originalprice no-display">Rs 299</span>  Rs 299</div></div><div class="cod-ico"><label class="lang">Cash on Delivery Available</label></div></a>
<a categoryid="539" class="hit-ss-logger" href="http://www.snapdeal.com/product/la-karavate-girlz-spaghetti-for/1776887504?pos=49;84" ispartialsearch="false" pogid="1776887504" pos="49;84" v="p"><div alt="La Karavate Girlz Spaghetti For Kids" atl="La Karavate Girlz Spaghetti For Kids" class="product-image"><img border="0" class="" lazysrc="http://n3.sdlcdn.com/imgs/a/d/y/230x258/SDL346210599_1376478836_image1-ffcbf.jpg" src="http://n3.sdlcdn.com/imgs/a/d/y/230x258/SDL346210599_1376478836_image1-ffcbf.jpg" style="opacity: 1; "/><div class="shippingImage tooltip"><span class="box"><span class="arw"></span><label class="lang dispatched-one-day-lang">Dispatched in 1 business day</label></span></div></div><div class="product_grid_cont_heading">La Karavate Girlz Spaghetti For Kids</div><div class="product_grid_cont_price_outer"><div class="product_price "><span class="originalprice ">Rs 199</span>  Rs 128</div><div class="product_discount_outer"><div class="product_discount">36%</div></div></div><div class="cod-ico"><label class="lang">Cash on Delivery Available</label></div></a>
<a categoryid="539" class="hit-ss-logger" href="http://www.snapdeal.com/product/la-kravate-v-shape-coloured/1823103986?pos=50;84" ispartialsearch="false" pogid="1823103986" pos="50;84" v="p"><div alt="La Kravate V Shape Coloured Bloomers For Kids" atl="La Kravate V Shape Coloured Bloomers For Kids" class="product-image"><img border="0" class="" lazysrc="http://n3.sdlcdn.com/imgs/a/d/b/230x258/SDL359715682_1376478847_image1-67c10.jpg" src="http://n3.sdlcdn.com/imgs/a/d/b/230x258/SDL359715682_1376478847_image1-67c10.jpg" style="opacity: 1; "/><div class="shippingImage tooltip"><span class="box"><span class="arw"></span><label class="lang dispatched-one-day-lang">Dispatched in 1 business day</label></span></div></div><div class="product_grid_cont_heading">La Kravate V Shape Coloured Bloomers For Kids</div><div class="ratingStarsSmall ratingStarsBelowTitle" style="background-position: 0px -162px;"><span> (25) </span></div><div class="product_grid_cont_price_outer"><div class="product_price "><span class="originalprice ">Rs 349</span>  Rs 210</div><div class="product_discount_outer"><div class="product_discount">40%</div></div></div><div class="cod-ico"><label class="lang">Cash on Delivery Available</label></div></a>
<a categoryid="539" class="hit-ss-logger" href="http://www.snapdeal.com/product/jazzup-cute-girls-suits/1994742203?pos=51;84" ispartialsearch="false" pogid="1994742203" pos="51;84" v="p"><div alt="Jazzup- Cute Girls Suits For Kids" atl="Jazzup- Cute Girls Suits For Kids" class="product-image"><img border="0" class="" lazysrc="http://n4.sdlcdn.com/imgs/a/d/d/230x258/SDL022485966_1377662303_image1-2c5be.jpg" src="http://n4.sdlcdn.com/imgs/a/d/d/230x258/SDL022485966_1377662303_image1-2c5be.jpg" style="opacity: 1; "/></div><div class="product_grid_cont_heading">Jazzup- Cute Girls Suits For Kids</div><div class="ratingStarsSmall ratingStarsBelowTitle" style="background-position: 0px -144px;"><span> (3) </span></div><div class="product_grid_cont_price_outer"><div class="product_price no-float"><span class="originalprice no-display">Rs 355</span>  Rs 355</div></div><div class="cod-ico"><label class="lang">Cash on Delivery Available</label></div></a>
<a categoryid="539" class="hit-ss-logger" href="http://www.snapdeal.com/product/jazzup-cute-girls-suits/418632539?pos=52;84" ispartialsearch="false" pogid="418632539" pos="52;84" v="p"><div alt="Jazzup- Cute Girls Suits For Kids" atl="Jazzup- Cute Girls Suits For Kids" class="product-image"><img border="0" class="" lazysrc="http://n4.sdlcdn.com/imgs/a/d/d/230x258/SDL032709445_1377662280_image1-2a92c.jpg" src="http://n4.sdlcdn.com/imgs/a/d/d/230x258/SDL032709445_1377662280_image1-2a92c.jpg" style="opacity: 1; "/></div><div class="product_grid_cont_heading">Jazzup- Cute Girls Suits For Kids</div><div class="product_grid_cont_price_outer"><div class="product_price no-float"><span class="originalprice no-display">Rs 365</span>  Rs 365</div></div><div class="cod-ico"><label class="lang">Cash on Delivery Available</label></div></a>
<a categoryid="539" class="hit-ss-logger" href="http://www.snapdeal.com/product/jazzup-cute-girls-suits/362283167?pos=53;84" ispartialsearch="false" pogid="362283167" pos="53;84" v="p"><div alt="Jazzup- Cute Girls Suits For Kids" atl="Jazzup- Cute Girls Suits For Kids" class="product-image"><img border="0" class="" lazysrc="http://n4.sdlcdn.com/imgs/a/d/d/230x258/SDL034312482_1377662268_image1-5b557.jpg" src="http://n4.sdlcdn.com/imgs/a/d/d/230x258/SDL034312482_1377662268_image1-5b557.jpg" style="opacity: 1; "/></div><div class="product_grid_cont_heading">Jazzup- Cute Girls Suits For Kids</div><div class="product_grid_cont_price_outer"><div class="product_price no-float"><span class="originalprice no-display">Rs 425</span>  Rs 425</div></div><div class="cod-ico"><label class="lang">Cash on Delivery Available</label></div></a>
<a categoryid="539" class="hit-ss-logger" href="http://www.snapdeal.com/product/mickey-printed-night-wear-for/402464255?pos=54;84" ispartialsearch="false" pogid="402464255" pos="54;84" v="p"><div alt="Mickey Printed Night Wear For Kids" atl="Mickey Printed Night Wear For Kids" class="product-image"><img border="0" class="" lazysrc="http://n2.sdlcdn.com/imgs/a/d/c/230x258/SDL600988544_1377352470_image1-77eb8.jpg" src="http://n2.sdlcdn.com/imgs/a/d/c/230x258/SDL600988544_1377352470_image1-77eb8.jpg" style="opacity: 1; "/></div><div class="product_grid_cont_heading">Mickey Printed Night Wear For Kids</div><div class="ratingStarsSmall ratingStarsBelowTitle" style="background-position: 0px -144px;"><span> (2) </span></div><div class="product_grid_cont_price_outer"><div class="product_price no-float"><span class="originalprice no-display">Rs 850</span>  Rs 850</div></div><div class="cod-ico"><label class="lang">Cash on Delivery Available</label></div></a>
<a categoryid="539" class="hit-ss-logger" href="http://www.snapdeal.com/product/jazzup-cute-girls-suits/433063477?pos=55;84" ispartialsearch="false" pogid="433063477" pos="55;84" v="p"><div alt="Jazzup- Cute Girls Suits For Kids" atl="Jazzup- Cute Girls Suits For Kids" class="product-image"><img border="0" class="" lazysrc="http://n1.sdlcdn.com/imgs/a/d/d/230x258/SDL028053619_1377662239_image1-f241a.jpg" src="http://n1.sdlcdn.com/imgs/a/d/d/230x258/SDL028053619_1377662239_image1-f241a.jpg" style="opacity: 1; "/></div><div class="product_grid_cont_heading">Jazzup- Cute Girls Suits For Kids</div><div class="product_grid_cont_price_outer"><div class="product_price no-float"><span class="originalprice no-display">Rs 425</span>  Rs 425</div></div><div class="cod-ico"><label class="lang">Cash on Delivery Available</label></div></a>
<a categoryid="539" class="hit-ss-logger" href="http://www.snapdeal.com/product/jazzup-cute-girls-suits/2127314604?pos=56;84" ispartialsearch="false" pogid="2127314604" pos="56;84" v="p"><div alt="Jazzup- Cute Girls Suits For Kids" atl="Jazzup- Cute Girls Suits For Kids" class="product-image"><img border="0" class="" lazysrc="http://n4.sdlcdn.com/imgs/a/d/d/230x258/SDL023207598_1377662208_image1-1e9f4.jpg" src="http://n4.sdlcdn.com/imgs/a/d/d/230x258/SDL023207598_1377662208_image1-1e9f4.jpg" style="opacity: 1; "/></div><div class="product_grid_cont_heading">Jazzup- Cute Girls Suits For Kids</div><div class="product_grid_cont_price_outer"><div class="product_price no-float"><span class="originalprice no-display">Rs 425</span>  Rs 425</div></div><div class="cod-ico"><label class="lang">Cash on Delivery Available</label></div></a>
<a categoryid="539" class="hit-ss-logger" href="http://www.snapdeal.com/product/snow-white-printed-night-wear/2024849959?pos=57;84" ispartialsearch="false" pogid="2024849959" pos="57;84" v="p"><div alt="Snow White Printed Night Wear For Kids" atl="Snow White Printed Night Wear For Kids" class="product-image"><img border="0" class="" lazysrc="http://n1.sdlcdn.com/imgs/a/d/c/230x258/SDL611170373_1377352402_image1-2bcc2.jpg" src="http://n1.sdlcdn.com/imgs/a/d/c/230x258/SDL611170373_1377352402_image1-2bcc2.jpg" style="opacity: 1; "/></div><div class="product_grid_cont_heading">Snow White Printed Night Wear For Kids</div><div class="ratingStarsSmall ratingStarsBelowTitle" style="background-position: 0px -144px;"><span> (1) </span></div><div class="product_grid_cont_price_outer"><div class="product_price no-float"><span class="originalprice no-display">Rs 850</span>  Rs 850</div></div><div class="cod-ico"><label class="lang">Cash on Delivery Available</label></div></a>
<a categoryid="539" class="hit-ss-logger" href="http://www.snapdeal.com/product/jazzuppack-of-3-panties-for/2012541469?pos=58;84" ispartialsearch="false" pogid="2012541469" pos="58;84" v="p"><div alt="Jazzup-Pack of 3 Panties For Kids" atl="Jazzup-Pack of 3 Panties For Kids" class="product-image"><img border="0" class="" lazysrc="http://n3.sdlcdn.com/imgs/a/e/l/230x258/SDL110760220_1381491422_image1-42cea.jpg" src="http://n3.sdlcdn.com/imgs/a/e/l/230x258/SDL110760220_1381491422_image1-42cea.jpg" style="opacity: 1; "/></div><div class="product_grid_cont_heading">Jazzup-Pack of 3 Panties For Kids</div><div class="product_grid_cont_price_outer"><div class="product_price no-float"><span class="originalprice no-display">Rs 299</span>  Rs 299</div></div><div class="cod-ico"><label class="lang">Cash on Delivery Available</label></div></a>
<a categoryid="539" class="hit-ss-logger" href="http://www.snapdeal.com/product/jazzup-pantiesangry-birds-3-pcs/849429814?pos=59;84" ispartialsearch="false" pogid="849429814" pos="59;84" v="p"><div alt="JAZZUP Panties-Angry Birds (3 Pcs Pack) For Kids" atl="JAZZUP Panties-Angry Birds (3 Pcs Pack) For Kids" class="product-image"><img border="0" class="" lazysrc="http://n3.sdlcdn.com/imgs/a/d/c/230x258/SDL765779438_1377406086_image1-78235.jpg" src="http://n3.sdlcdn.com/imgs/a/d/c/230x258/SDL765779438_1377406086_image1-78235.jpg" style="opacity: 1; "/></div><div class="product_grid_cont_heading">JAZZUP Panties-Angry Birds (3 Pcs Pack) For Kids</div><div class="product_grid_cont_price_outer"><div class="product_price no-float"><span class="originalprice no-display">Rs 290</span>  Rs 290</div></div><div class="cod-ico"><label class="lang">Cash on Delivery Available</label></div></a>
<a categoryid="539" class="hit-ss-logger" href="http://www.snapdeal.com/product/jazzup-cute-girls-suits/920512066?pos=60;84" ispartialsearch="false" pogid="920512066" pos="60;84" v="p"><div alt="Jazzup- Cute Girls Suits For Kids" atl="Jazzup- Cute Girls Suits For Kids" class="product-image"><img border="0" class="" lazysrc="http://n4.sdlcdn.com/imgs/a/d/d/230x258/SDL039638269_1377662339_image1-ee86f.jpg" src="http://n4.sdlcdn.com/imgs/a/d/d/230x258/SDL039638269_1377662339_image1-ee86f.jpg" style="opacity: 1; "/></div><div class="product_grid_cont_heading">Jazzup- Cute Girls Suits For Kids</div><div class="product_grid_cont_price_outer"><div class="product_price no-float"><span class="originalprice no-display">Rs 525</span>  Rs 525</div></div><div class="cod-ico"><label class="lang">Cash on Delivery Available</label></div></a>
<a categoryid="539" class="hit-ss-logger" href="http://www.snapdeal.com/product/n-line-red-tshirt-grey/506186?pos=61;84" ispartialsearch="false" pogid="506186" pos="61;84" v="p"><div alt="N Line Red T-Shirt &amp; Grey Shorts For Kids" atl="N Line Red T-Shirt &amp; Grey Shorts For Kids" class="product-image"><img border="0" src="http://n4.sdlcdn.com/imgs/a/a/m/230x258/GL_423ASHS_4_M_1_2x-6d34e.jpg" style="opacity: 1; "/></div><div class="product_grid_cont_heading">N Line Red T-Shirt &amp; Grey Shorts For Kids</div><div class="ratingStarsSmall ratingStarsBelowTitle" style="background-position: 0px -162px;"><span> (7) </span></div><div class="product_grid_cont_price_outer"><div class="product_price no-float"><span class="originalprice no-display">Rs 499</span>  Rs 499</div></div><div class="cod-ico"><label class="lang">Cash on Delivery Available</label></div></a>
<a categoryid="539" class="hit-ss-logger" href="http://www.snapdeal.com/product/jazzuppack-of-7-panties-for/898515374?pos=62;84" ispartialsearch="false" pogid="898515374" pos="62;84" v="p"><div alt="Jazzup-Pack of 7 Panties For Kids" atl="Jazzup-Pack of 7 Panties For Kids" class="product-image"><img border="0" class="" lazysrc="http://n1.sdlcdn.com/imgs/a/e/l/230x258/SDL352552429_1381491419_image1-943e2.jpg" src="http://n1.sdlcdn.com/imgs/a/e/l/230x258/SDL352552429_1381491419_image1-943e2.jpg" style="opacity: 1; "/></div><div class="product_grid_cont_heading">Jazzup-Pack of 7 Panties For Kids</div><div class="product_grid_cont_price_outer"><div class="product_price no-float"><span class="originalprice no-display">Rs 549</span>  Rs 549</div></div><div class="cod-ico"><label class="lang">Cash on Delivery Available</label></div></a>
<a categoryid="539" class="hit-ss-logger" href="http://www.snapdeal.com/product/jazzuppack-of-7-panties-for/76889438?pos=63;84" ispartialsearch="false" pogid="76889438" pos="63;84" v="p"><div alt="Jazzup-Pack of 7 Panties For Kids" atl="Jazzup-Pack of 7 Panties For Kids" class="product-image"><img border="0" class="" lazysrc="http://n1.sdlcdn.com/imgs/a/e/l/230x258/SDL351247998_1381491378_image1-9ab42.jpg" src="http://n1.sdlcdn.com/imgs/a/e/l/230x258/SDL351247998_1381491378_image1-9ab42.jpg" style="opacity: 1; "/></div><div class="product_grid_cont_heading">Jazzup-Pack of 7 Panties For Kids</div><div class="product_grid_cont_price_outer"><div class="product_price no-float"><span class="originalprice no-display">Rs 549</span>  Rs 549</div></div><div class="cod-ico"><label class="lang">Cash on Delivery Available</label></div></a>
<a categoryid="539" class="hit-ss-logger" href="http://www.snapdeal.com/product/jazzup-pink-purple-night-suit/1381699?pos=64;84" ispartialsearch="false" pogid="1381699" pos="64;84" v="p"><div alt="Jazzup Pink &amp; Purple Night Suit For Kids" atl="Jazzup Pink &amp; Purple Night Suit For Kids" class="product-image"><img border="0" class="" lazysrc="http://n3.sdlcdn.com/imgs/a/b/n/230x258/SDL614971385_1368525457_image1-3ea27.jpg" src="http://n3.sdlcdn.com/imgs/a/b/n/230x258/SDL614971385_1368525457_image1-3ea27.jpg" style="opacity: 1; "/></div><div class="product_grid_cont_heading">Jazzup Pink &amp; Purple Night Suit For Kids</div><div class="product_grid_cont_price_outer"><div class="product_price "><span class="originalprice ">Rs 340</span>  Rs 328</div><div class="product_discount_outer"><div class="product_discount">4%</div></div></div><div class="cod-ico"><label class="lang">Cash on Delivery Available</label></div></a>
<a categoryid="539" class="hit-ss-logger" href="http://www.snapdeal.com/product/jazzup-blue-red-night-suit/1381781?pos=65;84" ispartialsearch="false" pogid="1381781" pos="65;84" v="p"><div alt="Jazzup Blue &amp; Red Night Suit For Kids" atl="Jazzup Blue &amp; Red Night Suit For Kids" class="product-image"><img border="0" class="" lazysrc="http://n3.sdlcdn.com/imgs/a/b/n/230x258/SDL616118726_1368525487_image1-c1465.jpg" src="http://n3.sdlcdn.com/imgs/a/b/n/230x258/SDL616118726_1368525487_image1-c1465.jpg" style="opacity: 1; "/></div><div class="product_grid_cont_heading">Jazzup Blue &amp; Red Night Suit For Kids</div><div class="product_grid_cont_price_outer"><div class="product_price no-float"><span class="originalprice no-display">Rs 340</span>  Rs 340</div></div><div class="cod-ico"><label class="lang">Cash on Delivery Available</label></div></a>
<a categoryid="539" class="hit-ss-logger" href="http://www.snapdeal.com/product/goodway-pack-of-7-new/1251915806?pos=66;84" ispartialsearch="false" pogid="1251915806" pos="66;84" v="p"><div alt="Goodway Pack of 7 New Born  White Baby Girl Nick Name Printed  Body Vest  For Infants For Girls" atl="Goodway Pack of 7 New Born  White Baby Girl Nick Name Printed  Body Vest  For Infants For Girls" class="product-image"><img border="0" class="" lazysrc="http://n1.sdlcdn.com/imgs/a/d/u/230x258/SDL707327716_1380192174_image1-f2d14.jpg" src="http://n1.sdlcdn.com/imgs/a/d/u/230x258/SDL707327716_1380192174_image1-f2d14.jpg" style="opacity: 1; "/><div class="shippingImage tooltip"><span class="box"><span class="arw"></span><label class="lang dispatched-one-day-lang">Dispatched in 1 business day</label></span></div></div><div class="product_grid_cont_heading">Goodway Pack of 7 New Born  White Baby Girl Nick Name Printed  Body Vest  For Infants For Girls</div><div class="ratingStarsSmall ratingStarsBelowTitle" style="background-position: 0px -180px;"><span> (1) </span></div><div class="product_grid_cont_price_outer"><div class="product_price "><span class="originalprice ">Rs 1499</span>  Rs 449</div><div class="product_discount_outer"><div class="product_discount">70%</div></div></div><div class="cod-ico"><label class="lang">Cash on Delivery Available</label></div></a>
<a categoryid="539" class="hit-ss-logger" href="http://www.snapdeal.com/product/jazzup-pantiesdisney-3-pcs-pack/1001167158?pos=67;84" ispartialsearch="false" pogid="1001167158" pos="67;84" v="p"><div alt="JAZZUP Panties-Disney (3 Pcs Pack) For Kids" atl="JAZZUP Panties-Disney (3 Pcs Pack) For Kids" class="product-image"><img border="0" class="" lazysrc="http://n4.sdlcdn.com/imgs/a/d/c/230x258/SDL768237375_1377406096_image1-5de34.jpg" src="http://n4.sdlcdn.com/imgs/a/d/c/230x258/SDL768237375_1377406096_image1-5de34.jpg" style="opacity: 1; "/></div><div class="product_grid_cont_heading">JAZZUP Panties-Disney (3 Pcs Pack) For Kids</div><div class="product_grid_cont_price_outer"><div class="product_price no-float"><span class="originalprice no-display">Rs 290</span>  Rs 290</div></div><div class="cod-ico"><label class="lang">Cash on Delivery Available</label></div></a>
<a categoryid="539" class="hit-ss-logger" href="http://www.snapdeal.com/product/jazzup-cute-girls-suits/1003725969?pos=68;84" ispartialsearch="false" pogid="1003725969" pos="68;84" v="p"><div alt="Jazzup- Cute Girls Suits For Kids" atl="Jazzup- Cute Girls Suits For Kids" class="product-image"><img border="0" class="" lazysrc="http://n3.sdlcdn.com/imgs/a/d/d/230x258/SDL047464994_1377662226_image1-64d7f.jpg" src="http://n3.sdlcdn.com/imgs/a/d/d/230x258/SDL047464994_1377662226_image1-64d7f.jpg" style="opacity: 1; "/></div><div class="product_grid_cont_heading">Jazzup- Cute Girls Suits For Kids</div><div class="product_grid_cont_price_outer"><div class="product_price no-float"><span class="originalprice no-display">Rs 595</span>  Rs 595</div></div><div class="cod-ico"><label class="lang">Cash on Delivery Available</label></div></a>
<a categoryid="539" class="hit-ss-logger" href="http://www.snapdeal.com/product/modern-night-suit-for-girls/1518340531?pos=69;84" ispartialsearch="false" pogid="1518340531" pos="69;84" v="p"><div alt="Modern- Night Suit for Girls" atl="Modern- Night Suit for Girls" class="product-image"><img border="0" class="" lazysrc="http://n4.sdlcdn.com/imgs/a/g/2/230x258/SDL451346310_1390974945_image1-4a252.jpg" src="http://n4.sdlcdn.com/imgs/a/g/2/230x258/SDL451346310_1390974945_image1-4a252.jpg" style="opacity: 1; "/><div class="shippingImage tooltip"><span class="box"><span class="arw"></span><label class="lang dispatched-one-day-lang">Dispatched in 1 business day</label></span></div><div class="soldout prod-grid-sold-out-lang"></div></div><div class="product_grid_cont_heading">Modern- Night Suit for Girls</div><div class="product_grid_cont_price_outer"><div class="product_price no-float"><span class="originalprice no-display">Rs 549</span>  Rs 549</div></div><div class="cod-ico"><label class="lang">Cash on Delivery Available</label></div></a>
<a categoryid="539" class="hit-ss-logger" href="http://www.snapdeal.com/product/modern-night-suit-for-girls/1908483684?pos=70;84" ispartialsearch="false" pogid="1908483684" pos="70;84" v="p"><div alt="Modern- Night Suit for Girls" atl="Modern- Night Suit for Girls" class="product-image"><img border="0" class="" lazysrc="http://n3.sdlcdn.com/imgs/a/g/2/230x258/SDL477769113_1390974911_image1-c3363.jpg" src="http://n3.sdlcdn.com/imgs/a/g/2/230x258/SDL477769113_1390974911_image1-c3363.jpg" style="opacity: 1; "/><div class="shippingImage tooltip"><span class="box"><span class="arw"></span><label class="lang dispatched-one-day-lang">Dispatched in 1 business day</label></span></div><div class="soldout prod-grid-sold-out-lang"></div></div><div class="product_grid_cont_heading">Modern- Night Suit for Girls</div><div class="product_grid_cont_price_outer"><div class="product_price no-float"><span class="originalprice no-display">Rs 549</span>  Rs 549</div></div><div class="cod-ico"><label class="lang">Cash on Delivery Available</label></div></a>
<a categoryid="539" class="hit-ss-logger" href="http://www.snapdeal.com/product/modern-night-suit-for-girls/348017055?pos=71;84" ispartialsearch="false" pogid="348017055" pos="71;84" v="p"><div alt="Modern- Night Suit for Girls" atl="Modern- Night Suit for Girls" class="product-image"><img border="0" class="" lazysrc="http://n1.sdlcdn.com/imgs/a/g/2/230x258/SDL458616699_1390974894_image1-5b7e2.jpg" src="http://n1.sdlcdn.com/imgs/a/g/2/230x258/SDL458616699_1390974894_image1-5b7e2.jpg" style="opacity: 1; "/><div class="shippingImage tooltip"><span class="box"><span class="arw"></span><label class="lang dispatched-one-day-lang">Dispatched in 1 business day</label></span></div><div class="soldout prod-grid-sold-out-lang"></div></div><div class="product_grid_cont_heading">Modern- Night Suit for Girls</div><div class="product_grid_cont_price_outer"><div class="product_price no-float"><span class="originalprice no-display">Rs 549</span>  Rs 549</div></div><div class="cod-ico"><label class="lang">Cash on Delivery Available</label></div></a>
<a categoryid="539" class="hit-ss-logger" href="http://www.snapdeal.com/product/modern-night-suit-for-girls/452355332?pos=72;84" ispartialsearch="false" pogid="452355332" pos="72;84" v="p"><div alt="Modern- Night Suit for Girls" atl="Modern- Night Suit for Girls" class="product-image"><img border="0" class="" lazysrc="http://n2.sdlcdn.com/imgs/a/g/2/230x258/SDL018533887_1390974943_image1-9e0bb.jpg" src="http://n2.sdlcdn.com/imgs/a/g/2/230x258/SDL018533887_1390974943_image1-9e0bb.jpg" style="opacity: 1; "/><div class="shippingImage tooltip"><span class="box"><span class="arw"></span><label class="lang dispatched-one-day-lang">Dispatched in 1 business day</label></span></div><div class="soldout prod-grid-sold-out-lang"></div></div><div class="product_grid_cont_heading">Modern- Night Suit for Girls</div><div class="product_grid_cont_price_outer"><div class="product_price no-float"><span class="originalprice no-display">Rs 549</span>  Rs 549</div></div><div class="cod-ico"><label class="lang">Cash on Delivery Available</label></div></a>
<a categoryid="539" class="hit-ss-logger" href="http://www.snapdeal.com/product/modern-night-suit-for-girls/230513856?pos=73;84" ispartialsearch="false" pogid="230513856" pos="73;84" v="p"><div alt="Modern- Night Suit for Girls" atl="Modern- Night Suit for Girls" class="product-image"><img border="0" class="" lazysrc="http://n4.sdlcdn.com/imgs/a/g/2/230x258/SDL483316352_1390974939_image1-abe0e.jpg" src="http://n4.sdlcdn.com/imgs/a/g/2/230x258/SDL483316352_1390974939_image1-abe0e.jpg" style="opacity: 1; "/><div class="shippingImage tooltip"><span class="box"><span class="arw"></span><label class="lang dispatched-one-day-lang">Dispatched in 1 business day</label></span></div><div class="soldout prod-grid-sold-out-lang"></div></div><div class="product_grid_cont_heading">Modern- Night Suit for Girls</div><div class="product_grid_cont_price_outer"><div class="product_price no-float"><span class="originalprice no-display">Rs 549</span>  Rs 549</div></div><div class="cod-ico"><label class="lang">Cash on Delivery Available</label></div></a>
<a categoryid="539" class="hit-ss-logger" href="http://www.snapdeal.com/product/modern-night-suit-for-girls/513388636?pos=74;84" ispartialsearch="false" pogid="513388636" pos="74;84" v="p"><div alt="Modern- Night Suit for Girls" atl="Modern- Night Suit for Girls" class="product-image"><img border="0" class="" lazysrc="http://n2.sdlcdn.com/imgs/a/g/2/230x258/SDL046896100_1390974873_image1-58ad1.jpg" src="http://n2.sdlcdn.com/imgs/a/g/2/230x258/SDL046896100_1390974873_image1-58ad1.jpg" style="opacity: 1; "/><div class="shippingImage tooltip"><span class="box"><span class="arw"></span><label class="lang dispatched-one-day-lang">Dispatched in 1 business day</label></span></div><div class="soldout prod-grid-sold-out-lang"></div></div><div class="product_grid_cont_heading">Modern- Night Suit for Girls</div><div class="product_grid_cont_price_outer"><div class="product_price no-float"><span class="originalprice no-display">Rs 549</span>  Rs 549</div></div><div class="cod-ico"><label class="lang">Cash on Delivery Available</label></div></a>
<a categoryid="539" class="hit-ss-logger" href="http://www.snapdeal.com/product/modern-night-suit-for-girls/869933792?pos=75;84" ispartialsearch="false" pogid="869933792" pos="75;84" v="p"><div alt="Modern- Night Suit for Girls" atl="Modern- Night Suit for Girls" class="product-image"><img border="0" class="" lazysrc="http://n1.sdlcdn.com/imgs/a/g/2/230x258/SDL436391630_1390974932_image1-b0955.jpg" src="http://n1.sdlcdn.com/imgs/a/g/2/230x258/SDL436391630_1390974932_image1-b0955.jpg" style="opacity: 1; "/><div class="shippingImage tooltip"><span class="box"><span class="arw"></span><label class="lang dispatched-one-day-lang">Dispatched in 1 business day</label></span></div><div class="soldout prod-grid-sold-out-lang"></div></div><div class="product_grid_cont_heading">Modern- Night Suit for Girls</div><div class="product_grid_cont_price_outer"><div class="product_price no-float"><span class="originalprice no-display">Rs 549</span>  Rs 549</div></div><div class="cod-ico"><label class="lang">Cash on Delivery Available</label></div></a>
<a categoryid="539" class="hit-ss-logger" href="http://www.snapdeal.com/product/jazzup-pack-of-4-panties/1304232884?pos=76;84" ispartialsearch="false" pogid="1304232884" pos="76;84" v="p"><div alt="Jazzup- Pack of 4 Panties" atl="Jazzup- Pack of 4 Panties" class="product-image"><img border="0" src="http://n4.sdlcdn.com/imgs/a/g/p/230x258/SDL389742987_1388662438_image1-7f0af.jpg" style="opacity: 1; "/><div class="soldout prod-grid-sold-out-lang"></div></div><div class="product_grid_cont_heading">Jazzup- Pack of 4 Panties</div><div class="product_grid_cont_price_outer"><div class="product_price no-float"><span class="originalprice no-display">Rs 275</span>  Rs 275</div></div><div class="cod-ico"><label class="lang">Cash on Delivery Available</label></div></a>
<a categoryid="539" class="hit-ss-logger" href="http://www.snapdeal.com/product/bba-black-flower-printed-night/143819650?pos=77;84" ispartialsearch="false" pogid="143819650" pos="77;84" v="p"><div alt="BBA Black Flower Printed Night Suit For Kids" atl="BBA Black Flower Printed Night Suit For Kids" class="product-image"><img border="0" class="" lazysrc="http://n2.sdlcdn.com/imgs/a/f/z/230x258/SDL451849066_1383893448_image1-3c735.jpg" src="http://n2.sdlcdn.com/imgs/a/f/z/230x258/SDL451849066_1383893448_image1-3c735.jpg" style="opacity: 1; "/><div class="soldout prod-grid-sold-out-lang"></div></div><div class="product_grid_cont_heading">BBA Black Flower Printed Night Suit For Kids</div><div class="product_grid_cont_price_outer"><div class="product_price no-float"><span class="originalprice no-display">Rs 499</span>  Rs 499</div></div><div class="cod-ico"><label class="lang">Cash on Delivery Available</label></div></a>
<a categoryid="539" class="hit-ss-logger" href="http://www.snapdeal.com/product/minnie-printed-night-wear-for/1339537178?pos=78;84" ispartialsearch="false" pogid="1339537178" pos="78;84" v="p"><div alt="Minnie Printed Night Wear For Kids" atl="Minnie Printed Night Wear For Kids" class="product-image"><img border="0" class="" lazysrc="http://n2.sdlcdn.com/imgs/a/d/c/230x258/SDL592494489_1377352409_image1-e9b2c.jpg" src="http://n2.sdlcdn.com/imgs/a/d/c/230x258/SDL592494489_1377352409_image1-e9b2c.jpg" style="opacity: 1; "/><div class="soldout prod-grid-sold-out-lang"></div></div><div class="product_grid_cont_heading">Minnie Printed Night Wear For Kids</div><div class="product_grid_cont_price_outer"><div class="product_price no-float"><span class="originalprice no-display">Rs 850</span>  Rs 850</div></div><div class="cod-ico"><label class="lang">Cash on Delivery Available</label></div></a>
<a categoryid="539" class="hit-ss-logger" href="http://www.snapdeal.com/product/jazzup-cute-girls-suits/1523061934?pos=79;84" ispartialsearch="false" pogid="1523061934" pos="79;84" v="p"><div alt="Jazzup- Cute Girls Suits For Kids" atl="Jazzup- Cute Girls Suits For Kids" class="product-image"><img border="0" class="" lazysrc="http://n2.sdlcdn.com/imgs/a/d/d/230x258/SDL027253627_1377662191_image1-8ff57.jpg" src="http://n2.sdlcdn.com/imgs/a/d/d/230x258/SDL027253627_1377662191_image1-8ff57.jpg" style="opacity: 1; "/><div class="soldout prod-grid-sold-out-lang"></div></div><div class="product_grid_cont_heading">Jazzup- Cute Girls Suits For Kids</div><div class="product_grid_cont_price_outer"><div class="product_price no-float"><span class="originalprice no-display">Rs 355</span>  Rs 355</div></div><div class="cod-ico"><label class="lang">Cash on Delivery Available</label></div></a>
<a categoryid="539" class="hit-ss-logger" href="http://www.snapdeal.com/product/bba-pink-butterfly-printed-night/2011063642?pos=80;84" ispartialsearch="false" pogid="2011063642" pos="80;84" v="p"><div alt="BBA Pink Butterfly Printed Night Suit For Kids" atl="BBA Pink Butterfly Printed Night Suit For Kids" class="product-image"><img border="0" class="" lazysrc="http://n1.sdlcdn.com/imgs/a/f/z/230x258/SDL428631158_1383893379_image1-2121f.jpg" src="http://n1.sdlcdn.com/imgs/a/f/z/230x258/SDL428631158_1383893379_image1-2121f.jpg" style="opacity: 1; "/><div class="soldout prod-grid-sold-out-lang"></div></div><div class="product_grid_cont_heading">BBA Pink Butterfly Printed Night Suit For Kids</div><div class="ratingStarsSmall ratingStarsBelowTitle" style="background-position: 0px -72px;"><span> (1) </span></div><div class="product_grid_cont_price_outer"><div class="product_price no-float"><span class="originalprice no-display">Rs 499</span>  Rs 499</div></div><div class="cod-ico"><label class="lang">Cash on Delivery Available</label></div></a>
<a categoryid="539" class="hit-ss-logger" href="http://www.snapdeal.com/product/jazzup-cute-girls-suits/2077795754?pos=81;84" ispartialsearch="false" pogid="2077795754" pos="81;84" v="p"><div alt="Jazzup- Cute Girls Suits For Kids" atl="Jazzup- Cute Girls Suits For Kids" class="product-image"><img border="0" class="" lazysrc="http://n1.sdlcdn.com/imgs/a/d/d/230x258/SDL033938704_1377662215_image1-93995.jpg" src="http://n1.sdlcdn.com/imgs/a/d/d/230x258/SDL033938704_1377662215_image1-93995.jpg" style="opacity: 1; "/><div class="soldout prod-grid-sold-out-lang"></div></div><div class="product_grid_cont_heading">Jazzup- Cute Girls Suits For Kids</div><div class="ratingStarsSmall ratingStarsBelowTitle" style="background-position: 0px -36px;"><span> (1) </span></div><div class="product_grid_cont_price_outer"><div class="product_price no-float"><span class="originalprice no-display">Rs 365</span>  Rs 365</div></div><div class="cod-ico"><label class="lang">Cash on Delivery Available</label></div></a>
<a categoryid="539" class="hit-ss-logger" href="http://www.snapdeal.com/product/elle-kids-ruffled-lace-camisole/1941752027?pos=82;84" ispartialsearch="false" pogid="1941752027" pos="82;84" v="p"><div alt="ELLE KIDS Ruffled Lace Camisole  For Kids" atl="ELLE KIDS Ruffled Lace Camisole  For Kids" class="product-image"><img border="0" class="" lazysrc="http://n2.sdlcdn.com/imgs/a/f/3/230x258/SDL990128926_1384512284_image1-80de3.jpg" src="http://n2.sdlcdn.com/imgs/a/f/3/230x258/SDL990128926_1384512284_image1-80de3.jpg" style="opacity: 1; "/><div class="soldout prod-grid-sold-out-lang"></div></div><div class="product_grid_cont_heading">ELLE KIDS Ruffled Lace Camisole  For Kids</div><div class="product_grid_cont_price_outer"><div class="product_price "><span class="originalprice ">Rs 599</span>  Rs 358</div><div class="product_discount_outer"><div class="product_discount">40%</div></div></div><div class="cod-ico"><label class="lang">Cash on Delivery Available</label></div></a>
<a categoryid="539" class="hit-ss-logger" href="http://www.snapdeal.com/product/elle-kids-lace-trimmed-camisole/714273581?pos=83;84" ispartialsearch="false" pogid="714273581" pos="83;84" v="p"><div alt="ELLE KIDS Lace Trimmed Camisole For Kids" atl="ELLE KIDS Lace Trimmed Camisole For Kids" class="product-image"><img border="0" class="" lazysrc="http://n3.sdlcdn.com/imgs/a/f/3/230x258/SDL990134310_1384512271_image1-74332.jpg" src="http://n3.sdlcdn.com/imgs/a/f/3/230x258/SDL990134310_1384512271_image1-74332.jpg" style="opacity: 1; "/><div class="soldout prod-grid-sold-out-lang"></div></div><div class="product_grid_cont_heading">ELLE KIDS Lace Trimmed Camisole For Kids</div><div class="product_grid_cont_price_outer"><div class="product_price "><span class="originalprice ">Rs 399</span>  Rs 238</div><div class="product_discount_outer"><div class="product_discount">40%</div></div></div><div class="cod-ico"><label class="lang">Cash on Delivery Available</label></div></a>
