<a categoryid="691" class="hit-ss-logger" href="http://www.snapdeal.com/product/kbsh-orange-printed-semi-chiffon/1052492009?pos=0;41" ispartialsearch="false" pogid="1052492009" pos="0;41" v="p">
<div atl="KBSH Orange Printed Semi Chiffon Saree" class="product-image">
<img border="0" class="" lazysrc="http://n1.sdlcdn.com/imgs/a/c/6/230x258/SDL359095555_1375185296_image1-b2da5.jpg" src="http://n1.sdlcdn.com/imgs/a/c/6/230x258/SDL359095555_1375185296_image1-b2da5.jpg" style="opacity: 1; "/>
</div>
<div class="product_grid_cont_heading">
				KBSH Orange Printed Semi Chiffon Saree</div>
<div class="product_grid_cont_price_outer">
<div class="product_price no-float">
<span class="originalprice no-display">Rs
									6995</span> Rs 6995
							</div>
<div class="product_discount_outer no-display">
<div class="product_discount">
									0%
								</div>
</div>
</div>
<div class="cod-ico"><label class="lang">Cash on Delivery Available</label></div>
</a>
<a categoryid="691" class="hit-ss-logger" href="http://www.snapdeal.com/product/kbsh-yellow-embroidered-net-saree/1403047632?pos=1;41" ispartialsearch="false" pogid="1403047632" pos="1;41" v="p">
<div atl="KBSH Yellow Embroidered Net Saree" class="product-image">
<img border="0" class="" lazysrc="http://n3.sdlcdn.com/imgs/a/c/6/230x258/SDL384009476_1375185308_image1-d1f00.jpg" src="http://n3.sdlcdn.com/imgs/a/c/6/230x258/SDL384009476_1375185308_image1-d1f00.jpg" style="opacity: 1; "/>
</div>
<div class="product_grid_cont_heading">
				KBSH Yellow Embroidered Net Saree</div>
<div class="product_grid_cont_price_outer">
<div class="product_price no-float">
<span class="originalprice no-display">Rs
									12995</span> Rs 12995
							</div>
<div class="product_discount_outer no-display">
<div class="product_discount">
									0%
								</div>
</div>
</div>
<div class="cod-ico"><label class="lang">Cash on Delivery Available</label></div>
</a>
<a categoryid="691" class="hit-ss-logger" href="http://www.snapdeal.com/product/kbsh-yellow-printed-faux-georgette/1307242969?pos=2;41" ispartialsearch="false" pogid="1307242969" pos="2;41" v="p">
<div atl="KBSH Yellow Printed Faux Georgette Saree" class="product-image">
<img border="0" class="" lazysrc="http://n2.sdlcdn.com/imgs/a/c/6/230x258/SDL364652233_1375185271_image1-c0c86.jpg" src="http://n2.sdlcdn.com/imgs/a/c/6/230x258/SDL364652233_1375185271_image1-c0c86.jpg" style="opacity: 1; "/>
</div>
<div class="product_grid_cont_heading">
				KBSH Yellow Printed Faux Georgette Saree</div>
<div class="product_grid_cont_price_outer">
<div class="product_price no-float">
<span class="originalprice no-display">Rs
									6995</span> Rs 6995
							</div>
<div class="product_discount_outer no-display">
<div class="product_discount">
									0%
								</div>
</div>
</div>
<div class="cod-ico"><label class="lang">Cash on Delivery Available</label></div>
</a>
<a categoryid="691" class="hit-ss-logger" href="http://www.snapdeal.com/product/kbsh-orange-embroidered-net-saree/133691224?pos=3;41" ispartialsearch="false" pogid="133691224" pos="3;41" v="p">
<div atl="KBSH Orange Embroidered Net Saree" class="product-image">
<img border="0" class="" lazysrc="http://n4.sdlcdn.com/imgs/a/c/6/230x258/SDL384432269_1375185273_image1-c8789.jpg" src="http://n4.sdlcdn.com/imgs/a/c/6/230x258/SDL384432269_1375185273_image1-c8789.jpg" style="opacity: 1; "/>
</div>
<div class="product_grid_cont_heading">
				KBSH Orange Embroidered Net Saree</div>
<div class="product_grid_cont_price_outer">
<div class="product_price no-float">
<span class="originalprice no-display">Rs
									12995</span> Rs 12995
							</div>
<div class="product_discount_outer no-display">
<div class="product_discount">
									0%
								</div>
</div>
</div>
<div class="cod-ico"><label class="lang">Cash on Delivery Available</label></div>
</a>
<a categoryid="691" class="hit-ss-logger" href="http://www.snapdeal.com/product/kbsh-black-embroidered-faux-georgette/1690187035?pos=4;41" ispartialsearch="false" pogid="1690187035" pos="4;41" v="p">
<div atl="KBSH Black Embroidered Faux Georgette Saree" class="product-image">
<img border="0" class="" lazysrc="http://n1.sdlcdn.com/imgs/a/c/6/230x258/SDL376422798_1375185268_image1-85fb6.jpg" src="http://n1.sdlcdn.com/imgs/a/c/6/230x258/SDL376422798_1375185268_image1-85fb6.jpg" style="opacity: 1; "/>
</div>
<div class="product_grid_cont_heading">
				KBSH Black Embroidered Faux Georgette Saree</div>
<div class="product_grid_cont_price_outer">
<div class="product_price no-float">
<span class="originalprice no-display">Rs
									11995</span> Rs 11995
							</div>
<div class="product_discount_outer no-display">
<div class="product_discount">
									0%
								</div>
</div>
</div>
<div class="cod-ico"><label class="lang">Cash on Delivery Available</label></div>
</a>
<a categoryid="691" class="hit-ss-logger" href="http://www.snapdeal.com/product/kbsh-multicoloured-printed-faux-georgette/1690390628?pos=5;41" ispartialsearch="false" pogid="1690390628" pos="5;41" v="p">
<div atl="KBSH Multi-Coloured Printed Faux Georgette Saree" class="product-image">
<img border="0" class="" lazysrc="http://n3.sdlcdn.com/imgs/a/c/6/230x258/SDL409585606_1375185293_image1-6e2eb.jpg" src="http://n3.sdlcdn.com/imgs/a/c/6/230x258/SDL409585606_1375185293_image1-6e2eb.jpg" style="opacity: 1; "/>
</div>
<div class="product_grid_cont_heading">
				KBSH Multi-Coloured Printed Faux Georgette Saree</div>
<div class="product_grid_cont_price_outer">
<div class="product_price no-float">
<span class="originalprice no-display">Rs
									9995</span> Rs 9995
							</div>
<div class="product_discount_outer no-display">
<div class="product_discount">
									0%
								</div>
</div>
</div>
<div class="cod-ico"><label class="lang">Cash on Delivery Available</label></div>
</a>
<a categoryid="691" class="hit-ss-logger" href="http://www.snapdeal.com/product/kbsh-white-printed-faux-georgette/1587930209?pos=6;41" ispartialsearch="false" pogid="1587930209" pos="6;41" v="p">
<div atl="KBSH White Printed Faux Georgette Saree" class="product-image">
<img border="0" class="" lazysrc="http://n1.sdlcdn.com/imgs/a/c/6/230x258/SDL361925199_1375185347_image1-d4419.jpg" src="http://n1.sdlcdn.com/imgs/a/c/6/230x258/SDL361925199_1375185347_image1-d4419.jpg" style="opacity: 1; "/>
</div>
<div class="product_grid_cont_heading">
				KBSH White Printed Faux Georgette Saree</div>
<div class="product_grid_cont_price_outer">
<div class="product_price no-float">
<span class="originalprice no-display">Rs
									7995</span> Rs 7994
							</div>
<div class="product_discount_outer no-display">
<div class="product_discount">
									0%
								</div>
</div>
</div>
<div class="cod-ico"><label class="lang">Cash on Delivery Available</label></div>
</a>
<a categoryid="691" class="hit-ss-logger" href="http://www.snapdeal.com/product/kbsh-pink-printed-faux-georgette/147603584?pos=7;41" ispartialsearch="false" pogid="147603584" pos="7;41" v="p">
<div atl="KBSH Pink Printed Faux Georgette Saree" class="product-image">
<img border="0" class="" lazysrc="http://n2.sdlcdn.com/imgs/a/c/6/230x258/SDL362072289_1375185316_image1-af585.jpg" src="http://n2.sdlcdn.com/imgs/a/c/6/230x258/SDL362072289_1375185316_image1-af585.jpg" style="opacity: 1; "/>
</div>
<div class="product_grid_cont_heading">
				KBSH Pink Printed Faux Georgette Saree</div>
<div class="product_grid_cont_price_outer">
<div class="product_price no-float">
<span class="originalprice no-display">Rs
									6995</span> Rs 6995
							</div>
<div class="product_discount_outer no-display">
<div class="product_discount">
									0%
								</div>
</div>
</div>
<div class="cod-ico"><label class="lang">Cash on Delivery Available</label></div>
</a>
<a categoryid="691" class="hit-ss-logger" href="http://www.snapdeal.com/product/kbsh-brown-embroidered-net-saree/1199892037?pos=8;41" ispartialsearch="false" pogid="1199892037" pos="8;41" v="p">
<div atl="KBSH Brown Embroidered Net Saree" class="product-image">
<img border="0" class="" lazysrc="http://n2.sdlcdn.com/imgs/a/c/6/230x258/SDL379448224_1375185301_image1-ba92c.jpg" src="http://n2.sdlcdn.com/imgs/a/c/6/230x258/SDL379448224_1375185301_image1-ba92c.jpg" style="opacity: 1; "/>
</div>
<div class="product_grid_cont_heading">
				KBSH Brown Embroidered Net Saree</div>
<div class="product_grid_cont_price_outer">
<div class="product_price no-float">
<span class="originalprice no-display">Rs
									17995</span> Rs 17995
							</div>
<div class="product_discount_outer no-display">
<div class="product_discount">
									0%
								</div>
</div>
</div>
<div class="cod-ico"><label class="lang">Cash on Delivery Available</label></div>
</a>
<a categoryid="691" class="hit-ss-logger" href="http://www.snapdeal.com/product/kbsh-green-printed-faux-georgette/1267597282?pos=9;41" ispartialsearch="false" pogid="1267597282" pos="9;41" v="p">
<div atl="KBSH Green Printed Faux Georgette Saree" class="product-image">
<img border="0" class="" lazysrc="http://n3.sdlcdn.com/imgs/a/c/6/230x258/SDL366436857_1375185269_image1-0d1ab.jpg" src="http://n3.sdlcdn.com/imgs/a/c/6/230x258/SDL366436857_1375185269_image1-0d1ab.jpg" style="opacity: 1; "/>
</div>
<div class="product_grid_cont_heading">
				KBSH Green Printed Faux Georgette Saree</div>
<div class="product_grid_cont_price_outer">
<div class="product_price no-float">
<span class="originalprice no-display">Rs
									6995</span> Rs 6995
							</div>
<div class="product_discount_outer no-display">
<div class="product_discount">
									0%
								</div>
</div>
</div>
<div class="cod-ico"><label class="lang">Cash on Delivery Available</label></div>
</a>
<a categoryid="691" class="hit-ss-logger" href="http://www.snapdeal.com/product/kbsh-grey-printed-faux-georgette/1274121343?pos=10;41" ispartialsearch="false" pogid="1274121343" pos="10;41" v="p">
<div atl="KBSH Grey Printed Faux Georgette Saree" class="product-image">
<img border="0" class="" lazysrc="http://n4.sdlcdn.com/imgs/a/c/6/230x258/SDL366688994_1375185292_image1-0e0e8.jpg" src="http://n4.sdlcdn.com/imgs/a/c/6/230x258/SDL366688994_1375185292_image1-0e0e8.jpg" style="opacity: 1; "/>
</div>
<div class="product_grid_cont_heading">
				KBSH Grey Printed Faux Georgette Saree</div>
<div class="product_grid_cont_price_outer">
<div class="product_price no-float">
<span class="originalprice no-display">Rs
									6995</span> Rs 6995
							</div>
<div class="product_discount_outer no-display">
<div class="product_discount">
									0%
								</div>
</div>
</div>
<div class="cod-ico"><label class="lang">Cash on Delivery Available</label></div>
</a>
<a categoryid="691" class="hit-ss-logger" href="http://www.snapdeal.com/product/kbsh-purple-embroidered-net-saree/1821976828?pos=11;41" ispartialsearch="false" pogid="1821976828" pos="11;41" v="p">
<div atl="KBSH Purple Embroidered Net Saree" class="product-image">
<img border="0" class="" lazysrc="http://n3.sdlcdn.com/imgs/a/c/6/230x258/SDL405810301_1375185313_image1-31f3e.jpg" src="http://n3.sdlcdn.com/imgs/a/c/6/230x258/SDL405810301_1375185313_image1-31f3e.jpg" style="opacity: 1; "/>
</div>
<div class="product_grid_cont_heading">
				KBSH Purple Embroidered Net Saree</div>
<div class="product_grid_cont_price_outer">
<div class="product_price no-float">
<span class="originalprice no-display">Rs
									11995</span> Rs 11995
							</div>
<div class="product_discount_outer no-display">
<div class="product_discount">
									0%
								</div>
</div>
</div>
<div class="cod-ico"><label class="lang">Cash on Delivery Available</label></div>
</a>
<a categoryid="691" class="hit-ss-logger" href="http://www.snapdeal.com/product/kbsh-multicoloured-printed-faux-georgette/467023531?pos=12;41" ispartialsearch="false" pogid="467023531" pos="12;41" v="p">
<div atl="KBSH Multi-Coloured Printed Faux Georgette Saree" class="product-image">
<img border="0" class="" lazysrc="http://n2.sdlcdn.com/imgs/a/c/6/230x258/SDL404270248_1375185281_image1-37b86.jpg" src="http://n2.sdlcdn.com/imgs/a/c/6/230x258/SDL404270248_1375185281_image1-37b86.jpg" style="opacity: 1; "/>
</div>
<div class="product_grid_cont_heading">
				KBSH Multi-Coloured Printed Faux Georgette Saree</div>
<div class="product_grid_cont_price_outer">
<div class="product_price no-float">
<span class="originalprice no-display">Rs
									9995</span> Rs 9995
							</div>
<div class="product_discount_outer no-display">
<div class="product_discount">
									0%
								</div>
</div>
</div>
<div class="cod-ico"><label class="lang">Cash on Delivery Available</label></div>
</a>
<a categoryid="691" class="hit-ss-logger" href="http://www.snapdeal.com/product/kbsh-green-embroidered-net-saree/1992955224?pos=13;41" ispartialsearch="false" pogid="1992955224" pos="13;41" v="p">
<div atl="KBSH Green Embroidered Net Saree" class="product-image">
<img border="0" class="" lazysrc="http://n4.sdlcdn.com/imgs/a/c/6/230x258/SDL406280654_1375185272_image1-631f0.jpg" src="http://n4.sdlcdn.com/imgs/a/c/6/230x258/SDL406280654_1375185272_image1-631f0.jpg" style="opacity: 1; "/>
</div>
<div class="product_grid_cont_heading">
				KBSH Green Embroidered Net Saree</div>
<div class="product_grid_cont_price_outer">
<div class="product_price no-float">
<span class="originalprice no-display">Rs
									11995</span> Rs 11995
							</div>
<div class="product_discount_outer no-display">
<div class="product_discount">
									0%
								</div>
</div>
</div>
<div class="cod-ico"><label class="lang">Cash on Delivery Available</label></div>
</a>
<a categoryid="691" class="hit-ss-logger" href="http://www.snapdeal.com/product/kbsh-pink-embroidered-net-saree/330737614?pos=14;41" ispartialsearch="false" pogid="330737614" pos="14;41" v="p">
<div atl="KBSH Pink Embroidered Net Saree" class="product-image">
<img border="0" class="" lazysrc="http://n3.sdlcdn.com/imgs/a/c/6/230x258/SDL376437391_1375185348_image1-81b73.jpg" src="http://n3.sdlcdn.com/imgs/a/c/6/230x258/SDL376437391_1375185348_image1-81b73.jpg" style="opacity: 1; "/>
</div>
<div class="product_grid_cont_heading">
				KBSH Pink Embroidered Net Saree</div>
<div class="product_grid_cont_price_outer">
<div class="product_price no-float">
<span class="originalprice no-display">Rs
									17995</span> Rs 17995
							</div>
<div class="product_discount_outer no-display">
<div class="product_discount">
									0%
								</div>
</div>
</div>
<div class="cod-ico"><label class="lang">Cash on Delivery Available</label></div>
</a>
<a categoryid="" class="hit-ss-logger" href="http://www.snapdeal.com/product/kbsh-multicoloured-printed-faux-georgette/299694985?pos=15;41" ispartialsearch="false" pogid="299694985" pos="15;41" v="p"><div alt="KBSH Multi-Coloured Printed Faux Georgette Saree" atl="KBSH Multi-Coloured Printed Faux Georgette Saree" class="product-image"><img border="0" class="" lazysrc="http://n4.sdlcdn.com/imgs/a/c/6/230x258/SDL361219529_1375185283_image1-b6b81.jpg" src="http://n4.sdlcdn.com/imgs/a/c/6/230x258/SDL361219529_1375185283_image1-b6b81.jpg" style="opacity: 1; "/></div><div class="product_grid_cont_heading">KBSH Multi-Coloured Printed Faux Georgette Saree</div><div class="product_grid_cont_price_outer"><div class="product_price no-float"><span class="originalprice no-display">Rs 3995</span>  Rs 3995</div></div><div class="cod-ico"><label class="lang">Cash on Delivery Available</label></div></a>
<a categoryid="" class="hit-ss-logger" href="http://www.snapdeal.com/product/kbsh-purple-embroidered-net-saree/1990387455?pos=16;41" ispartialsearch="false" pogid="1990387455" pos="16;41" v="p"><div alt="KBSH Purple Embroidered Net Saree" atl="KBSH Purple Embroidered Net Saree" class="product-image"><img border="0" src="http://n4.sdlcdn.com/imgs/a/c/6/230x258/SDL405497508_1375185277_image1-b0725.jpg" style="opacity: 1; "/></div><div class="product_grid_cont_heading">KBSH Purple Embroidered Net Saree</div><div class="product_grid_cont_price_outer"><div class="product_price no-float"><span class="originalprice no-display">Rs 15995</span>  Rs 15995</div></div><div class="cod-ico"><label class="lang">Cash on Delivery Available</label></div></a>
<a categoryid="" class="hit-ss-logger" href="http://www.snapdeal.com/product/kbsh-pink-embroidered-net-saree/1996391739?pos=17;41" ispartialsearch="false" pogid="1996391739" pos="17;41" v="p"><div alt="KBSH Pink Embroidered Net Saree" atl="KBSH Pink Embroidered Net Saree" class="product-image"><img border="0" class="" lazysrc="http://n2.sdlcdn.com/imgs/a/c/6/230x258/SDL405451704_1375185307_image1-742b9.jpg" src="http://n2.sdlcdn.com/imgs/a/c/6/230x258/SDL405451704_1375185307_image1-742b9.jpg" style="opacity: 1; "/></div><div class="product_grid_cont_heading">KBSH Pink Embroidered Net Saree</div><div class="product_grid_cont_price_outer"><div class="product_price no-float"><span class="originalprice no-display">Rs 15995</span>  Rs 15995</div></div><div class="cod-ico"><label class="lang">Cash on Delivery Available</label></div></a>
<a categoryid="" class="hit-ss-logger" href="http://www.snapdeal.com/product/kbsh-orange-border-net-saree/2092361924?pos=18;41" ispartialsearch="false" pogid="2092361924" pos="18;41" v="p"><div alt="KBSH Orange Border Net Saree" atl="KBSH Orange Border Net Saree" class="product-image"><img border="0" class="" lazysrc="http://n3.sdlcdn.com/imgs/a/c/6/230x258/SDL381850016_1375185295_image1-300b2.jpg" src="http://n3.sdlcdn.com/imgs/a/c/6/230x258/SDL381850016_1375185295_image1-300b2.jpg" style="opacity: 1; "/></div><div class="product_grid_cont_heading">KBSH Orange Border Net Saree</div><div class="product_grid_cont_price_outer"><div class="product_price no-float"><span class="originalprice no-display">Rs 15995</span>  Rs 15995</div></div><div class="cod-ico"><label class="lang">Cash on Delivery Available</label></div></a>
<a categoryid="" class="hit-ss-logger" href="http://www.snapdeal.com/product/kbsh-purple-printed-semi-chiffon/229847888?pos=19;41" ispartialsearch="false" pogid="229847888" pos="19;41" v="p"><div alt="KBSH Purple Printed Semi Chiffon Saree" atl="KBSH Purple Printed Semi Chiffon Saree" class="product-image"><img border="0" class="" lazysrc="http://n2.sdlcdn.com/imgs/a/c/6/230x258/SDL394510675_1375185276_image1-d1378.jpg" src="http://n2.sdlcdn.com/imgs/a/c/6/230x258/SDL394510675_1375185276_image1-d1378.jpg" style="opacity: 1; "/></div><div class="product_grid_cont_heading">KBSH Purple Printed Semi Chiffon Saree</div><div class="product_grid_cont_price_outer"><div class="product_price no-float"><span class="originalprice no-display">Rs 9395</span>  Rs 9395</div></div><div class="cod-ico"><label class="lang">Cash on Delivery Available</label></div></a>
<a categoryid="" class="hit-ss-logger" href="http://www.snapdeal.com/product/kbsh-multicoloured-printed-semi-chiffon/1957411402?pos=20;41" ispartialsearch="false" pogid="1957411402" pos="20;41" v="p"><div alt="KBSH Multi-Coloured Printed Semi Chiffon Saree" atl="KBSH Multi-Coloured Printed Semi Chiffon Saree" class="product-image"><img border="0" class="" lazysrc="http://n3.sdlcdn.com/imgs/a/c/6/230x258/SDL391211294_1375185305_image1-21a9d.jpg" src="http://n3.sdlcdn.com/imgs/a/c/6/230x258/SDL391211294_1375185305_image1-21a9d.jpg" style="opacity: 1; "/></div><div class="product_grid_cont_heading">KBSH Multi-Coloured Printed Semi Chiffon Saree</div><div class="product_grid_cont_price_outer"><div class="product_price no-float"><span class="originalprice no-display">Rs 9395</span>  Rs 9395</div></div><div class="cod-ico"><label class="lang">Cash on Delivery Available</label></div></a>
<a categoryid="" class="hit-ss-logger" href="http://www.snapdeal.com/product/kbsh-multicoloured-printed-faux-georgette/195727111?pos=21;41" ispartialsearch="false" pogid="195727111" pos="21;41" v="p"><div alt="KBSH Multi-Coloured Printed Faux Georgette Saree" atl="KBSH Multi-Coloured Printed Faux Georgette Saree" class="product-image"><img border="0" class="" lazysrc="http://n2.sdlcdn.com/imgs/a/c/6/230x258/SDL387557748_1375185319_image1-9f813.jpg" src="http://n2.sdlcdn.com/imgs/a/c/6/230x258/SDL387557748_1375185319_image1-9f813.jpg" style="opacity: 1; "/></div><div class="product_grid_cont_heading">KBSH Multi-Coloured Printed Faux Georgette Saree</div><div class="product_grid_cont_price_outer"><div class="product_price no-float"><span class="originalprice no-display">Rs 12995</span>  Rs 12995</div></div><div class="cod-ico"><label class="lang">Cash on Delivery Available</label></div></a>
<a categoryid="" class="hit-ss-logger" href="http://www.snapdeal.com/product/kbsh-black-printed-faux-georgette/904694180?pos=22;41" ispartialsearch="false" pogid="904694180" pos="22;41" v="p"><div alt="KBSH Black Printed Faux Georgette Saree" atl="KBSH Black Printed Faux Georgette Saree" class="product-image"><img border="0" class="" lazysrc="http://n3.sdlcdn.com/imgs/a/c/6/230x258/SDL358259795_1375185343_image1-29a51.jpg" src="http://n3.sdlcdn.com/imgs/a/c/6/230x258/SDL358259795_1375185343_image1-29a51.jpg" style="opacity: 1; "/></div><div class="product_grid_cont_heading">KBSH Black Printed Faux Georgette Saree</div><div class="product_grid_cont_price_outer"><div class="product_price no-float"><span class="originalprice no-display">Rs 3995</span>  Rs 3995</div></div><div class="cod-ico"><label class="lang">Cash on Delivery Available</label></div></a>
<a categoryid="" class="hit-ss-logger" href="http://www.snapdeal.com/product/kbsh-yellow-printed-faux-georgette/99004536?pos=23;41" ispartialsearch="false" pogid="99004536" pos="23;41" v="p"><div alt="KBSH Yellow Printed Faux Georgette Saree" atl="KBSH Yellow Printed Faux Georgette Saree" class="product-image"><img border="0" class="" lazysrc="http://n2.sdlcdn.com/imgs/a/c/6/230x258/SDL366349079_1375185300_image1-b6b2d.jpg" src="http://n2.sdlcdn.com/imgs/a/c/6/230x258/SDL366349079_1375185300_image1-b6b2d.jpg" style="opacity: 1; "/></div><div class="product_grid_cont_heading">KBSH Yellow Printed Faux Georgette Saree</div><div class="product_grid_cont_price_outer"><div class="product_price no-float"><span class="originalprice no-display">Rs 6995</span>  Rs 6995</div></div><div class="cod-ico"><label class="lang">Cash on Delivery Available</label></div></a>
<a categoryid="" class="hit-ss-logger" href="http://www.snapdeal.com/product/kbsh-black-printed-faux-georgette/552621955?pos=24;41" ispartialsearch="false" pogid="552621955" pos="24;41" v="p"><div alt="KBSH Black Printed Faux Georgette Saree" atl="KBSH Black Printed Faux Georgette Saree" class="product-image"><img border="0" class="" lazysrc="http://n3.sdlcdn.com/imgs/a/c/6/230x258/SDL407736532_1375185320_image1-f08f3.jpg" src="http://n3.sdlcdn.com/imgs/a/c/6/230x258/SDL407736532_1375185320_image1-f08f3.jpg" style="opacity: 1; "/></div><div class="product_grid_cont_heading">KBSH Black Printed Faux Georgette Saree</div><div class="product_grid_cont_price_outer"><div class="product_price no-float"><span class="originalprice no-display">Rs 9995</span>  Rs 9995</div></div><div class="cod-ico"><label class="lang">Cash on Delivery Available</label></div></a>
<a categoryid="" class="hit-ss-logger" href="http://www.snapdeal.com/product/kbsh-green-embroidered-net-saree/630475977?pos=25;41" ispartialsearch="false" pogid="630475977" pos="25;41" v="p"><div alt="KBSH Green Embroidered Net Saree" atl="KBSH Green Embroidered Net Saree" class="product-image"><img border="0" class="" lazysrc="http://n3.sdlcdn.com/imgs/a/c/6/230x258/SDL404780567_1375185304_image1-1dfae.jpg" src="http://n3.sdlcdn.com/imgs/a/c/6/230x258/SDL404780567_1375185304_image1-1dfae.jpg" style="opacity: 1; "/></div><div class="product_grid_cont_heading">KBSH Green Embroidered Net Saree</div><div class="product_grid_cont_price_outer"><div class="product_price no-float"><span class="originalprice no-display">Rs 15995</span>  Rs 15995</div></div><div class="cod-ico"><label class="lang">Cash on Delivery Available</label></div></a>
<a categoryid="" class="hit-ss-logger" href="http://www.snapdeal.com/product/kbsh-blue-embroidered-net-saree/667509688?pos=26;41" ispartialsearch="false" pogid="667509688" pos="26;41" v="p"><div alt="KBSH Blue Embroidered Net Saree" atl="KBSH Blue Embroidered Net Saree" class="product-image"><img border="0" class="" lazysrc="http://n1.sdlcdn.com/imgs/a/c/6/230x258/SDL381141042_1375185279_image1-79adb.jpg" src="http://n1.sdlcdn.com/imgs/a/c/6/230x258/SDL381141042_1375185279_image1-79adb.jpg" style="opacity: 1; "/></div><div class="product_grid_cont_heading">KBSH Blue Embroidered Net Saree</div><div class="product_grid_cont_price_outer"><div class="product_price no-float"><span class="originalprice no-display">Rs 17995</span>  Rs 17995</div></div><div class="cod-ico"><label class="lang">Cash on Delivery Available</label></div></a>
<a categoryid="" class="hit-ss-logger" href="http://www.snapdeal.com/product/kbsh-pink-border-net-saree/698903259?pos=27;41" ispartialsearch="false" pogid="698903259" pos="27;41" v="p"><div alt="KBSH Pink Border Net Saree" atl="KBSH Pink Border Net Saree" class="product-image"><img border="0" class="" lazysrc="http://n3.sdlcdn.com/imgs/a/c/6/230x258/SDL383494100_1375185299_image1-b6977.jpg" src="http://n3.sdlcdn.com/imgs/a/c/6/230x258/SDL383494100_1375185299_image1-b6977.jpg" style="opacity: 1; "/></div><div class="product_grid_cont_heading">KBSH Pink Border Net Saree</div><div class="product_grid_cont_price_outer"><div class="product_price no-float"><span class="originalprice no-display">Rs 15995</span>  Rs 15995</div></div><div class="cod-ico"><label class="lang">Cash on Delivery Available</label></div></a>
<a categoryid="" class="hit-ss-logger" href="http://www.snapdeal.com/product/kbsh-green-border-net-saree/77182154?pos=28;41" ispartialsearch="false" pogid="77182154" pos="28;41" v="p"><div alt="KBSH Green Border Net Saree" atl="KBSH Green Border Net Saree" class="product-image"><img border="0" class="" lazysrc="http://n1.sdlcdn.com/imgs/a/c/6/230x258/SDL381629296_1375185285_image1-c6661.jpg" src="http://n1.sdlcdn.com/imgs/a/c/6/230x258/SDL381629296_1375185285_image1-c6661.jpg" style="opacity: 1; "/></div><div class="product_grid_cont_heading">KBSH Green Border Net Saree</div><div class="product_grid_cont_price_outer"><div class="product_price no-float"><span class="originalprice no-display">Rs 15995</span>  Rs 15995</div></div><div class="cod-ico"><label class="lang">Cash on Delivery Available</label></div></a>
<a categoryid="" class="hit-ss-logger" href="http://www.snapdeal.com/product/kbsh-multicoloured-printed-faux-georgette/747390342?pos=29;41" ispartialsearch="false" pogid="747390342" pos="29;41" v="p"><div alt="KBSH Multi-Coloured Printed Faux Georgette Saree" atl="KBSH Multi-Coloured Printed Faux Georgette Saree" class="product-image"><img border="0" class="" lazysrc="http://n2.sdlcdn.com/imgs/a/c/6/230x258/SDL372634415_1375185315_image1-458a4.jpg" src="http://n2.sdlcdn.com/imgs/a/c/6/230x258/SDL372634415_1375185315_image1-458a4.jpg" style="opacity: 1; "/></div><div class="product_grid_cont_heading">KBSH Multi-Coloured Printed Faux Georgette Saree</div><div class="product_grid_cont_price_outer"><div class="product_price no-float"><span class="originalprice no-display">Rs 6995</span>  Rs 6995</div></div><div class="cod-ico"><label class="lang">Cash on Delivery Available</label></div></a>
<a categoryid="" class="hit-ss-logger" href="http://www.snapdeal.com/product/kbsh-multicoloured-printed-net-saree/1040156549?pos=30;41" ispartialsearch="false" pogid="1040156549" pos="30;41" v="p"><div alt="KBSH Multi-Coloured Printed Net Saree" atl="KBSH Multi-Coloured Printed Net Saree" class="product-image"><img border="0" class="" lazysrc="http://n1.sdlcdn.com/imgs/a/c/6/230x258/SDL359973918_1375185312_image1-bcdd8.jpg" src="http://n1.sdlcdn.com/imgs/a/c/6/230x258/SDL359973918_1375185312_image1-bcdd8.jpg" style="opacity: 1; "/></div><div class="product_grid_cont_heading">KBSH Multi-Coloured Printed Net Saree</div><div class="product_grid_cont_price_outer"><div class="product_price no-float"><span class="originalprice no-display">Rs 3995</span>  Rs 3995</div></div><div class="cod-ico"><label class="lang">Cash on Delivery Available</label></div></a>
<a categoryid="" class="hit-ss-logger" href="http://www.snapdeal.com/product/ksbh-pink-knot-plain-satin/1826720381?pos=31;41" ispartialsearch="false" pogid="1826720381" pos="31;41" v="p"><div alt="KSBH Pink Knot Plain Satin Blouse" atl="KSBH Pink Knot Plain Satin Blouse" class="product-image"><img border="0" src="http://n3.sdlcdn.com/imgs/a/g/9/230x258/SDL030083780_1392184932_image1-54d08.jpg" style="opacity: 1; "/><div class="soldout prod-grid-sold-out-lang"></div></div><div class="product_grid_cont_heading">KSBH Pink Knot Plain Satin Blouse</div><div class="product_grid_cont_price_outer"><div class="product_price no-float"><span class="originalprice no-display">Rs 1995</span>  Rs 1995</div></div><div class="cod-ico"><label class="lang">Cash on Delivery Available</label></div></a>
<a categoryid="" class="hit-ss-logger" href="http://www.snapdeal.com/product/ksbh-yellow-plain-satin-blouse/1675673049?pos=32;41" ispartialsearch="false" pogid="1675673049" pos="32;41" v="p"><div alt="KSBH Yellow Plain Satin Blouse" atl="KSBH Yellow Plain Satin Blouse" class="product-image"><img border="0" class="" lazysrc="http://n2.sdlcdn.com/imgs/a/g/9/230x258/SDL018840346_1392184920_image1-462d6.jpg" src="http://n2.sdlcdn.com/imgs/a/g/9/230x258/SDL018840346_1392184920_image1-462d6.jpg" style="opacity: 1; "/><div class="soldout prod-grid-sold-out-lang"></div></div><div class="product_grid_cont_heading">KSBH Yellow Plain Satin Blouse</div><div class="product_grid_cont_price_outer"><div class="product_price no-float"><span class="originalprice no-display">Rs 2995</span>  Rs 2995</div></div><div class="cod-ico"><label class="lang">Cash on Delivery Available</label></div></a>
<a categoryid="" class="hit-ss-logger" href="http://www.snapdeal.com/product/ksbh-orange-plain-satin-blouse/1291264562?pos=33;41" ispartialsearch="false" pogid="1291264562" pos="33;41" v="p"><div alt="KSBH Orange Plain Satin Blouse" atl="KSBH Orange Plain Satin Blouse" class="product-image"><img border="0" class="" lazysrc="http://n2.sdlcdn.com/imgs/a/g/9/230x258/SDL004669372_1392184913_image1-1cafb.jpg" src="http://n2.sdlcdn.com/imgs/a/g/9/230x258/SDL004669372_1392184913_image1-1cafb.jpg" style="opacity: 1; "/><div class="soldout prod-grid-sold-out-lang"></div></div><div class="product_grid_cont_heading">KSBH Orange Plain Satin Blouse</div><div class="product_grid_cont_price_outer"><div class="product_price no-float"><span class="originalprice no-display">Rs 3995</span>  Rs 3995</div></div><div class="cod-ico"><label class="lang">Cash on Delivery Available</label></div></a>
<a categoryid="" class="hit-ss-logger" href="http://www.snapdeal.com/product/ksbh-blackred-plain-faux-georgette/552037113?pos=34;41" ispartialsearch="false" pogid="552037113" pos="34;41" v="p"><div alt="KSBH Black-Red Plain Faux Georgette Blouse" atl="KSBH Black-Red Plain Faux Georgette Blouse" class="product-image"><img border="0" class="" lazysrc="http://n3.sdlcdn.com/imgs/a/g/9/230x258/SDL005932384_1392184897_image1-f7a2b.jpg" src="http://n3.sdlcdn.com/imgs/a/g/9/230x258/SDL005932384_1392184897_image1-f7a2b.jpg" style="opacity: 1; "/><div class="soldout prod-grid-sold-out-lang"></div></div><div class="product_grid_cont_heading">KSBH Black-Red Plain Faux Georgette Blouse</div><div class="product_grid_cont_price_outer"><div class="product_price no-float"><span class="originalprice no-display">Rs 2495</span>  Rs 2495</div></div><div class="cod-ico"><label class="lang">Cash on Delivery Available</label></div></a>
<a categoryid="" class="hit-ss-logger" href="http://www.snapdeal.com/product/ksbh-beige-gold-dust-faux/1876716998?pos=35;41" ispartialsearch="false" pogid="1876716998" pos="35;41" v="p"><div alt="KSBH Beige Gold Dust Faux Georgette Blouse" atl="KSBH Beige Gold Dust Faux Georgette Blouse" class="product-image"><img border="0" class="" lazysrc="http://n2.sdlcdn.com/imgs/a/g/9/230x258/SDL019171989_1392184928_image1-fb025.jpg" src="http://n2.sdlcdn.com/imgs/a/g/9/230x258/SDL019171989_1392184928_image1-fb025.jpg" style="opacity: 1; "/><div class="soldout prod-grid-sold-out-lang"></div></div><div class="product_grid_cont_heading">KSBH Beige Gold Dust Faux Georgette Blouse</div><div class="product_grid_cont_price_outer"><div class="product_price no-float"><span class="originalprice no-display">Rs 3495</span>  Rs 3495</div></div><div class="cod-ico"><label class="lang">Cash on Delivery Available</label></div></a>
<a categoryid="" class="hit-ss-logger" href="http://www.snapdeal.com/product/kbsh-black-plain-net-blouse/737208105?pos=36;41" ispartialsearch="false" pogid="737208105" pos="36;41" v="p"><div alt="KBSH Black Plain Net Blouse" atl="KBSH Black Plain Net Blouse" class="product-image"><img border="0" class="" lazysrc="http://n4.sdlcdn.com/imgs/a/g/9/230x258/SDL029048209_1392184937_image1-ee35d.jpg" src="http://n4.sdlcdn.com/imgs/a/g/9/230x258/SDL029048209_1392184937_image1-ee35d.jpg" style="opacity: 1; "/><div class="soldout prod-grid-sold-out-lang"></div></div><div class="product_grid_cont_heading">KBSH Black Plain Net Blouse</div><div class="product_grid_cont_price_outer"><div class="product_price no-float"><span class="originalprice no-display">Rs 1995</span>  Rs 1995</div></div><div class="cod-ico"><label class="lang">Cash on Delivery Available</label></div></a>
<a categoryid="" class="hit-ss-logger" href="http://www.snapdeal.com/product/kbsh-green-plain-net-blouse/2075035823?pos=37;41" ispartialsearch="false" pogid="2075035823" pos="37;41" v="p"><div alt="KBSH Green Plain Net Blouse" atl="KBSH Green Plain Net Blouse" class="product-image"><img border="0" class="" lazysrc="http://n3.sdlcdn.com/imgs/a/g/9/230x258/SDL004284879_1392184893_image1-9b236.jpg" src="http://n3.sdlcdn.com/imgs/a/g/9/230x258/SDL004284879_1392184893_image1-9b236.jpg" style="opacity: 1; "/><div class="soldout prod-grid-sold-out-lang"></div></div><div class="product_grid_cont_heading">KBSH Green Plain Net Blouse</div><div class="product_grid_cont_price_outer"><div class="product_price no-float"><span class="originalprice no-display">Rs 1995</span>  Rs 1995</div></div><div class="cod-ico"><label class="lang">Cash on Delivery Available</label></div></a>
<a categoryid="" class="hit-ss-logger" href="http://www.snapdeal.com/product/ksbh-black-knot-satin-blouse/1070440632?pos=38;41" ispartialsearch="false" pogid="1070440632" pos="38;41" v="p"><div alt="KSBH Black Knot Satin Blouse" atl="KSBH Black Knot Satin Blouse" class="product-image"><img border="0" class="" lazysrc="http://n4.sdlcdn.com/imgs/a/g/9/230x258/SDL009247261_1392184908_image1-a6a2e.jpg" src="http://n4.sdlcdn.com/imgs/a/g/9/230x258/SDL009247261_1392184908_image1-a6a2e.jpg" style="opacity: 1; "/><div class="soldout prod-grid-sold-out-lang"></div></div><div class="product_grid_cont_heading">KSBH Black Knot Satin Blouse</div><div class="product_grid_cont_price_outer"><div class="product_price no-float"><span class="originalprice no-display">Rs 1995</span>  Rs 1995</div></div><div class="cod-ico"><label class="lang">Cash on Delivery Available</label></div></a>
<a categoryid="" class="hit-ss-logger" href="http://www.snapdeal.com/product/ksbh-red-plain-satin-blouse/1507346859?pos=39;41" ispartialsearch="false" pogid="1507346859" pos="39;41" v="p"><div alt="KSBH Red Plain Satin Blouse" atl="KSBH Red Plain Satin Blouse" class="product-image"><img border="0" class="" lazysrc="http://n1.sdlcdn.com/imgs/a/g/9/230x258/SDL031118889_1392184898_image1-e9866.jpg" src="http://n1.sdlcdn.com/imgs/a/g/9/230x258/SDL031118889_1392184898_image1-e9866.jpg" style="opacity: 1; "/><div class="soldout prod-grid-sold-out-lang"></div></div><div class="product_grid_cont_heading">KSBH Red Plain Satin Blouse</div><div class="product_grid_cont_price_outer"><div class="product_price no-float"><span class="originalprice no-display">Rs 2995</span>  Rs 2995</div></div><div class="cod-ico"><label class="lang">Cash on Delivery Available</label></div></a>
<a categoryid="" class="hit-ss-logger" href="http://www.snapdeal.com/product/ksbh-beige-plain-faux-georgette/280723176?pos=40;41" ispartialsearch="false" pogid="280723176" pos="40;41" v="p"><div alt="KSBH Beige Plain Faux Georgette Blouse" atl="KSBH Beige Plain Faux Georgette Blouse" class="product-image"><img border="0" class="" lazysrc="http://n2.sdlcdn.com/imgs/a/g/9/230x258/SDL249412950_1392184917_image1-b38cf.jpg" src="http://n2.sdlcdn.com/imgs/a/g/9/230x258/SDL249412950_1392184917_image1-b38cf.jpg" style="opacity: 1; "/><div class="soldout prod-grid-sold-out-lang"></div></div><div class="product_grid_cont_heading">KSBH Beige Plain Faux Georgette Blouse</div><div class="product_grid_cont_price_outer"><div class="product_price no-float"><span class="originalprice no-display">Rs 3495</span>  Rs 3495</div></div><div class="cod-ico"><label class="lang">Cash on Delivery Available</label></div></a>
