<a categoryid="160" class="hit-ss-logger" href="http://www.snapdeal.com/product/caperlan-axion30fd-fishing-reels/579962823?pos=0;102" ispartialsearch="false" pogid="579962823" pos="0;102" v="p">
<div atl="Caperlan Axion-30-Fd Fishing  Reels 8206212" class="product-image">
<img border="0" class="lazy-effect" src="http://n3.sdlcdn.com/imgs/a/d/n/166x194/SDL777299914_1378879676_image1-5a3fb.jpg" style="opacity: 1; "/>
</div>
<div class="product_grid_cont_heading">
				Caperlan Axion-30-Fd Fishing  Reels 8206212</div>
<div class="ratingStarsSmall ratingStarsBelowTitle" pos="4.7" style="background-position: 0px -162px; "><span>(3)</span></div>
<script type="text/javascript">
						var ratingState = true;
					</script>
<div class="product_grid_cont_price_outer">
<div class="product_price ">
<span class="originalprice ">Rs
									999</span> Rs 807
							</div>
<div class="product_discount_outer ">
<div class="product_discount">
									19%
								</div>
</div>
</div>
<div class="cod-ico"><label class="lang">Cash on Delivery Available</label></div>
</a>
<a categoryid="160" class="hit-ss-logger" href="http://www.snapdeal.com/product/caperlan-viper-4-silver-fishing/151910?pos=1;102" ispartialsearch="false" pogid="151910" pos="1;102" v="p">
<div atl="Caperlan Viper 4 Silver Fishing  Spinner 5625546" class="product-image">
<img border="0" class="lazy-effect" src="http://n2.sdlcdn.com/imgs/a/a/0/166x194/564826_Caperlan_Three6_M_1_2x-0ba06.jpg" style="opacity: 1; "/>
</div>
<div class="product_grid_cont_heading">
				Caperlan Viper 4 Silver Fishing  Spinner 5625546</div>
<div class="ratingStarsSmall ratingStarsBelowTitle" pos="3.8" style="background-position: 0px -144px; "><span>(4)</span></div>
<script type="text/javascript">
						var ratingState = true;
					</script>
<div class="product_grid_cont_price_outer">
<div class="product_price no-float">
<span class="originalprice no-display">Rs
									299</span> Rs 299
							</div>
<div class="product_discount_outer no-display">
<div class="product_discount">
									0%
								</div>
</div>
</div>
<div class="cod-ico"><label class="lang">Cash on Delivery Available</label></div>
</a>
<a categoryid="160" class="hit-ss-logger" href="http://www.snapdeal.com/product/caperlan-ag-classic-fishing-plugs/155648?pos=2;102" ispartialsearch="false" pogid="155648" pos="2;102" v="p">
<div atl="Caperlan Ag Classic Fishing Plugs" class="product-image">
<img border="0" class="lazy-effect" src="http://n3.sdlcdn.com/imgs/a/a/0/166x194/570561_Caperlan_Three6_Green_M_1_2x-527f7.jpg" style="opacity: 1; "/>
</div>
<div class="product_grid_cont_heading">
				Caperlan Ag Classic Fishing Plugs</div>
<div class="product_grid_cont_price_outer">
<div class="product_price ">
<span class="originalprice ">Rs
									299</span> Rs 252
							</div>
<div class="product_discount_outer ">
<div class="product_discount">
									16%
								</div>
</div>
</div>
<div class="cod-ico"><label class="lang">Cash on Delivery Available</label></div>
</a>
<a categoryid="160" class="hit-ss-logger" href="http://www.snapdeal.com/product/caperlan-barn-hot-tiger-fishing/210180156?pos=3;102" ispartialsearch="false" pogid="210180156" pos="3;102" v="p">
<div atl="Caperlan BARN HOT TIGER Fishing ACCESSORIES 8237118" class="product-image">
<img border="0" class="lazy-effect" src="http://n2.sdlcdn.com/imgs/a/g/8/166x194/SDL378825636_1391773697_image1-3610e.jpg" style="opacity: 1; "/>
</div>
<div class="product_grid_cont_heading">
				Caperlan BARN HOT TIGER Fishing ACCESSORIES 8237118</div>
<div class="product_grid_cont_price_outer">
<div class="product_price ">
<span class="originalprice ">Rs
									499</span> Rs 357
							</div>
<div class="product_discount_outer ">
<div class="product_discount">
									28%
								</div>
</div>
</div>
<div class="cod-ico"><label class="lang">Cash on Delivery Available</label></div>
</a>
<a categoryid="160" class="hit-ss-logger" href="http://www.snapdeal.com/product/caperlan-fishing-line-300m-fishing/2090637791?pos=4;102" ispartialsearch="false" pogid="2090637791" pos="4;102" v="p">
<div atl="Caperlan FISHING LINE 300M Fishing ACCESSORIES 8167791" class="product-image">
<img border="0" class="lazy-effect" src="http://n2.sdlcdn.com/imgs/a/g/8/166x194/SDL295238418_1391773684_image1-26287.jpg" style="opacity: 1; "/>
</div>
<div class="product_grid_cont_heading">
				Caperlan FISHING LINE 300M Fishing ACCESSORIES 8167791</div>
<div class="product_grid_cont_price_outer">
<div class="product_price ">
<span class="originalprice ">Rs
									599</span> Rs 413
							</div>
<div class="product_discount_outer ">
<div class="product_discount">
									31%
								</div>
</div>
</div>
<div class="cod-ico"><label class="lang">Cash on Delivery Available</label></div>
</a>
<a categoryid="160" class="hit-ss-logger" href="http://www.snapdeal.com/product/caperlan-essential-float-kit-fishing/1032806866?pos=5;102" ispartialsearch="false" pogid="1032806866" pos="5;102" v="p">
<div atl="Caperlan ESSENTIAL FLOAT KIT Fishing KIT 8207431" class="product-image">
<img border="0" class="lazy-effect" src="http://n2.sdlcdn.com/imgs/a/g/8/166x194/SDL262331730_1391773719_image1-7e6d7.jpg" style="opacity: 1; "/>
</div>
<div class="product_grid_cont_heading">
				Caperlan ESSENTIAL FLOAT KIT Fishing KIT 8207431</div>
<div class="product_grid_cont_price_outer">
<div class="product_price ">
<span class="originalprice ">Rs
									1899</span> Rs 1237
							</div>
<div class="product_discount_outer ">
<div class="product_discount">
									35%
								</div>
</div>
</div>
<div class="cod-ico"><label class="lang">Cash on Delivery Available</label></div>
</a>
<a categoryid="160" class="hit-ss-logger" href="http://www.snapdeal.com/product/caperlan-predator-fishing-kit-fishing/117267924?pos=6;102" ispartialsearch="false" pogid="117267924" pos="6;102" v="p">
<div atl="Caperlan PREDATOR FISHING KIT Fishing KIT 8207423" class="product-image">
<img border="0" class="lazy-effect" src="http://n4.sdlcdn.com/imgs/a/g/8/166x194/SDL299516849_1391773946_image1-b61df.jpg" style="opacity: 1; "/>
</div>
<div class="product_grid_cont_heading">
				Caperlan PREDATOR FISHING KIT Fishing KIT 8207423</div>
<div class="product_grid_cont_price_outer">
<div class="product_price ">
<span class="originalprice ">Rs
									1799</span> Rs 1353
							</div>
<div class="product_discount_outer ">
<div class="product_discount">
									25%
								</div>
</div>
</div>
<div class="cod-ico"><label class="lang">Cash on Delivery Available</label></div>
</a>
<a categoryid="160" class="hit-ss-logger" href="http://www.snapdeal.com/product/caperlan-fishing-troutmatchclassic360-rods/1154262795?pos=7;102" ispartialsearch="false" pogid="1154262795" pos="7;102" v="p">
<div atl="Caperlan Fishing  Trout-Match-Classic-360 Rods 8014632" class="product-image">
<img border="0" class="lazy-effect" src="http://n4.sdlcdn.com/imgs/a/d/b/166x194/SDL058631996_1376633884_image1-feee4.jpg" style="opacity: 1; "/>
</div>
<div class="product_grid_cont_heading">
				Caperlan Fishing  Trout-Match-Classic-360 Rods 8014632</div>
<div class="ratingStarsSmall ratingStarsBelowTitle" pos="5.0" style="background-position: 0px -180px; "><span>(1)</span></div>
<script type="text/javascript">
						var ratingState = true;
					</script>
<div class="product_grid_cont_price_outer">
<div class="product_price ">
<span class="originalprice ">Rs
									3199</span> Rs 2701
							</div>
<div class="product_discount_outer ">
<div class="product_discount">
									16%
								</div>
</div>
</div>
<div class="cod-ico"><label class="lang">Cash on Delivery Available</label></div>
</a>
<a categoryid="160" class="hit-ss-logger" href="http://www.snapdeal.com/product/caperlan-luretpower240-fishing-rods/1371811636?pos=8;102" ispartialsearch="false" pogid="1371811636" pos="8;102" v="p">
<div atl="Caperlan Lure-T-Power-240 Fishing  Rods 8044464" class="product-image">
<img border="0" class="lazy-effect" src="http://n4.sdlcdn.com/imgs/a/d/n/166x194/SDL443300518_1378879814_image1-47ec4.jpg" style="opacity: 1; "/>
</div>
<div class="product_grid_cont_heading">
				Caperlan Lure-T-Power-240 Fishing  Rods 8044464</div>
<div class="ratingStarsSmall ratingStarsBelowTitle" pos="5.0" style="background-position: 0px -180px; "><span>(1)</span></div>
<script type="text/javascript">
						var ratingState = true;
					</script>
<div class="product_grid_cont_price_outer">
<div class="product_price no-float">
<span class="originalprice no-display">Rs
									1999</span> Rs 1999
							</div>
<div class="product_discount_outer no-display">
<div class="product_discount">
									0%
								</div>
</div>
</div>
<div class="cod-ico"><label class="lang">Cash on Delivery Available</label></div>
</a>
<a categoryid="160" class="hit-ss-logger" href="http://www.snapdeal.com/product/kipsta-fishing-minisunny300/163044022?pos=9;102" ispartialsearch="false" pogid="163044022" pos="9;102" v="p">
<div atl="Kipsta Fishing Mini-Sunny-300 8240148" class="product-image">
<img border="0" class="lazy-effect" src="http://n4.sdlcdn.com/imgs/a/b/v/166x194/SDL014265201_1372769612_image1-c3dc7.jpg" style="opacity: 1; "/>
</div>
<div class="product_grid_cont_heading">
				Kipsta Fishing Mini-Sunny-300 8240148</div>
<div class="product_grid_cont_price_outer">
<div class="product_price ">
<span class="originalprice ">Rs
									199</span> Rs 184
							</div>
<div class="product_discount_outer ">
<div class="product_discount">
									8%
								</div>
</div>
</div>
<div class="cod-ico"><label class="lang">Cash on Delivery Available</label></div>
</a>
<a categoryid="160" class="hit-ss-logger" href="http://www.snapdeal.com/product/caperlan-viper-1-rainbow/151866?pos=10;102" ispartialsearch="false" pogid="151866" pos="10;102" v="p">
<div atl="Caperlan Viper 1 Rainbow 5625716" class="product-image">
<img border="0" class="lazy-effect" src="http://n2.sdlcdn.com/imgs/a/a/0/166x194/564963_Caperlan_Three6_M_1_2x-f2414.jpg" style="opacity: 1; "/>
</div>
<div class="product_grid_cont_heading">
				Caperlan Viper 1 Rainbow 5625716</div>
<div class="product_grid_cont_price_outer">
<div class="product_price ">
<span class="originalprice ">Rs
									299</span> Rs 271
							</div>
<div class="product_discount_outer ">
<div class="product_discount">
									9%
								</div>
</div>
</div>
<div class="cod-ico"><label class="lang">Cash on Delivery Available</label></div>
</a>
<a categoryid="160" class="hit-ss-logger" href="http://www.snapdeal.com/product/caperlan-ag-classic-fishing-spinner/151902?pos=11;102" ispartialsearch="false" pogid="151902" pos="11;102" v="p">
<div atl="Caperlan Ag Classic Fishing  Spinner 3000631" class="product-image">
<img border="0" class="lazy-effect" src="http://n2.sdlcdn.com/imgs/a/a/0/166x194/88404_Caperlan_Three6_M_1_2x-82e25.jpg" style="opacity: 1; "/>
</div>
<div class="product_grid_cont_heading">
				Caperlan Ag Classic Fishing  Spinner 3000631</div>
<div class="product_grid_cont_price_outer">
<div class="product_price no-float">
<span class="originalprice no-display">Rs
									399</span> Rs 399
							</div>
<div class="product_discount_outer no-display">
<div class="product_discount">
									0%
								</div>
</div>
</div>
<div class="cod-ico"><label class="lang">Cash on Delivery Available</label></div>
</a>
<a categoryid="160" class="hit-ss-logger" href="http://www.snapdeal.com/product/caperlan-boat-c-240-fishing/151876?pos=12;102" ispartialsearch="false" pogid="151876" pos="12;102" v="p">
<div atl="Caperlan Boat C 240 Fishing Rod 8164748" class="product-image">
<img border="0" class="lazy-effect" src="http://n4.sdlcdn.com/imgs/a/a/0/166x194/1305713_Caperlan_Three6_M_1_2x-f3a0d.jpg" style="opacity: 1; "/>
</div>
<div class="product_grid_cont_heading">
				Caperlan Boat C 240 Fishing Rod 8164748</div>
<div class="product_grid_cont_price_outer">
<div class="product_price ">
<span class="originalprice ">Rs
									2499</span> Rs 1616
							</div>
<div class="product_discount_outer ">
<div class="product_discount">
									35%
								</div>
</div>
</div>
<div class="cod-ico"><label class="lang">Cash on Delivery Available</label></div>
</a>
<a categoryid="160" class="hit-ss-logger" href="http://www.snapdeal.com/product/caperlan-advant-power-50-fishing/1541599588?pos=13;102" ispartialsearch="false" pogid="1541599588" pos="13;102" v="p">
<div atl="Caperlan ADVANT POWER 50 Fishing REELS 8206209" class="product-image">
<img border="0" class="lazy-effect" src="http://n4.sdlcdn.com/imgs/a/g/8/166x194/SDL678202634_1391774493_image1-90a44.jpg" style="opacity: 1; "/>
</div>
<div class="product_grid_cont_heading">
				Caperlan ADVANT POWER 50 Fishing REELS 8206209</div>
<div class="product_grid_cont_price_outer">
<div class="product_price ">
<span class="originalprice ">Rs
									3299</span> Rs 3281
							</div>
<div class="product_discount_outer ">
<div class="product_discount">
									1%
								</div>
</div>
</div>
<div class="cod-ico"><label class="lang">Cash on Delivery Available</label></div>
</a>
<a categoryid="160" class="hit-ss-logger" href="http://www.snapdeal.com/product/caperlan-hiking-axion270-rods/1540111623?pos=14;102" ispartialsearch="false" pogid="1540111623" pos="14;102" v="p">
<div atl="Caperlan Hiking Axion-270 Rods 8203051" class="product-image">
<img border="0" class="lazy-effect" src="http://n2.sdlcdn.com/imgs/a/b/v/166x194/SDL016210042_1372769631_image1-e1ab3.jpg" style="opacity: 1; "/>
</div>
<div class="product_grid_cont_heading">
				Caperlan Hiking Axion-270 Rods 8203051</div>
<div class="product_grid_cont_price_outer">
<div class="product_price ">
<span class="originalprice ">Rs
									4199</span> Rs 3528
							</div>
<div class="product_discount_outer ">
<div class="product_discount">
									16%
								</div>
</div>
</div>
</a>
<a categoryid="160" class="hit-ss-logger" href="http://www.snapdeal.com/product/geonaute-comfort-knee-s100/151847?pos=15;102" ispartialsearch="false" pogid="151847" pos="15;102" v="p">
<div atl="Geonaute Comfort Knee S100 8162309" class="product-image">
<img border="0" class="lazy-effect" src="http://n2.sdlcdn.com/imgs/a/a/0/166x194/1297301_Geonaute_Three6_M_1_2x-e9b09.jpg" style="opacity: 1; "/>
</div>
<div class="product_grid_cont_heading">
				Geonaute Comfort Knee S100 8162309</div>
<div class="ratingStarsSmall ratingStarsBelowTitle" pos="3.3" style="background-position: 0px -126px; "><span>(3)</span></div>
<script type="text/javascript">
						var ratingState = true;
					</script>
<div class="product_grid_cont_price_outer">
<div class="product_price ">
<span class="originalprice ">Rs
									399</span> Rs 291
							</div>
<div class="product_discount_outer ">
<div class="product_discount">
									27%
								</div>
</div>
</div>
<div class="cod-ico"><label class="lang">Cash on Delivery Available</label></div>
</a>
<a categoryid="160" class="hit-ss-logger" href="http://www.snapdeal.com/product/caperlan-sipsey-7-green-fishing/167590946?pos=16;102" ispartialsearch="false" pogid="167590946" pos="16;102" v="p">
<div atl="Caperlan SIPSEY 7 GREEN Fishing ACCESSORIES 8218106" class="product-image">
<img border="0" class="lazy-effect" src="http://n3.sdlcdn.com/imgs/a/g/8/166x194/SDL420403543_1391774338_image1-b0547.jpg" style="opacity: 1; "/>
</div>
<div class="product_grid_cont_heading">
				Caperlan SIPSEY 7 GREEN Fishing ACCESSORIES 8218106</div>
<div class="product_grid_cont_price_outer">
<div class="product_price ">
<span class="originalprice ">Rs
									399</span> Rs 301
							</div>
<div class="product_discount_outer ">
<div class="product_discount">
									25%
								</div>
</div>
</div>
<div class="cod-ico"><label class="lang">Cash on Delivery Available</label></div>
</a>
<a categoryid="160" class="hit-ss-logger" href="http://www.snapdeal.com/product/caperlan-minnowspoon-fishing-spinners/1652709690?pos=17;102" ispartialsearch="false" pogid="1652709690" pos="17;102" v="p">
<div atl="Caperlan Minnow-Spoon Fishing  Spinners 8026813" class="product-image">
<img border="0" class="lazy-effect" src="http://n3.sdlcdn.com/imgs/a/d/n/166x194/SDL438500989_1378879556_image1-31b50.jpg" style="opacity: 1; "/>
</div>
<div class="product_grid_cont_heading">
				Caperlan Minnow-Spoon Fishing  Spinners 8026813</div>
<div class="ratingStarsSmall ratingStarsBelowTitle" pos="2.7" style="background-position: 0px -90px; "><span>(3)</span></div>
<script type="text/javascript">
						var ratingState = true;
					</script>
<div class="product_grid_cont_price_outer">
<div class="product_price no-float">
<span class="originalprice no-display">Rs
									329</span> Rs 329
							</div>
<div class="product_discount_outer no-display">
<div class="product_discount">
									0%
								</div>
</div>
</div>
<div class="cod-ico"><label class="lang">Cash on Delivery Available</label></div>
</a>
<a categoryid="160" class="hit-ss-logger" href="http://www.snapdeal.com/product/caperlan-fishing-trandc-accessories/1502461531?pos=18;102" ispartialsearch="false" pogid="1502461531" pos="18;102" v="p">
<div atl="Caperlan Fishing Trand-C  Accessories 6148101" class="product-image">
<img border="0" class="lazy-effect" src="http://n1.sdlcdn.com/imgs/a/c/9/166x194/SDL448198853_1375879207_image1-4c923.jpg" style="opacity: 1; "/>
</div>
<div class="product_grid_cont_heading">
				Caperlan Fishing Trand-C  Accessories 6148101</div>
<div class="product_grid_cont_price_outer">
<div class="product_price ">
<span class="originalprice ">Rs
									3299</span> Rs 2890
							</div>
<div class="product_discount_outer ">
<div class="product_discount">
									12%
								</div>
</div>
</div>
<div class="cod-ico"><label class="lang">Cash on Delivery Available</label></div>
</a>
<a categoryid="160" class="hit-ss-logger" href="http://www.snapdeal.com/product/coleman-emergency-blanket-pack-of/1496006?pos=19;102" ispartialsearch="false" pogid="1496006" pos="19;102" v="p">
<div atl="Coleman Emergency Blanket (Pack of 2)" class="product-image">
<img border="0" class="lazy-effect" src="http://n1.sdlcdn.com/imgs/a/b/x/166x194/SDL452647376_1372652458_image1-cf394.jpg" style="opacity: 1; "/>
</div>
<div class="product_grid_cont_heading">
				Coleman Emergency Blanket (Pack of 2)</div>
<div class="product_grid_cont_price_outer">
<div class="product_price no-float">
<span class="originalprice no-display">Rs
									400</span> Rs 400
							</div>
<div class="product_discount_outer no-display">
<div class="product_discount">
									0%
								</div>
</div>
</div>
<div class="cod-ico"><label class="lang">Cash on Delivery Available</label></div>
</a>
<a categoryid="159" class="hit-ss-logger" href="http://www.snapdeal.com/product/caperlan-fishing-carpleverchair/1458147?pos=20;102" ispartialsearch="false" pogid="1458147" pos="20;102" v="p"><div alt="Caperlan Fishing Carp-Leverchair 8239231" atl="Caperlan Fishing Carp-Leverchair 8239231" class="product-image"><img border="0" class="" lazysrc="http://n2.sdlcdn.com/imgs/a/d/i/166x194/SDL775349814_1371127001_image1-0a172.jpg" src="http://n2.sdlcdn.com/imgs/a/d/i/166x194/SDL775349814_1371127001_image1-0a172.jpg" style="opacity: 1; "/></div><div class="product_grid_cont_heading">Caperlan Fishing Carp-Leverchair 8239231</div><div class="product_grid_cont_price_outer"><div class="product_price "><span class="originalprice ">Rs 3199</span>  Rs 2746</div><div class="product_discount_outer"><div class="product_discount">14%</div></div></div></a>
<a categoryid="159" class="hit-ss-logger" href="http://www.snapdeal.com/product/caperlan-fishing-axion270/1458157?pos=21;102" ispartialsearch="false" pogid="1458157" pos="21;102" v="p"><div alt="Caperlan Fishing Axion-270 8203051" atl="Caperlan Fishing Axion-270 8203051" class="product-image"><img border="0" src="http://n2.sdlcdn.com/imgs/a/d/i/166x194/SDL776090540_1371127021_image1-2d2c4.jpg" style="opacity: 1; "/></div><div class="product_grid_cont_heading">Caperlan Fishing Axion-270 8203051</div><div class="product_grid_cont_price_outer"><div class="product_price "><span class="originalprice ">Rs 4199</span>  Rs 3528</div><div class="product_discount_outer"><div class="product_discount">16%</div></div></div></a>
<a categoryid="159" class="hit-ss-logger" href="http://www.snapdeal.com/product/caperlan-fishing-bigrunner-t40-reel/1458132?pos=22;102" ispartialsearch="false" pogid="1458132" pos="22;102" v="p"><div alt="Caperlan Fishing Bigrunner T40  Reel 8206215" atl="Caperlan Fishing Bigrunner T40  Reel 8206215" class="product-image"><img border="0" class="" lazysrc="http://n2.sdlcdn.com/imgs/a/d/i/166x194/SDL775591500_1371126973_image1-8a277.jpg" src="http://n2.sdlcdn.com/imgs/a/d/i/166x194/SDL775591500_1371126973_image1-8a277.jpg" style="opacity: 1; "/></div><div class="product_grid_cont_heading">Caperlan Fishing Bigrunner T40  Reel 8206215</div><div class="product_grid_cont_price_outer"><div class="product_price "><span class="originalprice ">Rs 2699</span>  Rs 2136</div><div class="product_discount_outer"><div class="product_discount">21%</div></div></div></a>
<a categoryid="159" class="hit-ss-logger" href="http://www.snapdeal.com/product/caperlan-fishing-axion210/1458133?pos=23;102" ispartialsearch="false" pogid="1458133" pos="23;102" v="p"><div alt="Caperlan Fishing Axion-210 8203049" atl="Caperlan Fishing Axion-210 8203049" class="product-image"><img border="0" class="" lazysrc="http://n3.sdlcdn.com/imgs/a/d/i/166x194/SDL775809550_1371126965_image1-9ad4d.jpg" src="http://n3.sdlcdn.com/imgs/a/d/i/166x194/SDL775809550_1371126965_image1-9ad4d.jpg" style="opacity: 1; "/></div><div class="product_grid_cont_heading">Caperlan Fishing Axion-210 8203049</div><div class="product_grid_cont_price_outer"><div class="product_price "><span class="originalprice ">Rs 3199</span>  Rs 2628</div><div class="product_discount_outer"><div class="product_discount">18%</div></div></div></a>
<a categoryid="159" class="hit-ss-logger" href="http://www.snapdeal.com/product/caperlan-fishing-axion240/1458078?pos=24;102" ispartialsearch="false" pogid="1458078" pos="24;102" v="p"><div alt="Caperlan Fishing Axion-240 8203050" atl="Caperlan Fishing Axion-240 8203050" class="product-image"><img border="0" class="" lazysrc="http://n4.sdlcdn.com/imgs/a/d/i/166x194/SDL776041380_1371126942_image1-96d90.jpg" src="http://n4.sdlcdn.com/imgs/a/d/i/166x194/SDL776041380_1371126942_image1-96d90.jpg" style="opacity: 1; "/></div><div class="product_grid_cont_heading">Caperlan Fishing Axion-240 8203050</div><div class="product_grid_cont_price_outer"><div class="product_price "><span class="originalprice ">Rs 3299</span>  Rs 2790</div><div class="product_discount_outer"><div class="product_discount">15%</div></div></div></a>
<a categoryid="159" class="hit-ss-logger" href="http://www.snapdeal.com/product/caperlan-boite-6-zig-zag/1470581433?pos=25;102" ispartialsearch="false" pogid="1470581433" pos="25;102" v="p"><div alt="Caperlan BOITE 6 ZIG ZAG Fishing ACCESSORIES 4451858" atl="Caperlan BOITE 6 ZIG ZAG Fishing ACCESSORIES 4451858" class="product-image"><img border="0" class="" lazysrc="http://n3.sdlcdn.com/imgs/a/g/8/166x194/SDL676928961_1391773210_image1-34d35.jpg" src="http://n3.sdlcdn.com/imgs/a/g/8/166x194/SDL676928961_1391773210_image1-34d35.jpg" style="opacity: 1; "/></div><div class="product_grid_cont_heading">Caperlan BOITE 6 ZIG ZAG Fishing ACCESSORIES 4451858</div><div class="product_grid_cont_price_outer"><div class="product_price "><span class="originalprice ">Rs 599</span>  Rs 357</div><div class="product_discount_outer"><div class="product_discount">40%</div></div></div><div class="cod-ico"><label class="lang">Cash on Delivery Available</label></div></a>
<a categoryid="159" class="hit-ss-logger" href="http://www.snapdeal.com/product/caperlan-fishing-tank25mbraided-accessories/1434840678?pos=26;102" ispartialsearch="false" pogid="1434840678" pos="26;102" v="p"><div alt="Caperlan Fishing  Tank-25M-Braided Accessories 8049478" atl="Caperlan Fishing  Tank-25M-Braided Accessories 8049478" class="product-image"><img border="0" class="" lazysrc="http://n3.sdlcdn.com/imgs/a/c/9/166x194/SDL452260168_1375879221_image1-291a6.jpg" src="http://n3.sdlcdn.com/imgs/a/c/9/166x194/SDL452260168_1375879221_image1-291a6.jpg" style="opacity: 1; "/></div><div class="product_grid_cont_heading">Caperlan Fishing  Tank-25M-Braided Accessories 8049478</div><div class="product_grid_cont_price_outer"><div class="product_price "><span class="originalprice ">Rs 1199</span>  Rs 992</div><div class="product_discount_outer"><div class="product_discount">17%</div></div></div><div class="cod-ico"><label class="lang">Cash on Delivery Available</label></div></a>
<a categoryid="159" class="hit-ss-logger" href="http://www.snapdeal.com/product/caperlan-fishing-carpleverchair-foldable-seats/1166021271?pos=27;102" ispartialsearch="false" pogid="1166021271" pos="27;102" v="p"><div alt="Caperlan Fishing Carp-Leverchair  (Foldable Seats) 8239231" atl="Caperlan Fishing Carp-Leverchair  (Foldable Seats) 8239231" class="product-image"><img border="0" class="" lazysrc="http://n3.sdlcdn.com/imgs/a/b/v/166x194/SDL014559394_1372769635_image1-9ac19.jpg" src="http://n3.sdlcdn.com/imgs/a/b/v/166x194/SDL014559394_1372769635_image1-9ac19.jpg" style="opacity: 1; "/></div><div class="product_grid_cont_heading">Caperlan Fishing Carp-Leverchair  (Foldable Seats) 8239231</div><div class="product_grid_cont_price_outer"><div class="product_price "><span class="originalprice ">Rs 3199</span>  Rs 2746</div><div class="product_discount_outer"><div class="product_discount">14%</div></div></div></a>
<a categoryid="159" class="hit-ss-logger" href="http://www.snapdeal.com/product/caperlan-carp-plaid-fishing-accessories/1167841047?pos=28;102" ispartialsearch="false" pogid="1167841047" pos="28;102" v="p"><div alt="Caperlan CARP PLAID Fishing ACCESSORIES 8239237" atl="Caperlan CARP PLAID Fishing ACCESSORIES 8239237" class="product-image"><img border="0" class="" lazysrc="http://n4.sdlcdn.com/imgs/a/g/8/166x194/SDL120786643_1391774418_image1-7d810.jpg" src="http://n4.sdlcdn.com/imgs/a/g/8/166x194/SDL120786643_1391774418_image1-7d810.jpg" style="opacity: 1; "/></div><div class="product_grid_cont_heading">Caperlan CARP PLAID Fishing ACCESSORIES 8239237</div><div class="product_grid_cont_price_outer"><div class="product_price "><span class="originalprice ">Rs 1699</span>  Rs 1681</div><div class="product_discount_outer"><div class="product_discount">1%</div></div></div><div class="cod-ico"><label class="lang">Cash on Delivery Available</label></div></a>
<a categoryid="159" class="hit-ss-logger" href="http://www.snapdeal.com/product/caperlan-cmclassic2-fishing-spinners/129677876?pos=29;102" ispartialsearch="false" pogid="129677876" pos="29;102" v="p"><div alt="Caperlan Cm-Classic-2 Fishing  Spinners 3000623" atl="Caperlan Cm-Classic-2 Fishing  Spinners 3000623" class="product-image"><img border="0" class="" lazysrc="http://n2.sdlcdn.com/imgs/a/d/n/166x194/SDL418300677_1378879847_image1-78aa6.jpg" src="http://n2.sdlcdn.com/imgs/a/d/n/166x194/SDL418300677_1378879847_image1-78aa6.jpg" style="opacity: 1; "/></div><div class="product_grid_cont_heading">Caperlan Cm-Classic-2 Fishing  Spinners 3000623</div><div class="product_grid_cont_price_outer"><div class="product_price "><span class="originalprice ">Rs 499</span>  Rs 461</div><div class="product_discount_outer"><div class="product_discount">8%</div></div></div><div class="cod-ico"><label class="lang">Cash on Delivery Available</label></div></a>
<a categoryid="159" class="hit-ss-logger" href="http://www.snapdeal.com/product/caperlan-aluminium-landing-net-fishing/1153664551?pos=30;102" ispartialsearch="false" pogid="1153664551" pos="30;102" v="p"><div alt="Caperlan ALUMINIUM LANDING NET Fishing ACCESSORIES 5553251" atl="Caperlan ALUMINIUM LANDING NET Fishing ACCESSORIES 5553251" class="product-image"><img border="0" class="" lazysrc="http://n3.sdlcdn.com/imgs/a/g/8/166x194/SDL540194919_1391774006_image1-0d148.jpg" src="http://n3.sdlcdn.com/imgs/a/g/8/166x194/SDL540194919_1391774006_image1-0d148.jpg" style="opacity: 1; "/></div><div class="product_grid_cont_heading">Caperlan ALUMINIUM LANDING NET Fishing ACCESSORIES 5553251</div><div class="product_grid_cont_price_outer"><div class="product_price "><span class="originalprice ">Rs 999</span>  Rs 833</div><div class="product_discount_outer"><div class="product_discount">17%</div></div></div><div class="cod-ico"><label class="lang">Cash on Delivery Available</label></div></a>
<a categoryid="159" class="hit-ss-logger" href="http://www.snapdeal.com/product/caperlan-fishing-bigrunnert40reel/1287299467?pos=31;102" ispartialsearch="false" pogid="1287299467" pos="31;102" v="p"><div alt="Caperlan Fishing  Bigrunner-T40-Reel 8206215" atl="Caperlan Fishing  Bigrunner-T40-Reel 8206215" class="product-image"><img border="0" class="" lazysrc="http://n1.sdlcdn.com/imgs/a/b/v/166x194/SDL014814323_1372769638_image1-18517.jpg" src="http://n1.sdlcdn.com/imgs/a/b/v/166x194/SDL014814323_1372769638_image1-18517.jpg" style="opacity: 1; "/></div><div class="product_grid_cont_heading">Caperlan Fishing  Bigrunner-T40-Reel 8206215</div><div class="ratingStarsSmall ratingStarsBelowTitle" style="background-position: 0px -180px;"><span> (1) </span></div><div class="product_grid_cont_price_outer"><div class="product_price "><span class="originalprice ">Rs 2699</span>  Rs 2136</div><div class="product_discount_outer"><div class="product_discount">21%</div></div></div></a>
<a categoryid="159" class="hit-ss-logger" href="http://www.snapdeal.com/product/caperlan-trand-c-fishing-accessories/1828022719?pos=32;102" ispartialsearch="false" pogid="1828022719" pos="32;102" v="p"><div alt="Caperlan TRAND C Fishing ACCESSORIES 6148101" atl="Caperlan TRAND C Fishing ACCESSORIES 6148101" class="product-image"><img border="0" class="" lazysrc="http://n3.sdlcdn.com/imgs/a/g/8/166x194/SDL625509615_1391774385_image1-e49b8.jpg" src="http://n3.sdlcdn.com/imgs/a/g/8/166x194/SDL625509615_1391774385_image1-e49b8.jpg" style="opacity: 1; "/></div><div class="product_grid_cont_heading">Caperlan TRAND C Fishing ACCESSORIES 6148101</div><div class="product_grid_cont_price_outer"><div class="product_price "><span class="originalprice ">Rs 3299</span>  Rs 3081</div><div class="product_discount_outer"><div class="product_discount">7%</div></div></div><div class="cod-ico"><label class="lang">Cash on Delivery Available</label></div></a>
<a categoryid="159" class="hit-ss-logger" href="http://www.snapdeal.com/product/caperlan-simplyfish130-fishing-kit/484105337?pos=33;102" ispartialsearch="false" pogid="484105337" pos="33;102" v="p"><div alt="Caperlan Simplyfish-130 Fishing  Kit 8191539" atl="Caperlan Simplyfish-130 Fishing  Kit 8191539" class="product-image"><img border="0" class="" lazysrc="http://n1.sdlcdn.com/imgs/a/d/n/166x194/SDL773608208_1378879824_image1-b7e4d.jpg" src="http://n1.sdlcdn.com/imgs/a/d/n/166x194/SDL773608208_1378879824_image1-b7e4d.jpg" style="opacity: 1; "/></div><div class="product_grid_cont_heading">Caperlan Simplyfish-130 Fishing  Kit 8191539</div><div class="ratingStarsSmall ratingStarsBelowTitle" style="background-position: 0px -108px;"><span> (1) </span></div><div class="product_grid_cont_price_outer"><div class="product_price "><span class="originalprice ">Rs 2199</span>  Rs 1660</div><div class="product_discount_outer"><div class="product_discount">25%</div></div></div><div class="cod-ico"><label class="lang">Cash on Delivery Available</label></div></a>
<a categoryid="159" class="hit-ss-logger" href="http://www.snapdeal.com/product/caperlan-position-100-fishing-accessories/469261653?pos=34;102" ispartialsearch="false" pogid="469261653" pos="34;102" v="p"><div alt="Caperlan POSITION 100 Fishing ACCESSORIES 4442530" atl="Caperlan POSITION 100 Fishing ACCESSORIES 4442530" class="product-image"><img border="0" class="" lazysrc="http://n2.sdlcdn.com/imgs/a/g/8/166x194/SDL522200475_1391773617_image1-1bae3.jpg" src="http://n2.sdlcdn.com/imgs/a/g/8/166x194/SDL522200475_1391773617_image1-1bae3.jpg" style="opacity: 1; "/></div><div class="product_grid_cont_heading">Caperlan POSITION 100 Fishing ACCESSORIES 4442530</div><div class="product_grid_cont_price_outer"><div class="product_price "><span class="originalprice ">Rs 699</span>  Rs 491</div><div class="product_discount_outer"><div class="product_discount">30%</div></div></div><div class="cod-ico"><label class="lang">Cash on Delivery Available</label></div></a>
<a categoryid="159" class="hit-ss-logger" href="http://www.snapdeal.com/product/caperlan-float-set-fishing-accessories/395470326?pos=35;102" ispartialsearch="false" pogid="395470326" pos="35;102" v="p"><div alt="Caperlan FLOAT SET Fishing ACCESSORIES 4445017" atl="Caperlan FLOAT SET Fishing ACCESSORIES 4445017" class="product-image"><img border="0" class="" lazysrc="http://n1.sdlcdn.com/imgs/a/g/8/166x194/SDL789765552_1391774361_image1-bedae.jpg" src="http://n1.sdlcdn.com/imgs/a/g/8/166x194/SDL789765552_1391774361_image1-bedae.jpg" style="opacity: 1; "/></div><div class="product_grid_cont_heading">Caperlan FLOAT SET Fishing ACCESSORIES 4445017</div><div class="product_grid_cont_price_outer"><div class="product_price "><span class="originalprice ">Rs 1599</span>  Rs 925</div><div class="product_discount_outer"><div class="product_discount">42%</div></div></div><div class="cod-ico"><label class="lang">Cash on Delivery Available</label></div></a>
<a categoryid="159" class="hit-ss-logger" href="http://www.snapdeal.com/product/caperlan-fluo-fishing-line-fishing/313496247?pos=36;102" ispartialsearch="false" pogid="313496247" pos="36;102" v="p"><div alt="Caperlan FLUO FISHING LINE Fishing ACCESSORIES 8211792" atl="Caperlan FLUO FISHING LINE Fishing ACCESSORIES 8211792" class="product-image"><img border="0" class="" lazysrc="http://n1.sdlcdn.com/imgs/a/g/8/166x194/SDL116092899_1391774419_image1-d0039.jpg" src="http://n1.sdlcdn.com/imgs/a/g/8/166x194/SDL116092899_1391774419_image1-d0039.jpg" style="opacity: 1; "/></div><div class="product_grid_cont_heading">Caperlan FLUO FISHING LINE Fishing ACCESSORIES 8211792</div><div class="product_grid_cont_price_outer"><div class="product_price "><span class="originalprice ">Rs 599</span>  Rs 439</div><div class="product_discount_outer"><div class="product_discount">27%</div></div></div><div class="cod-ico"><label class="lang">Cash on Delivery Available</label></div></a>
<a categoryid="159" class="hit-ss-logger" href="http://www.snapdeal.com/product/caperlan-fishing-fishingseat-camping-furniture/334689019?pos=37;102" ispartialsearch="false" pogid="334689019" pos="37;102" v="p"><div alt="Caperlan Fishing Fishing-Seat  Camping Furniture 8020178" atl="Caperlan Fishing Fishing-Seat  Camping Furniture 8020178" class="product-image"><img border="0" class="" lazysrc="http://n2.sdlcdn.com/imgs/a/d/b/166x194/SDL781107534_1376636159_image1-fa87f.jpg" src="http://n2.sdlcdn.com/imgs/a/d/b/166x194/SDL781107534_1376636159_image1-fa87f.jpg" style="opacity: 1; "/></div><div class="product_grid_cont_heading">Caperlan Fishing Fishing-Seat  Camping Furniture 8020178</div><div class="product_grid_cont_price_outer"><div class="product_price "><span class="originalprice ">Rs 8999</span>  Rs 7775</div><div class="product_discount_outer"><div class="product_discount">14%</div></div></div></a>
<a categoryid="159" class="hit-ss-logger" href="http://www.snapdeal.com/product/caperlan-sea50reel-fishing-reels/301482712?pos=38;102" ispartialsearch="false" pogid="301482712" pos="38;102" v="p"><div alt="Caperlan Sea-50-Reel Fishing Reels 8167620" atl="Caperlan Sea-50-Reel Fishing Reels 8167620" class="product-image"><img border="0" class="" lazysrc="http://n3.sdlcdn.com/imgs/a/d/n/166x194/SDL770411565_1378879819_image1-6e387.jpg" src="http://n3.sdlcdn.com/imgs/a/d/n/166x194/SDL770411565_1378879819_image1-6e387.jpg" style="opacity: 1; "/></div><div class="product_grid_cont_heading">Caperlan Sea-50-Reel Fishing Reels 8167620</div><div class="ratingStarsSmall ratingStarsBelowTitle" style="background-position: 0px -180px;"><span> (1) </span></div><div class="product_grid_cont_price_outer"><div class="product_price "><span class="originalprice ">Rs 699</span>  Rs 635</div><div class="product_discount_outer"><div class="product_discount">9%</div></div></div><div class="cod-ico"><label class="lang">Cash on Delivery Available</label></div></a>
<a categoryid="159" class="hit-ss-logger" href="http://www.snapdeal.com/product/caperlan-illiciumjacketmale-fishing-apparel/299974396?pos=39;102" ispartialsearch="false" pogid="299974396" pos="39;102" v="p"><div alt="Caperlan Illicium-Jacket-Male  Fishing Apparel 8088697" atl="Caperlan Illicium-Jacket-Male  Fishing Apparel 8088697" class="product-image"><img border="0" class="" lazysrc="http://n1.sdlcdn.com/imgs/a/d/n/166x194/SDL640653262_1378879622_image1-fd6a8.jpg" src="http://n1.sdlcdn.com/imgs/a/d/n/166x194/SDL640653262_1378879622_image1-fd6a8.jpg" style="opacity: 1; "/></div><div class="product_grid_cont_heading">Caperlan Illicium-Jacket-Male  Fishing Apparel 8088697</div><div class="product_grid_cont_price_outer"><div class="product_price "><span class="originalprice ">Rs 3399</span>  Rs 2359</div><div class="product_discount_outer"><div class="product_discount">31%</div></div></div><div class="cod-ico"><label class="lang">Cash on Delivery Available</label></div></a>
