http://www.snapdeal.com/product/protoner-weight-lifting-home-gym/953745118?pos=0;263
http://www.snapdeal.com/product/gofitindia-imported-iron-gym/760340?pos=1;263
http://www.snapdeal.com/product/bodyfit-weight-lifting-home-gym/478953209?pos=2;263
http://www.snapdeal.com/product/gofitindia-imported-hard-chrome-pull/760341?pos=3;263
http://www.snapdeal.com/product/protoner-imported-iron-gym/1373083?pos=4;263
http://www.snapdeal.com/product/bodyfit-weight-lifting-home-gym/1554765464?pos=5;263
http://www.snapdeal.com/product/power-38-kg-weight-lifting/1336409913?pos=6;263
http://www.snapdeal.com/product/gofitindia-door-or-wall-gym/623987?pos=7;263
http://www.snapdeal.com/product/bodyfit-100-kg-weight-lifting/2063556681?pos=8;263
http://www.snapdeal.com/product/bodyfit-weight-lifting-home-gym/210625182?pos=9;263
http://www.snapdeal.com/product/bodyfit-8-kg-rubber-dumbells/500644460?pos=10;263
http://www.snapdeal.com/product/bhaseens-weight-lifting-adjustable-dumbells/1467319?pos=11;263
http://www.snapdeal.com/product/bodyfit-weight-lifting-home-gym/697010129?pos=12;263
http://www.snapdeal.com/product/bodyfit-weight-lifting-home-gym/1155344368?pos=13;263
http://www.snapdeal.com/product/protoner-weight-lifting-home-gym/1089524207?pos=14;263
