http://www.snapdeal.com/product/cliff-climbers-sleeping-bag-cocoon/1172688430?pos=0;72
http://www.snapdeal.com/product/cliff-climbers-sleeping-bag-abeto/1407508371?pos=1;72
http://www.snapdeal.com/product/ess-aar-sleeping-bag-nepal/1403420351?pos=2;72
http://www.snapdeal.com/product/quechua-s15lightrightzip-hiking-sleeping-bag/1412883?pos=3;72
http://www.snapdeal.com/product/quechua-s0lightleftzip-hiking-sleeping-bag/1412885?pos=4;72
http://www.snapdeal.com/product/quechua-s5lightrightzip-hiking-sleeping-bag/1412884?pos=5;72
http://www.snapdeal.com/product/quechua-s10lightleftzip-hiking-sleeping-bag/1412886?pos=6;72
http://www.snapdeal.com/product/quechua-s5lightleftzip-hiking-sleeping-bags/1412891?pos=7;72
http://www.snapdeal.com/product/quechua-s0lightrightzip-hiking-sleeping-bag/1412890?pos=8;72
http://www.snapdeal.com/product/quechua-s10lightrightzip-hiking-sleeping-bag/1412892?pos=9;72
http://www.snapdeal.com/product/quechua-s15lightleftzip-hiking-sleeping-bag/1412895?pos=10;72
http://www.snapdeal.com/product/quechua-s5lightleftzip-hiking-sleeping-bags/1412894?pos=11;72
http://www.snapdeal.com/product/cliff-climbers-sleeping-bag-alpine/1417907321?pos=12;72
http://www.snapdeal.com/product/ess-aar-sleeping-bag-down/1318555488?pos=13;72
http://www.snapdeal.com/product/ess-aar-sleeping-bag-nepal/1721247727?pos=14;72
http://www.snapdeal.com/product/ess-aar-sleeping-bag-mummy/1753578250?pos=15;72
http://www.snapdeal.com/product/quechua-hiking-squarecottonliner-sleeping-bags/163358621?pos=16;72
http://www.snapdeal.com/product/quechua-m100-mat-l-hiking/151843?pos=17;72
http://www.snapdeal.com/product/ess-aar-sleeping-bag-yeti/1686214703?pos=18;72
http://www.snapdeal.com/product/cliff-climbers-sleeping-bag-chamonix/1451238867?pos=19;72
